--------------------------------------------------------
--  파일이 생성됨 - 화요일-2월-21-2017   
--------------------------------------------------------
--------------------------------------------------------
--  DDL for Table CHAT_ROOM_LIST
--------------------------------------------------------

  CREATE TABLE "CHAT_ROOM_LIST" 
   (	"CHAT_ROOM_NUM" NUMBER, 
	"GROUP_NUM" NUMBER
   ) SEGMENT CREATION IMMEDIATE 
  PCTFREE 10 PCTUSED 40 INITRANS 1 MAXTRANS 255 NOCOMPRESS LOGGING
  STORAGE(INITIAL 65536 NEXT 1048576 MINEXTENTS 1 MAXEXTENTS 2147483645
  PCTINCREASE 0 FREELISTS 1 FREELIST GROUPS 1 BUFFER_POOL DEFAULT FLASH_CACHE DEFAULT CELL_FLASH_CACHE DEFAULT)
  TABLESPACE "USERS" ;
--------------------------------------------------------
--  DDL for Table CHECK_PRESENT
--------------------------------------------------------

  CREATE TABLE "CHECK_PRESENT" 
   (	"PRESENT_NUM" NUMBER, 
	"PRESENT_DATE" TIMESTAMP (6), 
	"MEM_ID" VARCHAR2(40 BYTE), 
	"GROUP_NUM" NUMBER
   ) SEGMENT CREATION IMMEDIATE 
  PCTFREE 10 PCTUSED 40 INITRANS 1 MAXTRANS 255 NOCOMPRESS LOGGING
  STORAGE(INITIAL 65536 NEXT 1048576 MINEXTENTS 1 MAXEXTENTS 2147483645
  PCTINCREASE 0 FREELISTS 1 FREELIST GROUPS 1 BUFFER_POOL DEFAULT FLASH_CACHE DEFAULT CELL_FLASH_CACHE DEFAULT)
  TABLESPACE "USERS" ;
--------------------------------------------------------
--  DDL for Table EVEJOIN_LIST
--------------------------------------------------------

  CREATE TABLE "EVEJOIN_LIST" 
   (	"EVEJOIN_NUM" NUMBER, 
	"MEM_ID" VARCHAR2(40 BYTE), 
	"EVENT_NUM" NUMBER
   ) SEGMENT CREATION IMMEDIATE 
  PCTFREE 10 PCTUSED 40 INITRANS 1 MAXTRANS 255 NOCOMPRESS LOGGING
  STORAGE(INITIAL 65536 NEXT 1048576 MINEXTENTS 1 MAXEXTENTS 2147483645
  PCTINCREASE 0 FREELISTS 1 FREELIST GROUPS 1 BUFFER_POOL DEFAULT FLASH_CACHE DEFAULT CELL_FLASH_CACHE DEFAULT)
  TABLESPACE "USERS" ;
--------------------------------------------------------
--  DDL for Table EVENT_LIST
--------------------------------------------------------

  CREATE TABLE "EVENT_LIST" 
   (	"EVENT_NUM" NUMBER, 
	"EVENT_TITLE" VARCHAR2(120 BYTE), 
	"EVENT_CONTENT" VARCHAR2(1000 BYTE), 
	"REG_DATE" TIMESTAMP (6), 
	"START_DATE" TIMESTAMP (6), 
	"END_DATE" TIMESTAMP (6), 
	"ING" VARCHAR2(40 BYTE), 
	"NOTI_DATE" TIMESTAMP (6), 
	"MANAGER_ID" VARCHAR2(40 BYTE), 
	"PIC_PATH" VARCHAR2(80 BYTE), 
	"PIC_NAME" VARCHAR2(80 BYTE)
   ) SEGMENT CREATION IMMEDIATE 
  PCTFREE 10 PCTUSED 40 INITRANS 1 MAXTRANS 255 NOCOMPRESS LOGGING
  STORAGE(INITIAL 65536 NEXT 1048576 MINEXTENTS 1 MAXEXTENTS 2147483645
  PCTINCREASE 0 FREELISTS 1 FREELIST GROUPS 1 BUFFER_POOL DEFAULT FLASH_CACHE DEFAULT CELL_FLASH_CACHE DEFAULT)
  TABLESPACE "USERS" ;
--------------------------------------------------------
--  DDL for Table EVENT_PIC
--------------------------------------------------------

  CREATE TABLE "EVENT_PIC" 
   (	"EVEPIC_NUM" NUMBER, 
	"EVEPIC_PATH" VARCHAR2(80 BYTE), 
	"EVEPIC_NAME" VARCHAR2(80 BYTE), 
	"EVENT_NUM" NUMBER
   ) SEGMENT CREATION IMMEDIATE 
  PCTFREE 10 PCTUSED 40 INITRANS 1 MAXTRANS 255 NOCOMPRESS LOGGING
  STORAGE(INITIAL 65536 NEXT 1048576 MINEXTENTS 1 MAXEXTENTS 2147483645
  PCTINCREASE 0 FREELISTS 1 FREELIST GROUPS 1 BUFFER_POOL DEFAULT FLASH_CACHE DEFAULT CELL_FLASH_CACHE DEFAULT)
  TABLESPACE "USERS" ;
--------------------------------------------------------
--  DDL for Table EVENT_WINNING_LIST
--------------------------------------------------------

  CREATE TABLE "EVENT_WINNING_LIST" 
   (	"WINNING_NUM" NUMBER, 
	"WINNING_TITLE" VARCHAR2(160 BYTE), 
	"WINNING_CONTENT" VARCHAR2(800 BYTE), 
	"REG_DATE" TIMESTAMP (6), 
	"HIT" NUMBER, 
	"EVENT_NUM" NUMBER
   ) SEGMENT CREATION IMMEDIATE 
  PCTFREE 10 PCTUSED 40 INITRANS 1 MAXTRANS 255 NOCOMPRESS LOGGING
  STORAGE(INITIAL 65536 NEXT 1048576 MINEXTENTS 1 MAXEXTENTS 2147483645
  PCTINCREASE 0 FREELISTS 1 FREELIST GROUPS 1 BUFFER_POOL DEFAULT FLASH_CACHE DEFAULT CELL_FLASH_CACHE DEFAULT)
  TABLESPACE "USERS" ;
--------------------------------------------------------
--  DDL for Table FAQ
--------------------------------------------------------

  CREATE TABLE "FAQ" 
   (	"FAQ_NUM" NUMBER, 
	"FAQ_TITLE" VARCHAR2(120 BYTE), 
	"FAQ_CONTENT" VARCHAR2(4000 BYTE), 
	"FAQ_DATE" TIMESTAMP (6), 
	"MANAGER_ID" VARCHAR2(40 BYTE), 
	"CATEGORY_NAME" VARCHAR2(40 BYTE)
   ) SEGMENT CREATION IMMEDIATE 
  PCTFREE 10 PCTUSED 40 INITRANS 1 MAXTRANS 255 NOCOMPRESS LOGGING
  STORAGE(INITIAL 65536 NEXT 1048576 MINEXTENTS 1 MAXEXTENTS 2147483645
  PCTINCREASE 0 FREELISTS 1 FREELIST GROUPS 1 BUFFER_POOL DEFAULT FLASH_CACHE DEFAULT CELL_FLASH_CACHE DEFAULT)
  TABLESPACE "USERS" ;
--------------------------------------------------------
--  DDL for Table FAQ_CATEGORY
--------------------------------------------------------

  CREATE TABLE "FAQ_CATEGORY" 
   (	"CATEGORY_NUM" NUMBER, 
	"CATEGORY_NAME" VARCHAR2(40 BYTE)
   ) SEGMENT CREATION IMMEDIATE 
  PCTFREE 10 PCTUSED 40 INITRANS 1 MAXTRANS 255 NOCOMPRESS LOGGING
  STORAGE(INITIAL 65536 NEXT 1048576 MINEXTENTS 1 MAXEXTENTS 2147483645
  PCTINCREASE 0 FREELISTS 1 FREELIST GROUPS 1 BUFFER_POOL DEFAULT FLASH_CACHE DEFAULT CELL_FLASH_CACHE DEFAULT)
  TABLESPACE "USERS" ;
--------------------------------------------------------
--  DDL for Table GREETING_BOARD
--------------------------------------------------------

  CREATE TABLE "GREETING_BOARD" 
   (	"GREETING_NUM" NUMBER, 
	"GREETING_TITLE" VARCHAR2(120 BYTE), 
	"GREETING_CONTENT" VARCHAR2(4000 BYTE), 
	"GREETING_DATE" TIMESTAMP (6), 
	"GREETING_HIT" NUMBER, 
	"LIKE_NUM" NUMBER, 
	"MEM_ID" VARCHAR2(40 BYTE), 
	"GROUP_NUM" NUMBER
   ) SEGMENT CREATION IMMEDIATE 
  PCTFREE 10 PCTUSED 40 INITRANS 1 MAXTRANS 255 NOCOMPRESS LOGGING
  STORAGE(INITIAL 65536 NEXT 1048576 MINEXTENTS 1 MAXEXTENTS 2147483645
  PCTINCREASE 0 FREELISTS 1 FREELIST GROUPS 1 BUFFER_POOL DEFAULT FLASH_CACHE DEFAULT CELL_FLASH_CACHE DEFAULT)
  TABLESPACE "USERS" ;
--------------------------------------------------------
--  DDL for Table GREETING_REPLY
--------------------------------------------------------

  CREATE TABLE "GREETING_REPLY" 
   (	"GRE_REPLY_NUM" NUMBER, 
	"GRE_REPLY_CONTENT" VARCHAR2(400 BYTE), 
	"GRE_REPLY_DATE" TIMESTAMP (6), 
	"MEM_ID" VARCHAR2(40 BYTE), 
	"GREETING_NUM" NUMBER
   ) SEGMENT CREATION IMMEDIATE 
  PCTFREE 10 PCTUSED 40 INITRANS 1 MAXTRANS 255 NOCOMPRESS LOGGING
  STORAGE(INITIAL 65536 NEXT 1048576 MINEXTENTS 1 MAXEXTENTS 2147483645
  PCTINCREASE 0 FREELISTS 1 FREELIST GROUPS 1 BUFFER_POOL DEFAULT FLASH_CACHE DEFAULT CELL_FLASH_CACHE DEFAULT)
  TABLESPACE "USERS" ;
--------------------------------------------------------
--  DDL for Table GROUP_LEADER_NOTI
--------------------------------------------------------

  CREATE TABLE "GROUP_LEADER_NOTI" 
   (	"NOTI_NUM" NUMBER, 
	"NOTI_CONTENT" VARCHAR2(200 BYTE), 
	"IS_CHECKED" VARCHAR2(40 BYTE), 
	"NOTI_DATE" TIMESTAMP (6), 
	"GROUP_NUM" NUMBER, 
	"MEM_ID" VARCHAR2(40 BYTE)
   ) SEGMENT CREATION IMMEDIATE 
  PCTFREE 10 PCTUSED 40 INITRANS 1 MAXTRANS 255 NOCOMPRESS LOGGING
  STORAGE(INITIAL 65536 NEXT 1048576 MINEXTENTS 1 MAXEXTENTS 2147483645
  PCTINCREASE 0 FREELISTS 1 FREELIST GROUPS 1 BUFFER_POOL DEFAULT FLASH_CACHE DEFAULT CELL_FLASH_CACHE DEFAULT)
  TABLESPACE "USERS" ;
--------------------------------------------------------
--  DDL for Table GROUP_LIST
--------------------------------------------------------

  CREATE TABLE "GROUP_LIST" 
   (	"GROUP_NUM" NUMBER, 
	"GROUP_NAME" VARCHAR2(80 BYTE), 
	"GROUP_MEM_CNT" NUMBER, 
	"GROUP_INTE1" VARCHAR2(40 BYTE), 
	"GROUP_INTE2" VARCHAR2(40 BYTE), 
	"GROUP_LOCATION" VARCHAR2(80 BYTE), 
	"GROUP_INTRO" VARCHAR2(800 BYTE), 
	"REG_DATE" TIMESTAMP (6)
   ) SEGMENT CREATION IMMEDIATE 
  PCTFREE 10 PCTUSED 40 INITRANS 1 MAXTRANS 255 NOCOMPRESS LOGGING
  STORAGE(INITIAL 65536 NEXT 1048576 MINEXTENTS 1 MAXEXTENTS 2147483645
  PCTINCREASE 0 FREELISTS 1 FREELIST GROUPS 1 BUFFER_POOL DEFAULT FLASH_CACHE DEFAULT CELL_FLASH_CACHE DEFAULT)
  TABLESPACE "USERS" ;
--------------------------------------------------------
--  DDL for Table GROUP_NOTICE
--------------------------------------------------------

  CREATE TABLE "GROUP_NOTICE" 
   (	"GROUP_NOTI_NUM" NUMBER, 
	"GROUP_NOTI_TITLE" VARCHAR2(120 BYTE), 
	"GROUP_NOTI_CONTENT" VARCHAR2(4000 BYTE), 
	"GROUP_NOTI_DATE" TIMESTAMP (6), 
	"HIT" NUMBER, 
	"MEM_ID" VARCHAR2(40 BYTE), 
	"GROUP_NUM" NUMBER
   ) SEGMENT CREATION IMMEDIATE 
  PCTFREE 10 PCTUSED 40 INITRANS 1 MAXTRANS 255 NOCOMPRESS LOGGING
  STORAGE(INITIAL 65536 NEXT 1048576 MINEXTENTS 1 MAXEXTENTS 2147483645
  PCTINCREASE 0 FREELISTS 1 FREELIST GROUPS 1 BUFFER_POOL DEFAULT FLASH_CACHE DEFAULT CELL_FLASH_CACHE DEFAULT)
  TABLESPACE "USERS" ;
--------------------------------------------------------
--  DDL for Table INTEREST_CAT
--------------------------------------------------------

  CREATE TABLE "INTEREST_CAT" 
   (	"INTER_NUM" NUMBER, 
	"INTER_FIRST" VARCHAR2(40 BYTE), 
	"INTER_SECOND" VARCHAR2(40 BYTE), 
	"MEM_ID" VARCHAR2(40 BYTE)
   ) SEGMENT CREATION IMMEDIATE 
  PCTFREE 10 PCTUSED 40 INITRANS 1 MAXTRANS 255 NOCOMPRESS LOGGING
  STORAGE(INITIAL 65536 NEXT 1048576 MINEXTENTS 1 MAXEXTENTS 2147483645
  PCTINCREASE 0 FREELISTS 1 FREELIST GROUPS 1 BUFFER_POOL DEFAULT FLASH_CACHE DEFAULT CELL_FLASH_CACHE DEFAULT)
  TABLESPACE "USERS" ;
--------------------------------------------------------
--  DDL for Table INTEREST_GROUP
--------------------------------------------------------

  CREATE TABLE "INTEREST_GROUP" 
   (	"INTERGROUP_NUM" NUMBER, 
	"GROUP_NUM" NUMBER, 
	"MEM_ID" VARCHAR2(40 BYTE)
   ) SEGMENT CREATION IMMEDIATE 
  PCTFREE 10 PCTUSED 40 INITRANS 1 MAXTRANS 255 NOCOMPRESS LOGGING
  STORAGE(INITIAL 65536 NEXT 1048576 MINEXTENTS 1 MAXEXTENTS 2147483645
  PCTINCREASE 0 FREELISTS 1 FREELIST GROUPS 1 BUFFER_POOL DEFAULT FLASH_CACHE DEFAULT CELL_FLASH_CACHE DEFAULT)
  TABLESPACE "USERS" ;
--------------------------------------------------------
--  DDL for Table INTEREST_LOCATION
--------------------------------------------------------

  CREATE TABLE "INTEREST_LOCATION" 
   (	"INT_LOC_NUM" NUMBER, 
	"LOC_CITY" VARCHAR2(40 BYTE), 
	"LOC_GU" VARCHAR2(40 BYTE), 
	"MEM_ID" VARCHAR2(40 BYTE)
   ) SEGMENT CREATION IMMEDIATE 
  PCTFREE 10 PCTUSED 40 INITRANS 1 MAXTRANS 255 NOCOMPRESS LOGGING
  STORAGE(INITIAL 65536 NEXT 1048576 MINEXTENTS 1 MAXEXTENTS 2147483645
  PCTINCREASE 0 FREELISTS 1 FREELIST GROUPS 1 BUFFER_POOL DEFAULT FLASH_CACHE DEFAULT CELL_FLASH_CACHE DEFAULT)
  TABLESPACE "USERS" ;
--------------------------------------------------------
--  DDL for Table JOIN_REQUEST
--------------------------------------------------------

  CREATE TABLE "JOIN_REQUEST" 
   (	"REQUEST_NUM" NUMBER, 
	"REQUEST_DATE" TIMESTAMP (6), 
	"STATUS" VARCHAR2(60 BYTE), 
	"MEM_ID" VARCHAR2(40 BYTE), 
	"GROUP_NUM" NUMBER
   ) SEGMENT CREATION IMMEDIATE 
  PCTFREE 10 PCTUSED 40 INITRANS 1 MAXTRANS 255 NOCOMPRESS LOGGING
  STORAGE(INITIAL 65536 NEXT 1048576 MINEXTENTS 1 MAXEXTENTS 2147483645
  PCTINCREASE 0 FREELISTS 1 FREELIST GROUPS 1 BUFFER_POOL DEFAULT FLASH_CACHE DEFAULT CELL_FLASH_CACHE DEFAULT)
  TABLESPACE "USERS" ;
--------------------------------------------------------
--  DDL for Table LIKE_GREETING
--------------------------------------------------------

  CREATE TABLE "LIKE_GREETING" 
   (	"GRE_LIKE_NUM" NUMBER, 
	"MEM_ID" VARCHAR2(40 BYTE), 
	"GREETING_NUM" NUMBER
   ) SEGMENT CREATION IMMEDIATE 
  PCTFREE 10 PCTUSED 40 INITRANS 1 MAXTRANS 255 NOCOMPRESS LOGGING
  STORAGE(INITIAL 65536 NEXT 1048576 MINEXTENTS 1 MAXEXTENTS 2147483645
  PCTINCREASE 0 FREELISTS 1 FREELIST GROUPS 1 BUFFER_POOL DEFAULT FLASH_CACHE DEFAULT CELL_FLASH_CACHE DEFAULT)
  TABLESPACE "USERS" ;
--------------------------------------------------------
--  DDL for Table MAIN_PICTURE
--------------------------------------------------------

  CREATE TABLE "MAIN_PICTURE" 
   (	"MAIN_PIC_NUM" NUMBER, 
	"MAIN_PIC_PATH" VARCHAR2(80 BYTE), 
	"MAIN_PIC_NAME" VARCHAR2(80 BYTE), 
	"GROUP_NUM" NUMBER
   ) SEGMENT CREATION IMMEDIATE 
  PCTFREE 10 PCTUSED 40 INITRANS 1 MAXTRANS 255 NOCOMPRESS LOGGING
  STORAGE(INITIAL 65536 NEXT 1048576 MINEXTENTS 1 MAXEXTENTS 2147483645
  PCTINCREASE 0 FREELISTS 1 FREELIST GROUPS 1 BUFFER_POOL DEFAULT FLASH_CACHE DEFAULT CELL_FLASH_CACHE DEFAULT)
  TABLESPACE "USERS" ;
--------------------------------------------------------
--  DDL for Table MANAGER_INFO
--------------------------------------------------------

  CREATE TABLE "MANAGER_INFO" 
   (	"MANAGER_ID" VARCHAR2(40 BYTE), 
	"PASSWD" VARCHAR2(40 BYTE), 
	"NAME" VARCHAR2(20 BYTE), 
	"AUTHORITY" VARCHAR2(20 BYTE)
   ) SEGMENT CREATION IMMEDIATE 
  PCTFREE 10 PCTUSED 40 INITRANS 1 MAXTRANS 255 NOCOMPRESS LOGGING
  STORAGE(INITIAL 65536 NEXT 1048576 MINEXTENTS 1 MAXEXTENTS 2147483645
  PCTINCREASE 0 FREELISTS 1 FREELIST GROUPS 1 BUFFER_POOL DEFAULT FLASH_CACHE DEFAULT CELL_FLASH_CACHE DEFAULT)
  TABLESPACE "USERS" ;
--------------------------------------------------------
--  DDL for Table MANAGER_NOTI
--------------------------------------------------------

  CREATE TABLE "MANAGER_NOTI" 
   (	"NOTI_NUM" NUMBER, 
	"NOTI_CONTENT" VARCHAR2(120 BYTE), 
	"IS_CHECKED" VARCHAR2(40 BYTE), 
	"NOTI_DATE" TIMESTAMP (6), 
	"MANAGER_ID" VARCHAR2(40 BYTE)
   ) SEGMENT CREATION IMMEDIATE 
  PCTFREE 10 PCTUSED 40 INITRANS 1 MAXTRANS 255 NOCOMPRESS LOGGING
  STORAGE(INITIAL 65536 NEXT 1048576 MINEXTENTS 1 MAXEXTENTS 2147483645
  PCTINCREASE 0 FREELISTS 1 FREELIST GROUPS 1 BUFFER_POOL DEFAULT FLASH_CACHE DEFAULT CELL_FLASH_CACHE DEFAULT)
  TABLESPACE "USERS" ;
--------------------------------------------------------
--  DDL for Table MEETING_LIST
--------------------------------------------------------

  CREATE TABLE "MEETING_LIST" 
   (	"MEETING_NUM" NUMBER, 
	"MEETING_TITLE" VARCHAR2(120 BYTE), 
	"MEETING_DETAIL" VARCHAR2(200 BYTE), 
	"MEETING_LOC" VARCHAR2(160 BYTE), 
	"MEETING_DATE" TIMESTAMP (6), 
	"GROUP_NUM" NUMBER, 
	"MEETING_COST" NUMBER, 
	"MEETING_PERNUM" NUMBER, 
	"LOC_DETAIL" VARCHAR2(160 BYTE)
   ) SEGMENT CREATION IMMEDIATE 
  PCTFREE 10 PCTUSED 40 INITRANS 1 MAXTRANS 255 NOCOMPRESS LOGGING
  STORAGE(INITIAL 65536 NEXT 1048576 MINEXTENTS 1 MAXEXTENTS 2147483645
  PCTINCREASE 0 FREELISTS 1 FREELIST GROUPS 1 BUFFER_POOL DEFAULT FLASH_CACHE DEFAULT CELL_FLASH_CACHE DEFAULT)
  TABLESPACE "USERS" ;
--------------------------------------------------------
--  DDL for Table MEETING_POST
--------------------------------------------------------

  CREATE TABLE "MEETING_POST" 
   (	"POST_NUM" NUMBER, 
	"POST_TITLE" VARCHAR2(120 BYTE), 
	"POST_CONTENT" VARCHAR2(4000 BYTE), 
	"POST_TAG" VARCHAR2(200 BYTE), 
	"POST_DATE" TIMESTAMP (6), 
	"LIKE_NUM" NUMBER, 
	"MEM_ID" VARCHAR2(40 BYTE), 
	"GROUP_NUM" NUMBER, 
	"POST_HIT" NUMBER
   ) SEGMENT CREATION IMMEDIATE 
  PCTFREE 10 PCTUSED 40 INITRANS 1 MAXTRANS 255 NOCOMPRESS LOGGING
  STORAGE(INITIAL 65536 NEXT 1048576 MINEXTENTS 1 MAXEXTENTS 2147483645
  PCTINCREASE 0 FREELISTS 1 FREELIST GROUPS 1 BUFFER_POOL DEFAULT FLASH_CACHE DEFAULT CELL_FLASH_CACHE DEFAULT)
  TABLESPACE "USERS" ;
--------------------------------------------------------
--  DDL for Table MEETING_POST_LIKE
--------------------------------------------------------

  CREATE TABLE "MEETING_POST_LIKE" 
   (	"POST_LIKE_NUM" NUMBER, 
	"POST_NUM" NUMBER, 
	"MEM_ID" VARCHAR2(40 BYTE)
   ) SEGMENT CREATION IMMEDIATE 
  PCTFREE 10 PCTUSED 40 INITRANS 1 MAXTRANS 255 NOCOMPRESS LOGGING
  STORAGE(INITIAL 65536 NEXT 1048576 MINEXTENTS 1 MAXEXTENTS 2147483645
  PCTINCREASE 0 FREELISTS 1 FREELIST GROUPS 1 BUFFER_POOL DEFAULT FLASH_CACHE DEFAULT CELL_FLASH_CACHE DEFAULT)
  TABLESPACE "USERS" ;
--------------------------------------------------------
--  DDL for Table MEETING_POST_REPLY
--------------------------------------------------------

  CREATE TABLE "MEETING_POST_REPLY" 
   (	"POSTREP_NUM" NUMBER, 
	"REPLY_CONTENT" VARCHAR2(400 BYTE), 
	"WRITE_DATE" TIMESTAMP (6), 
	"MEM_ID" VARCHAR2(40 BYTE), 
	"POST_NUM" NUMBER
   ) SEGMENT CREATION IMMEDIATE 
  PCTFREE 10 PCTUSED 40 INITRANS 1 MAXTRANS 255 NOCOMPRESS LOGGING
  STORAGE(INITIAL 65536 NEXT 1048576 MINEXTENTS 1 MAXEXTENTS 2147483645
  PCTINCREASE 0 FREELISTS 1 FREELIST GROUPS 1 BUFFER_POOL DEFAULT FLASH_CACHE DEFAULT CELL_FLASH_CACHE DEFAULT)
  TABLESPACE "USERS" ;
--------------------------------------------------------
--  DDL for Table MEMBER_INFO
--------------------------------------------------------

  CREATE TABLE "MEMBER_INFO" 
   (	"MEM_ID" VARCHAR2(40 BYTE), 
	"PASSWD" VARCHAR2(80 BYTE), 
	"NAME" VARCHAR2(20 BYTE), 
	"ADDRESS" VARCHAR2(120 BYTE), 
	"TEL" VARCHAR2(30 BYTE), 
	"BIRTH" TIMESTAMP (6), 
	"EMAIL" VARCHAR2(60 BYTE), 
	"PROPIC_PATH" VARCHAR2(80 BYTE), 
	"PROPIC_NAME" VARCHAR2(80 BYTE), 
	"JOIN_DATE" TIMESTAMP (6), 
	"GENDER" VARCHAR2(10 BYTE)
   ) SEGMENT CREATION IMMEDIATE 
  PCTFREE 10 PCTUSED 40 INITRANS 1 MAXTRANS 255 NOCOMPRESS LOGGING
  STORAGE(INITIAL 65536 NEXT 1048576 MINEXTENTS 1 MAXEXTENTS 2147483645
  PCTINCREASE 0 FREELISTS 1 FREELIST GROUPS 1 BUFFER_POOL DEFAULT FLASH_CACHE DEFAULT CELL_FLASH_CACHE DEFAULT)
  TABLESPACE "USERS" ;
--------------------------------------------------------
--  DDL for Table MEMBER_NOTI
--------------------------------------------------------

  CREATE TABLE "MEMBER_NOTI" 
   (	"NOTI_NUM" NUMBER, 
	"NOTI_CONTENT" VARCHAR2(200 BYTE), 
	"IS_CHECKED" VARCHAR2(40 BYTE), 
	"NOTI_DATE" TIMESTAMP (6), 
	"MEM_ID" VARCHAR2(40 BYTE)
   ) SEGMENT CREATION IMMEDIATE 
  PCTFREE 10 PCTUSED 40 INITRANS 1 MAXTRANS 255 NOCOMPRESS LOGGING
  STORAGE(INITIAL 65536 NEXT 1048576 MINEXTENTS 1 MAXEXTENTS 2147483645
  PCTINCREASE 0 FREELISTS 1 FREELIST GROUPS 1 BUFFER_POOL DEFAULT FLASH_CACHE DEFAULT CELL_FLASH_CACHE DEFAULT)
  TABLESPACE "USERS" ;
--------------------------------------------------------
--  DDL for Table MSG_LIST
--------------------------------------------------------

  CREATE TABLE "MSG_LIST" 
   (	"MSG_NUM" NUMBER, 
	"MEM_ID" VARCHAR2(40 BYTE), 
	"MSG_CONTENT" VARCHAR2(1200 BYTE), 
	"MSG_DATE" TIMESTAMP (6), 
	"CHAT_ROOM_NUM" NUMBER
   ) SEGMENT CREATION IMMEDIATE 
  PCTFREE 10 PCTUSED 40 INITRANS 1 MAXTRANS 255 NOCOMPRESS LOGGING
  STORAGE(INITIAL 65536 NEXT 1048576 MINEXTENTS 1 MAXEXTENTS 2147483645
  PCTINCREASE 0 FREELISTS 1 FREELIST GROUPS 1 BUFFER_POOL DEFAULT FLASH_CACHE DEFAULT CELL_FLASH_CACHE DEFAULT)
  TABLESPACE "USERS" ;
--------------------------------------------------------
--  DDL for Table MY_GROUP
--------------------------------------------------------

  CREATE TABLE "MY_GROUP" 
   (	"MY_GROUP_NUM" NUMBER, 
	"GROUP_PER" VARCHAR2(40 BYTE), 
	"GROUP_NUM" NUMBER, 
	"MEM_ID" VARCHAR2(40 BYTE)
   ) SEGMENT CREATION IMMEDIATE 
  PCTFREE 10 PCTUSED 40 INITRANS 1 MAXTRANS 255 NOCOMPRESS LOGGING
  STORAGE(INITIAL 65536 NEXT 1048576 MINEXTENTS 1 MAXEXTENTS 2147483645
  PCTINCREASE 0 FREELISTS 1 FREELIST GROUPS 1 BUFFER_POOL DEFAULT FLASH_CACHE DEFAULT CELL_FLASH_CACHE DEFAULT)
  TABLESPACE "USERS" ;
--------------------------------------------------------
--  DDL for Table NOTI_BOARD
--------------------------------------------------------

  CREATE TABLE "NOTI_BOARD" 
   (	"NOTI_NUM" NUMBER, 
	"NOTI_TITLE" VARCHAR2(120 BYTE), 
	"NOTI_CONTENT" VARCHAR2(4000 BYTE), 
	"NOTI_DATE" TIMESTAMP (6), 
	"NOTI_HIT" NUMBER, 
	"MANAGER_ID" VARCHAR2(40 BYTE)
   ) SEGMENT CREATION IMMEDIATE 
  PCTFREE 10 PCTUSED 40 INITRANS 1 MAXTRANS 255 NOCOMPRESS LOGGING
  STORAGE(INITIAL 65536 NEXT 1048576 MINEXTENTS 1 MAXEXTENTS 2147483645
  PCTINCREASE 0 FREELISTS 1 FREELIST GROUPS 1 BUFFER_POOL DEFAULT FLASH_CACHE DEFAULT CELL_FLASH_CACHE DEFAULT)
  TABLESPACE "USERS" ;
--------------------------------------------------------
--  DDL for Table ORDER_LIST
--------------------------------------------------------

  CREATE TABLE "ORDER_LIST" 
   (	"ORDER_NUM" NUMBER, 
	"ORDER_DATE" TIMESTAMP (6), 
	"ORDER_QTY" NUMBER, 
	"MEM_ID" VARCHAR2(40 BYTE), 
	"PRODUCT_NUM" NUMBER, 
	"ORDER_STATUS" VARCHAR2(80 BYTE), 
	"PAYMENT_NUM" NUMBER, 
	"CONSULT_TITLE" VARCHAR2(120 BYTE), 
	"CONSULT_CONTENT" VARCHAR2(4000 BYTE), 
	"DEPOSITOR" VARCHAR2(40 BYTE), 
	"ACCOUNT_NUMBER" VARCHAR2(60 BYTE), 
	"BANK" VARCHAR2(40 BYTE)
   ) SEGMENT CREATION IMMEDIATE 
  PCTFREE 10 PCTUSED 40 INITRANS 1 MAXTRANS 255 NOCOMPRESS LOGGING
  STORAGE(INITIAL 65536 NEXT 1048576 MINEXTENTS 1 MAXEXTENTS 2147483645
  PCTINCREASE 0 FREELISTS 1 FREELIST GROUPS 1 BUFFER_POOL DEFAULT FLASH_CACHE DEFAULT CELL_FLASH_CACHE DEFAULT)
  TABLESPACE "USERS" ;
--------------------------------------------------------
--  DDL for Table PAYMENT_LIST
--------------------------------------------------------

  CREATE TABLE "PAYMENT_LIST" 
   (	"PAYMENT_NUM" NUMBER, 
	"RECEIVER_NAME" VARCHAR2(40 BYTE), 
	"ADDRESS" VARCHAR2(120 BYTE), 
	"TEL1" VARCHAR2(40 BYTE), 
	"TEL2" VARCHAR2(40 BYTE), 
	"DELIVERY_REQUEST" VARCHAR2(200 BYTE), 
	"PAYMENT_MEANS" VARCHAR2(40 BYTE), 
	"PAYMENT_AMOUNT" NUMBER, 
	"MEM_ID" VARCHAR2(40 BYTE)
   ) SEGMENT CREATION IMMEDIATE 
  PCTFREE 10 PCTUSED 40 INITRANS 1 MAXTRANS 255 NOCOMPRESS LOGGING
  STORAGE(INITIAL 65536 NEXT 1048576 MINEXTENTS 1 MAXEXTENTS 2147483645
  PCTINCREASE 0 FREELISTS 1 FREELIST GROUPS 1 BUFFER_POOL DEFAULT FLASH_CACHE DEFAULT CELL_FLASH_CACHE DEFAULT)
  TABLESPACE "USERS" ;
--------------------------------------------------------
--  DDL for Table PLACE_INFO
--------------------------------------------------------

  CREATE TABLE "PLACE_INFO" 
   (	"PLACE_NUM" NUMBER, 
	"PLACE_NAME" VARCHAR2(80 BYTE), 
	"PLACE_ADDRESS" VARCHAR2(160 BYTE), 
	"PLACE_DETAIL" VARCHAR2(4000 BYTE), 
	"PLACE_LINK" VARCHAR2(120 BYTE)
   ) SEGMENT CREATION IMMEDIATE 
  PCTFREE 10 PCTUSED 40 INITRANS 1 MAXTRANS 255 NOCOMPRESS LOGGING
  STORAGE(INITIAL 65536 NEXT 1048576 MINEXTENTS 1 MAXEXTENTS 2147483645
  PCTINCREASE 0 FREELISTS 1 FREELIST GROUPS 1 BUFFER_POOL DEFAULT FLASH_CACHE DEFAULT CELL_FLASH_CACHE DEFAULT)
  TABLESPACE "USERS" ;
--------------------------------------------------------
--  DDL for Table PLACE_LIKE
--------------------------------------------------------

  CREATE TABLE "PLACE_LIKE" 
   (	"PLALIKE_NUM" NUMBER, 
	"RECPLA_NUM" NUMBER, 
	"MEM_ID" VARCHAR2(40 BYTE)
   ) SEGMENT CREATION IMMEDIATE 
  PCTFREE 10 PCTUSED 40 INITRANS 1 MAXTRANS 255 NOCOMPRESS LOGGING
  STORAGE(INITIAL 65536 NEXT 1048576 MINEXTENTS 1 MAXEXTENTS 2147483645
  PCTINCREASE 0 FREELISTS 1 FREELIST GROUPS 1 BUFFER_POOL DEFAULT FLASH_CACHE DEFAULT CELL_FLASH_CACHE DEFAULT)
  TABLESPACE "USERS" ;
--------------------------------------------------------
--  DDL for Table PLACE_PIC
--------------------------------------------------------

  CREATE TABLE "PLACE_PIC" 
   (	"PLACE_PIC_NUM" NUMBER, 
	"PLACE_PIC_PATH" VARCHAR2(80 BYTE), 
	"PLACE_PIC_NAME" VARCHAR2(80 BYTE), 
	"PLACE_NUM" NUMBER
   ) SEGMENT CREATION IMMEDIATE 
  PCTFREE 10 PCTUSED 40 INITRANS 1 MAXTRANS 255 NOCOMPRESS LOGGING
  STORAGE(INITIAL 65536 NEXT 1048576 MINEXTENTS 1 MAXEXTENTS 2147483645
  PCTINCREASE 0 FREELISTS 1 FREELIST GROUPS 1 BUFFER_POOL DEFAULT FLASH_CACHE DEFAULT CELL_FLASH_CACHE DEFAULT)
  TABLESPACE "USERS" ;
--------------------------------------------------------
--  DDL for Table POST_PICTURES
--------------------------------------------------------

  CREATE TABLE "POST_PICTURES" 
   (	"PIC_NUM" NUMBER, 
	"PIC_PATH" VARCHAR2(80 BYTE), 
	"PIC_NAME" VARCHAR2(80 BYTE), 
	"MEM_ID" VARCHAR2(40 BYTE), 
	"GROUP_NUM" NUMBER, 
	"POST_NUM" NUMBER
   ) SEGMENT CREATION IMMEDIATE 
  PCTFREE 10 PCTUSED 40 INITRANS 1 MAXTRANS 255 NOCOMPRESS LOGGING
  STORAGE(INITIAL 65536 NEXT 1048576 MINEXTENTS 1 MAXEXTENTS 2147483645
  PCTINCREASE 0 FREELISTS 1 FREELIST GROUPS 1 BUFFER_POOL DEFAULT FLASH_CACHE DEFAULT CELL_FLASH_CACHE DEFAULT)
  TABLESPACE "USERS" ;
--------------------------------------------------------
--  DDL for Table POST_VIDEO
--------------------------------------------------------

  CREATE TABLE "POST_VIDEO" 
   (	"VIDEO_NUM" NUMBER, 
	"VIDEO_PATH" VARCHAR2(80 BYTE), 
	"VIDEO_NAME" VARCHAR2(80 BYTE), 
	"MEM_ID" VARCHAR2(40 BYTE), 
	"GROUP_NUM" NUMBER, 
	"POST_NUM" NUMBER
   ) SEGMENT CREATION IMMEDIATE 
  PCTFREE 10 PCTUSED 40 INITRANS 1 MAXTRANS 255 NOCOMPRESS LOGGING
  STORAGE(INITIAL 65536 NEXT 1048576 MINEXTENTS 1 MAXEXTENTS 2147483645
  PCTINCREASE 0 FREELISTS 1 FREELIST GROUPS 1 BUFFER_POOL DEFAULT FLASH_CACHE DEFAULT CELL_FLASH_CACHE DEFAULT)
  TABLESPACE "USERS" ;
--------------------------------------------------------
--  DDL for Table PRESENT_PER_LIST
--------------------------------------------------------

  CREATE TABLE "PRESENT_PER_LIST" 
   (	"PRE_PER_NUM" NUMBER, 
	"MEM_ID" VARCHAR2(40 BYTE), 
	"MEETING_NUM" NUMBER
   ) SEGMENT CREATION IMMEDIATE 
  PCTFREE 10 PCTUSED 40 INITRANS 1 MAXTRANS 255 NOCOMPRESS LOGGING
  STORAGE(INITIAL 65536 NEXT 1048576 MINEXTENTS 1 MAXEXTENTS 2147483645
  PCTINCREASE 0 FREELISTS 1 FREELIST GROUPS 1 BUFFER_POOL DEFAULT FLASH_CACHE DEFAULT CELL_FLASH_CACHE DEFAULT)
  TABLESPACE "USERS" ;
--------------------------------------------------------
--  DDL for Table PRODUCT_ANS
--------------------------------------------------------

  CREATE TABLE "PRODUCT_ANS" 
   (	"ANS_NUM" NUMBER, 
	"ANS_CONTENT" VARCHAR2(1600 BYTE), 
	"ANS_DATE" TIMESTAMP (6), 
	"SELLER_ID" VARCHAR2(40 BYTE), 
	"QUE_NUM" NUMBER
   ) SEGMENT CREATION IMMEDIATE 
  PCTFREE 10 PCTUSED 40 INITRANS 1 MAXTRANS 255 NOCOMPRESS LOGGING
  STORAGE(INITIAL 65536 NEXT 1048576 MINEXTENTS 1 MAXEXTENTS 2147483645
  PCTINCREASE 0 FREELISTS 1 FREELIST GROUPS 1 BUFFER_POOL DEFAULT FLASH_CACHE DEFAULT CELL_FLASH_CACHE DEFAULT)
  TABLESPACE "USERS" ;
--------------------------------------------------------
--  DDL for Table PRODUCT_COMMENTS
--------------------------------------------------------

  CREATE TABLE "PRODUCT_COMMENTS" 
   (	"COMMENTS_NUM" NUMBER, 
	"COMMENTS_CONTENT" VARCHAR2(200 BYTE), 
	"COMMENTS_DATE" TIMESTAMP (6), 
	"STAR_POINTS" NUMBER, 
	"PRODUCT_NUM" NUMBER, 
	"MEM_ID" VARCHAR2(40 BYTE), 
	"COMMENTS_TITLE" VARCHAR2(80 BYTE)
   ) SEGMENT CREATION IMMEDIATE 
  PCTFREE 10 PCTUSED 40 INITRANS 1 MAXTRANS 255 NOCOMPRESS LOGGING
  STORAGE(INITIAL 65536 NEXT 1048576 MINEXTENTS 1 MAXEXTENTS 2147483645
  PCTINCREASE 0 FREELISTS 1 FREELIST GROUPS 1 BUFFER_POOL DEFAULT FLASH_CACHE DEFAULT CELL_FLASH_CACHE DEFAULT)
  TABLESPACE "USERS" ;
--------------------------------------------------------
--  DDL for Table PRODUCT_INFO
--------------------------------------------------------

  CREATE TABLE "PRODUCT_INFO" 
   (	"PRODUCT_NUM" NUMBER, 
	"PRODUCT_NAME" VARCHAR2(80 BYTE), 
	"PRODUCT_PRICE" NUMBER, 
	"PRODUCT_QTY" NUMBER, 
	"PRODUCT_DETAIL" VARCHAR2(1600 BYTE), 
	"SELLER_ID" VARCHAR2(40 BYTE), 
	"PRODUCT_CAT1" VARCHAR2(40 BYTE), 
	"PRODUCT_CAT2" VARCHAR2(40 BYTE)
   ) SEGMENT CREATION IMMEDIATE 
  PCTFREE 10 PCTUSED 40 INITRANS 1 MAXTRANS 255 NOCOMPRESS LOGGING
  STORAGE(INITIAL 65536 NEXT 1048576 MINEXTENTS 1 MAXEXTENTS 2147483645
  PCTINCREASE 0 FREELISTS 1 FREELIST GROUPS 1 BUFFER_POOL DEFAULT FLASH_CACHE DEFAULT CELL_FLASH_CACHE DEFAULT)
  TABLESPACE "USERS" ;
--------------------------------------------------------
--  DDL for Table PRODUCT_PIC
--------------------------------------------------------

  CREATE TABLE "PRODUCT_PIC" 
   (	"PIC_NUM" NUMBER, 
	"PIC_PATH" VARCHAR2(80 BYTE), 
	"PIC_NAME" VARCHAR2(80 BYTE), 
	"PRODUCT_NUM" NUMBER, 
	"PIC_TYPE" NUMBER
   ) SEGMENT CREATION IMMEDIATE 
  PCTFREE 10 PCTUSED 40 INITRANS 1 MAXTRANS 255 NOCOMPRESS LOGGING
  STORAGE(INITIAL 65536 NEXT 1048576 MINEXTENTS 1 MAXEXTENTS 2147483645
  PCTINCREASE 0 FREELISTS 1 FREELIST GROUPS 1 BUFFER_POOL DEFAULT FLASH_CACHE DEFAULT CELL_FLASH_CACHE DEFAULT)
  TABLESPACE "USERS" ;
--------------------------------------------------------
--  DDL for Table PRODUCT_QUE
--------------------------------------------------------

  CREATE TABLE "PRODUCT_QUE" 
   (	"QUE_NUM" NUMBER, 
	"QUE_TITLE" VARCHAR2(120 BYTE), 
	"QUE_CONTENT" VARCHAR2(1600 BYTE), 
	"QUE_DATE" TIMESTAMP (6), 
	"MEM_ID" VARCHAR2(40 BYTE), 
	"PRODUCT_NUM" NUMBER, 
	"QUE_TYPE" VARCHAR2(30 BYTE), 
	"VISIBLE" VARCHAR2(20 BYTE)
   ) SEGMENT CREATION IMMEDIATE 
  PCTFREE 10 PCTUSED 40 INITRANS 1 MAXTRANS 255 NOCOMPRESS LOGGING
  STORAGE(INITIAL 65536 NEXT 1048576 MINEXTENTS 1 MAXEXTENTS 2147483645
  PCTINCREASE 0 FREELISTS 1 FREELIST GROUPS 1 BUFFER_POOL DEFAULT FLASH_CACHE DEFAULT CELL_FLASH_CACHE DEFAULT)
  TABLESPACE "USERS" ;
--------------------------------------------------------
--  DDL for Table QNA
--------------------------------------------------------

  CREATE TABLE "QNA" 
   (	"QBOARD_NUM" NUMBER, 
	"TITLE" VARCHAR2(120 BYTE), 
	"CONTENT" VARCHAR2(4000 BYTE), 
	"WRITE_DATE" TIMESTAMP (6), 
	"HIT" NUMBER, 
	"STATUS" VARCHAR2(12 BYTE), 
	"MEM_ID" VARCHAR2(40 BYTE)
   ) SEGMENT CREATION IMMEDIATE 
  PCTFREE 10 PCTUSED 40 INITRANS 1 MAXTRANS 255 NOCOMPRESS LOGGING
  STORAGE(INITIAL 65536 NEXT 1048576 MINEXTENTS 1 MAXEXTENTS 2147483645
  PCTINCREASE 0 FREELISTS 1 FREELIST GROUPS 1 BUFFER_POOL DEFAULT FLASH_CACHE DEFAULT CELL_FLASH_CACHE DEFAULT)
  TABLESPACE "USERS" ;
--------------------------------------------------------
--  DDL for Table QNA_REPLY
--------------------------------------------------------

  CREATE TABLE "QNA_REPLY" 
   (	"REPLY_NUM" NUMBER, 
	"REPLY_CONTENT" VARCHAR2(4000 BYTE), 
	"MANAGER_ID" VARCHAR2(40 BYTE), 
	"WRITE_DATE" TIMESTAMP (6), 
	"QBOARD_NUM" NUMBER
   ) SEGMENT CREATION IMMEDIATE 
  PCTFREE 10 PCTUSED 40 INITRANS 1 MAXTRANS 255 NOCOMPRESS LOGGING
  STORAGE(INITIAL 65536 NEXT 1048576 MINEXTENTS 1 MAXEXTENTS 2147483645
  PCTINCREASE 0 FREELISTS 1 FREELIST GROUPS 1 BUFFER_POOL DEFAULT FLASH_CACHE DEFAULT CELL_FLASH_CACHE DEFAULT)
  TABLESPACE "USERS" ;
--------------------------------------------------------
--  DDL for Table REC_PLACE
--------------------------------------------------------

  CREATE TABLE "REC_PLACE" 
   (	"RECPLA_NUM" NUMBER, 
	"RECPLA_TITLE" VARCHAR2(120 BYTE), 
	"RECPLA_CONTENT" VARCHAR2(4000 BYTE), 
	"RECPLA_CATEGORY1" VARCHAR2(40 BYTE), 
	"RECPLA_CATEGORY2" VARCHAR2(40 BYTE), 
	"PLACE_NUM" NUMBER, 
	"MEM_ID" VARCHAR2(40 BYTE), 
	"RECPLA_TAG" VARCHAR2(200 BYTE)
   ) SEGMENT CREATION IMMEDIATE 
  PCTFREE 10 PCTUSED 40 INITRANS 1 MAXTRANS 255 NOCOMPRESS LOGGING
  STORAGE(INITIAL 65536 NEXT 1048576 MINEXTENTS 1 MAXEXTENTS 2147483645
  PCTINCREASE 0 FREELISTS 1 FREELIST GROUPS 1 BUFFER_POOL DEFAULT FLASH_CACHE DEFAULT CELL_FLASH_CACHE DEFAULT)
  TABLESPACE "USERS" ;
--------------------------------------------------------
--  DDL for Table REPORT_GROUP
--------------------------------------------------------

  CREATE TABLE "REPORT_GROUP" 
   (	"REPORT_NUM" NUMBER, 
	"REPORT_TITLE" VARCHAR2(160 BYTE), 
	"REPORT_CONTENT" VARCHAR2(4000 BYTE), 
	"REPORT_DATE" TIMESTAMP (6), 
	"SOL_CONTENT" VARCHAR2(2000 BYTE), 
	"SOL_STATUS" VARCHAR2(40 BYTE), 
	"SOL_DATE" TIMESTAMP (6), 
	"MANAGER_ID" VARCHAR2(40 BYTE), 
	"PIC_PATH" VARCHAR2(120 BYTE), 
	"PIC_NAME" VARCHAR2(120 BYTE), 
	"MEM_ID" VARCHAR2(40 BYTE), 
	"GROUP_NUM" NUMBER
   ) SEGMENT CREATION IMMEDIATE 
  PCTFREE 10 PCTUSED 40 INITRANS 1 MAXTRANS 255 NOCOMPRESS LOGGING
  STORAGE(INITIAL 65536 NEXT 1048576 MINEXTENTS 1 MAXEXTENTS 2147483645
  PCTINCREASE 0 FREELISTS 1 FREELIST GROUPS 1 BUFFER_POOL DEFAULT FLASH_CACHE DEFAULT CELL_FLASH_CACHE DEFAULT)
  TABLESPACE "USERS" ;
--------------------------------------------------------
--  DDL for Table SELLER_INFO
--------------------------------------------------------

  CREATE TABLE "SELLER_INFO" 
   (	"SELLER_ID" VARCHAR2(40 BYTE), 
	"TEL" VARCHAR2(40 BYTE), 
	"ADDRESS" VARCHAR2(120 BYTE), 
	"COMP_NAME" VARCHAR2(40 BYTE), 
	"BANK" VARCHAR2(40 BYTE), 
	"ACCOUNT_NUMBER" VARCHAR2(60 BYTE), 
	"DEPOSITOR" VARCHAR2(40 BYTE), 
	"REASON" VARCHAR2(4000 BYTE), 
	"REG_DATE" TIMESTAMP (6), 
	"BC_PATH" VARCHAR2(80 BYTE), 
	"BC_NAME" VARCHAR2(80 BYTE), 
	"RECOGNITION" VARCHAR2(20 BYTE)
   ) SEGMENT CREATION IMMEDIATE 
  PCTFREE 10 PCTUSED 40 INITRANS 1 MAXTRANS 255 NOCOMPRESS LOGGING
  STORAGE(INITIAL 65536 NEXT 1048576 MINEXTENTS 1 MAXEXTENTS 2147483645
  PCTINCREASE 0 FREELISTS 1 FREELIST GROUPS 1 BUFFER_POOL DEFAULT FLASH_CACHE DEFAULT CELL_FLASH_CACHE DEFAULT)
  TABLESPACE "USERS" ;
--------------------------------------------------------
--  DDL for Table SELLER_NOTI
--------------------------------------------------------

  CREATE TABLE "SELLER_NOTI" 
   (	"NOTI_NUM" NUMBER, 
	"NOTI_CONTENT" VARCHAR2(200 BYTE), 
	"IS_CHECKED" VARCHAR2(40 BYTE), 
	"NOTI_DATE" TIMESTAMP (6), 
	"SELLER_ID" VARCHAR2(40 BYTE)
   ) SEGMENT CREATION IMMEDIATE 
  PCTFREE 10 PCTUSED 40 INITRANS 1 MAXTRANS 255 NOCOMPRESS LOGGING
  STORAGE(INITIAL 65536 NEXT 1048576 MINEXTENTS 1 MAXEXTENTS 2147483645
  PCTINCREASE 0 FREELISTS 1 FREELIST GROUPS 1 BUFFER_POOL DEFAULT FLASH_CACHE DEFAULT CELL_FLASH_CACHE DEFAULT)
  TABLESPACE "USERS" ;
--------------------------------------------------------
--  DDL for Table SUGGESTION
--------------------------------------------------------

  CREATE TABLE "SUGGESTION" 
   (	"SUG_NUM" NUMBER, 
	"SUG_TITLE" VARCHAR2(160 BYTE), 
	"SUG_CONTENT" VARCHAR2(4000 BYTE), 
	"SUG_DATE" TIMESTAMP (6), 
	"RE_EMAIL" VARCHAR2(80 BYTE), 
	"SUG_STATUS" VARCHAR2(40 BYTE), 
	"MANAGER_ID" VARCHAR2(40 BYTE), 
	"SOL_CONTENT" VARCHAR2(2000 BYTE), 
	"SOL_DATE" TIMESTAMP (6), 
	"MEM_ID" VARCHAR2(40 BYTE)
   ) SEGMENT CREATION IMMEDIATE 
  PCTFREE 10 PCTUSED 40 INITRANS 1 MAXTRANS 255 NOCOMPRESS LOGGING
  STORAGE(INITIAL 65536 NEXT 1048576 MINEXTENTS 1 MAXEXTENTS 2147483645
  PCTINCREASE 0 FREELISTS 1 FREELIST GROUPS 1 BUFFER_POOL DEFAULT FLASH_CACHE DEFAULT CELL_FLASH_CACHE DEFAULT)
  TABLESPACE "USERS" ;
--------------------------------------------------------
--  DDL for Table TEMPPASSWD_LIST
--------------------------------------------------------

  CREATE TABLE "TEMPPASSWD_LIST" 
   (	"MEM_ID" VARCHAR2(40 BYTE), 
	"TEMP_PASSWD" VARCHAR2(40 BYTE)
   ) SEGMENT CREATION IMMEDIATE 
  PCTFREE 10 PCTUSED 40 INITRANS 1 MAXTRANS 255 NOCOMPRESS LOGGING
  STORAGE(INITIAL 65536 NEXT 1048576 MINEXTENTS 1 MAXEXTENTS 2147483645
  PCTINCREASE 0 FREELISTS 1 FREELIST GROUPS 1 BUFFER_POOL DEFAULT FLASH_CACHE DEFAULT CELL_FLASH_CACHE DEFAULT)
  TABLESPACE "USERS" ;
--------------------------------------------------------
--  DDL for Table WINNING_PER_LIST
--------------------------------------------------------

  CREATE TABLE "WINNING_PER_LIST" 
   (	"WIN_PER_NUM" NUMBER, 
	"MEM_ID" VARCHAR2(40 BYTE), 
	"WINNING_NUM" NUMBER
   ) SEGMENT CREATION IMMEDIATE 
  PCTFREE 10 PCTUSED 40 INITRANS 1 MAXTRANS 255 NOCOMPRESS LOGGING
  STORAGE(INITIAL 65536 NEXT 1048576 MINEXTENTS 1 MAXEXTENTS 2147483645
  PCTINCREASE 0 FREELISTS 1 FREELIST GROUPS 1 BUFFER_POOL DEFAULT FLASH_CACHE DEFAULT CELL_FLASH_CACHE DEFAULT)
  TABLESPACE "USERS" ;
--------------------------------------------------------
--  DDL for Table WORDCLOUD_LIST
--------------------------------------------------------

  CREATE TABLE "WORDCLOUD_LIST" 
   (	"WORD" VARCHAR2(60 BYTE), 
	"COUNT" NUMBER, 
	"PART_OF_SPEECH" VARCHAR2(40 BYTE), 
	"UPDATE_DATE" TIMESTAMP (6), 
	"REG_DATE" TIMESTAMP (6)
   ) SEGMENT CREATION IMMEDIATE 
  PCTFREE 10 PCTUSED 40 INITRANS 1 MAXTRANS 255 NOCOMPRESS LOGGING
  STORAGE(INITIAL 65536 NEXT 1048576 MINEXTENTS 1 MAXEXTENTS 2147483645
  PCTINCREASE 0 FREELISTS 1 FREELIST GROUPS 1 BUFFER_POOL DEFAULT FLASH_CACHE DEFAULT CELL_FLASH_CACHE DEFAULT)
  TABLESPACE "USERS" ;
REM INSERTING into CHAT_ROOM_LIST
SET DEFINE OFF;
Insert into CHAT_ROOM_LIST (CHAT_ROOM_NUM,GROUP_NUM) values (110,230);
Insert into CHAT_ROOM_LIST (CHAT_ROOM_NUM,GROUP_NUM) values (41,161);
Insert into CHAT_ROOM_LIST (CHAT_ROOM_NUM,GROUP_NUM) values (42,162);
Insert into CHAT_ROOM_LIST (CHAT_ROOM_NUM,GROUP_NUM) values (43,163);
Insert into CHAT_ROOM_LIST (CHAT_ROOM_NUM,GROUP_NUM) values (44,164);
Insert into CHAT_ROOM_LIST (CHAT_ROOM_NUM,GROUP_NUM) values (51,171);
Insert into CHAT_ROOM_LIST (CHAT_ROOM_NUM,GROUP_NUM) values (52,172);
Insert into CHAT_ROOM_LIST (CHAT_ROOM_NUM,GROUP_NUM) values (62,182);
Insert into CHAT_ROOM_LIST (CHAT_ROOM_NUM,GROUP_NUM) values (57,177);
Insert into CHAT_ROOM_LIST (CHAT_ROOM_NUM,GROUP_NUM) values (59,179);
Insert into CHAT_ROOM_LIST (CHAT_ROOM_NUM,GROUP_NUM) values (67,187);
Insert into CHAT_ROOM_LIST (CHAT_ROOM_NUM,GROUP_NUM) values (68,188);
Insert into CHAT_ROOM_LIST (CHAT_ROOM_NUM,GROUP_NUM) values (72,192);
Insert into CHAT_ROOM_LIST (CHAT_ROOM_NUM,GROUP_NUM) values (61,181);
Insert into CHAT_ROOM_LIST (CHAT_ROOM_NUM,GROUP_NUM) values (101,221);
Insert into CHAT_ROOM_LIST (CHAT_ROOM_NUM,GROUP_NUM) values (69,189);
Insert into CHAT_ROOM_LIST (CHAT_ROOM_NUM,GROUP_NUM) values (102,222);
Insert into CHAT_ROOM_LIST (CHAT_ROOM_NUM,GROUP_NUM) values (81,201);
Insert into CHAT_ROOM_LIST (CHAT_ROOM_NUM,GROUP_NUM) values (53,173);
Insert into CHAT_ROOM_LIST (CHAT_ROOM_NUM,GROUP_NUM) values (103,223);
Insert into CHAT_ROOM_LIST (CHAT_ROOM_NUM,GROUP_NUM) values (104,224);
Insert into CHAT_ROOM_LIST (CHAT_ROOM_NUM,GROUP_NUM) values (105,225);
Insert into CHAT_ROOM_LIST (CHAT_ROOM_NUM,GROUP_NUM) values (106,226);
Insert into CHAT_ROOM_LIST (CHAT_ROOM_NUM,GROUP_NUM) values (107,227);
Insert into CHAT_ROOM_LIST (CHAT_ROOM_NUM,GROUP_NUM) values (108,228);
Insert into CHAT_ROOM_LIST (CHAT_ROOM_NUM,GROUP_NUM) values (109,229);
Insert into CHAT_ROOM_LIST (CHAT_ROOM_NUM,GROUP_NUM) values (111,231);
Insert into CHAT_ROOM_LIST (CHAT_ROOM_NUM,GROUP_NUM) values (115,235);
Insert into CHAT_ROOM_LIST (CHAT_ROOM_NUM,GROUP_NUM) values (47,167);
Insert into CHAT_ROOM_LIST (CHAT_ROOM_NUM,GROUP_NUM) values (48,168);
Insert into CHAT_ROOM_LIST (CHAT_ROOM_NUM,GROUP_NUM) values (49,169);
Insert into CHAT_ROOM_LIST (CHAT_ROOM_NUM,GROUP_NUM) values (50,170);
Insert into CHAT_ROOM_LIST (CHAT_ROOM_NUM,GROUP_NUM) values (55,175);
Insert into CHAT_ROOM_LIST (CHAT_ROOM_NUM,GROUP_NUM) values (58,178);
Insert into CHAT_ROOM_LIST (CHAT_ROOM_NUM,GROUP_NUM) values (113,233);
Insert into CHAT_ROOM_LIST (CHAT_ROOM_NUM,GROUP_NUM) values (121,241);
Insert into CHAT_ROOM_LIST (CHAT_ROOM_NUM,GROUP_NUM) values (46,166);
REM INSERTING into CHECK_PRESENT
SET DEFINE OFF;
Insert into CHECK_PRESENT (PRESENT_NUM,PRESENT_DATE,MEM_ID,GROUP_NUM) values (281,to_timestamp('17/02/15 00:00:00.000000000','RR/MM/DD HH24:MI:SSXFF'),'id32',161);
Insert into CHECK_PRESENT (PRESENT_NUM,PRESENT_DATE,MEM_ID,GROUP_NUM) values (220,to_timestamp('17/02/10 00:00:00.000000000','RR/MM/DD HH24:MI:SSXFF'),'ssw',189);
Insert into CHECK_PRESENT (PRESENT_NUM,PRESENT_DATE,MEM_ID,GROUP_NUM) values (261,to_timestamp('17/02/14 00:00:00.000000000','RR/MM/DD HH24:MI:SSXFF'),'main',201);
Insert into CHECK_PRESENT (PRESENT_NUM,PRESENT_DATE,MEM_ID,GROUP_NUM) values (306,to_timestamp('17/02/16 00:00:00.000000000','RR/MM/DD HH24:MI:SSXFF'),'bbibbigi',161);
Insert into CHECK_PRESENT (PRESENT_NUM,PRESENT_DATE,MEM_ID,GROUP_NUM) values (311,to_timestamp('17/02/16 00:00:00.000000000','RR/MM/DD HH24:MI:SSXFF'),'ssw',189);
Insert into CHECK_PRESENT (PRESENT_NUM,PRESENT_DATE,MEM_ID,GROUP_NUM) values (312,to_timestamp('17/02/16 00:00:00.000000000','RR/MM/DD HH24:MI:SSXFF'),'main',225);
Insert into CHECK_PRESENT (PRESENT_NUM,PRESENT_DATE,MEM_ID,GROUP_NUM) values (352,to_timestamp('17/02/20 00:00:00.000000000','RR/MM/DD HH24:MI:SSXFF'),'ssw',192);
Insert into CHECK_PRESENT (PRESENT_NUM,PRESENT_DATE,MEM_ID,GROUP_NUM) values (353,to_timestamp('17/02/20 00:00:00.000000000','RR/MM/DD HH24:MI:SSXFF'),'ssw',201);
Insert into CHECK_PRESENT (PRESENT_NUM,PRESENT_DATE,MEM_ID,GROUP_NUM) values (181,to_timestamp('17/02/10 00:00:00.000000000','RR/MM/DD HH24:MI:SSXFF'),'bbibbigi1',161);
Insert into CHECK_PRESENT (PRESENT_NUM,PRESENT_DATE,MEM_ID,GROUP_NUM) values (185,to_timestamp('17/02/10 00:00:00.000000000','RR/MM/DD HH24:MI:SSXFF'),'main',161);
Insert into CHECK_PRESENT (PRESENT_NUM,PRESENT_DATE,MEM_ID,GROUP_NUM) values (179,to_timestamp('17/02/10 00:00:00.000000000','RR/MM/DD HH24:MI:SSXFF'),'bbibbigi',161);
Insert into CHECK_PRESENT (PRESENT_NUM,PRESENT_DATE,MEM_ID,GROUP_NUM) values (180,to_timestamp('17/02/10 00:00:00.000000000','RR/MM/DD HH24:MI:SSXFF'),'park',161);
Insert into CHECK_PRESENT (PRESENT_NUM,PRESENT_DATE,MEM_ID,GROUP_NUM) values (186,to_timestamp('17/02/10 00:00:00.000000000','RR/MM/DD HH24:MI:SSXFF'),'lee32',161);
Insert into CHECK_PRESENT (PRESENT_NUM,PRESENT_DATE,MEM_ID,GROUP_NUM) values (188,to_timestamp('17/02/10 00:00:00.000000000','RR/MM/DD HH24:MI:SSXFF'),'dkraktmzl1',168);
Insert into CHECK_PRESENT (PRESENT_NUM,PRESENT_DATE,MEM_ID,GROUP_NUM) values (196,to_timestamp('17/02/10 00:00:00.000000000','RR/MM/DD HH24:MI:SSXFF'),'wjddbfk',171);
Insert into CHECK_PRESENT (PRESENT_NUM,PRESENT_DATE,MEM_ID,GROUP_NUM) values (197,to_timestamp('17/02/10 00:00:00.000000000','RR/MM/DD HH24:MI:SSXFF'),'bbibbigi',172);
Insert into CHECK_PRESENT (PRESENT_NUM,PRESENT_DATE,MEM_ID,GROUP_NUM) values (337,to_timestamp('17/02/17 00:00:00.000000000','RR/MM/DD HH24:MI:SSXFF'),'dkraktmzl1',161);
Insert into CHECK_PRESENT (PRESENT_NUM,PRESENT_DATE,MEM_ID,GROUP_NUM) values (202,to_timestamp('17/02/10 00:00:00.000000000','RR/MM/DD HH24:MI:SSXFF'),'romero',177);
Insert into CHECK_PRESENT (PRESENT_NUM,PRESENT_DATE,MEM_ID,GROUP_NUM) values (204,to_timestamp('17/02/10 00:00:00.000000000','RR/MM/DD HH24:MI:SSXFF'),'wjddbfk',179);
Insert into CHECK_PRESENT (PRESENT_NUM,PRESENT_DATE,MEM_ID,GROUP_NUM) values (211,to_timestamp('17/02/10 00:00:00.000000000','RR/MM/DD HH24:MI:SSXFF'),'dkraktmzl1',179);
Insert into CHECK_PRESENT (PRESENT_NUM,PRESENT_DATE,MEM_ID,GROUP_NUM) values (212,to_timestamp('17/02/10 00:00:00.000000000','RR/MM/DD HH24:MI:SSXFF'),'dkraktmzl1',178);
Insert into CHECK_PRESENT (PRESENT_NUM,PRESENT_DATE,MEM_ID,GROUP_NUM) values (214,to_timestamp('17/02/10 00:00:00.000000000','RR/MM/DD HH24:MI:SSXFF'),'dkraktmzl1',187);
Insert into CHECK_PRESENT (PRESENT_NUM,PRESENT_DATE,MEM_ID,GROUP_NUM) values (215,to_timestamp('17/02/10 00:00:00.000000000','RR/MM/DD HH24:MI:SSXFF'),'dkraktmzl1',188);
Insert into CHECK_PRESENT (PRESENT_NUM,PRESENT_DATE,MEM_ID,GROUP_NUM) values (216,to_timestamp('17/02/10 00:00:00.000000000','RR/MM/DD HH24:MI:SSXFF'),'dkraktmzl1',175);
Insert into CHECK_PRESENT (PRESENT_NUM,PRESENT_DATE,MEM_ID,GROUP_NUM) values (221,to_timestamp('17/02/10 00:00:00.000000000','RR/MM/DD HH24:MI:SSXFF'),'t-aitch',192);
Insert into CHECK_PRESENT (PRESENT_NUM,PRESENT_DATE,MEM_ID,GROUP_NUM) values (321,to_timestamp('17/02/17 00:00:00.000000000','RR/MM/DD HH24:MI:SSXFF'),'ssw',189);
Insert into CHECK_PRESENT (PRESENT_NUM,PRESENT_DATE,MEM_ID,GROUP_NUM) values (322,to_timestamp('17/02/17 00:00:00.000000000','RR/MM/DD HH24:MI:SSXFF'),'bbibbigi',175);
Insert into CHECK_PRESENT (PRESENT_NUM,PRESENT_DATE,MEM_ID,GROUP_NUM) values (323,to_timestamp('17/02/17 00:00:00.000000000','RR/MM/DD HH24:MI:SSXFF'),'bbibbigi',181);
Insert into CHECK_PRESENT (PRESENT_NUM,PRESENT_DATE,MEM_ID,GROUP_NUM) values (324,to_timestamp('17/02/17 00:00:00.000000000','RR/MM/DD HH24:MI:SSXFF'),'bbibbigi',161);
Insert into CHECK_PRESENT (PRESENT_NUM,PRESENT_DATE,MEM_ID,GROUP_NUM) values (325,to_timestamp('17/02/17 00:00:00.000000000','RR/MM/DD HH24:MI:SSXFF'),'main',224);
Insert into CHECK_PRESENT (PRESENT_NUM,PRESENT_DATE,MEM_ID,GROUP_NUM) values (326,to_timestamp('17/02/17 00:00:00.000000000','RR/MM/DD HH24:MI:SSXFF'),'main',223);
Insert into CHECK_PRESENT (PRESENT_NUM,PRESENT_DATE,MEM_ID,GROUP_NUM) values (327,to_timestamp('17/02/17 00:00:00.000000000','RR/MM/DD HH24:MI:SSXFF'),'demetrios',178);
Insert into CHECK_PRESENT (PRESENT_NUM,PRESENT_DATE,MEM_ID,GROUP_NUM) values (333,to_timestamp('17/02/17 00:00:00.000000000','RR/MM/DD HH24:MI:SSXFF'),'lee32',241);
Insert into CHECK_PRESENT (PRESENT_NUM,PRESENT_DATE,MEM_ID,GROUP_NUM) values (198,to_timestamp('17/02/10 00:00:00.000000000','RR/MM/DD HH24:MI:SSXFF'),'romero',173);
Insert into CHECK_PRESENT (PRESENT_NUM,PRESENT_DATE,MEM_ID,GROUP_NUM) values (241,to_timestamp('17/02/13 00:00:00.000000000','RR/MM/DD HH24:MI:SSXFF'),'main',201);
Insert into CHECK_PRESENT (PRESENT_NUM,PRESENT_DATE,MEM_ID,GROUP_NUM) values (206,to_timestamp('17/02/10 00:00:00.000000000','RR/MM/DD HH24:MI:SSXFF'),'bbibbigi',181);
Insert into CHECK_PRESENT (PRESENT_NUM,PRESENT_DATE,MEM_ID,GROUP_NUM) values (207,to_timestamp('17/02/10 00:00:00.000000000','RR/MM/DD HH24:MI:SSXFF'),'bbibbigi1',181);
Insert into CHECK_PRESENT (PRESENT_NUM,PRESENT_DATE,MEM_ID,GROUP_NUM) values (242,to_timestamp('17/02/13 00:00:00.000000000','RR/MM/DD HH24:MI:SSXFF'),'park',161);
Insert into CHECK_PRESENT (PRESENT_NUM,PRESENT_DATE,MEM_ID,GROUP_NUM) values (282,to_timestamp('17/02/15 00:00:00.000000000','RR/MM/DD HH24:MI:SSXFF'),'dkraktmzl1',187);
Insert into CHECK_PRESENT (PRESENT_NUM,PRESENT_DATE,MEM_ID,GROUP_NUM) values (283,to_timestamp('17/02/15 00:00:00.000000000','RR/MM/DD HH24:MI:SSXFF'),'main',201);
Insert into CHECK_PRESENT (PRESENT_NUM,PRESENT_DATE,MEM_ID,GROUP_NUM) values (184,to_timestamp('17/02/10 00:00:00.000000000','RR/MM/DD HH24:MI:SSXFF'),'romero',161);
Insert into CHECK_PRESENT (PRESENT_NUM,PRESENT_DATE,MEM_ID,GROUP_NUM) values (284,to_timestamp('17/02/15 00:00:00.000000000','RR/MM/DD HH24:MI:SSXFF'),'ssw',189);
Insert into CHECK_PRESENT (PRESENT_NUM,PRESENT_DATE,MEM_ID,GROUP_NUM) values (301,to_timestamp('17/02/16 00:00:00.000000000','RR/MM/DD HH24:MI:SSXFF'),'main',201);
Insert into CHECK_PRESENT (PRESENT_NUM,PRESENT_DATE,MEM_ID,GROUP_NUM) values (302,to_timestamp('17/02/16 00:00:00.000000000','RR/MM/DD HH24:MI:SSXFF'),'dkraktmzl1',227);
Insert into CHECK_PRESENT (PRESENT_NUM,PRESENT_DATE,MEM_ID,GROUP_NUM) values (303,to_timestamp('17/02/16 00:00:00.000000000','RR/MM/DD HH24:MI:SSXFF'),'dkraktmzl1',170);
Insert into CHECK_PRESENT (PRESENT_NUM,PRESENT_DATE,MEM_ID,GROUP_NUM) values (304,to_timestamp('17/02/16 00:00:00.000000000','RR/MM/DD HH24:MI:SSXFF'),'dkraktmzl1',187);
Insert into CHECK_PRESENT (PRESENT_NUM,PRESENT_DATE,MEM_ID,GROUP_NUM) values (305,to_timestamp('17/02/16 00:00:00.000000000','RR/MM/DD HH24:MI:SSXFF'),'dkraktmzl1',230);
Insert into CHECK_PRESENT (PRESENT_NUM,PRESENT_DATE,MEM_ID,GROUP_NUM) values (307,to_timestamp('17/02/16 00:00:00.000000000','RR/MM/DD HH24:MI:SSXFF'),'dkraktmzl1',179);
Insert into CHECK_PRESENT (PRESENT_NUM,PRESENT_DATE,MEM_ID,GROUP_NUM) values (308,to_timestamp('17/02/16 00:00:00.000000000','RR/MM/DD HH24:MI:SSXFF'),'dkraktmzl1',175);
Insert into CHECK_PRESENT (PRESENT_NUM,PRESENT_DATE,MEM_ID,GROUP_NUM) values (348,to_timestamp('17/02/20 00:00:00.000000000','RR/MM/DD HH24:MI:SSXFF'),'bbibbigi',161);
Insert into CHECK_PRESENT (PRESENT_NUM,PRESENT_DATE,MEM_ID,GROUP_NUM) values (310,to_timestamp('17/02/16 00:00:00.000000000','RR/MM/DD HH24:MI:SSXFF'),'dkraktmzl1',233);
Insert into CHECK_PRESENT (PRESENT_NUM,PRESENT_DATE,MEM_ID,GROUP_NUM) values (341,to_timestamp('17/02/20 00:00:00.000000000','RR/MM/DD HH24:MI:SSXFF'),'t-aitch',192);
Insert into CHECK_PRESENT (PRESENT_NUM,PRESENT_DATE,MEM_ID,GROUP_NUM) values (343,to_timestamp('17/02/20 00:00:00.000000000','RR/MM/DD HH24:MI:SSXFF'),'main',192);
Insert into CHECK_PRESENT (PRESENT_NUM,PRESENT_DATE,MEM_ID,GROUP_NUM) values (344,to_timestamp('17/02/20 00:00:00.000000000','RR/MM/DD HH24:MI:SSXFF'),'demetrios',189);
Insert into CHECK_PRESENT (PRESENT_NUM,PRESENT_DATE,MEM_ID,GROUP_NUM) values (349,to_timestamp('17/02/20 00:00:00.000000000','RR/MM/DD HH24:MI:SSXFF'),'main',201);
Insert into CHECK_PRESENT (PRESENT_NUM,PRESENT_DATE,MEM_ID,GROUP_NUM) values (350,to_timestamp('17/02/20 00:00:00.000000000','RR/MM/DD HH24:MI:SSXFF'),'main',225);
Insert into CHECK_PRESENT (PRESENT_NUM,PRESENT_DATE,MEM_ID,GROUP_NUM) values (347,to_timestamp('17/02/20 00:00:00.000000000','RR/MM/DD HH24:MI:SSXFF'),'ssw',189);
Insert into CHECK_PRESENT (PRESENT_NUM,PRESENT_DATE,MEM_ID,GROUP_NUM) values (351,to_timestamp('17/02/20 00:00:00.000000000','RR/MM/DD HH24:MI:SSXFF'),'park',161);
Insert into CHECK_PRESENT (PRESENT_NUM,PRESENT_DATE,MEM_ID,GROUP_NUM) values (364,to_timestamp('17/02/21 00:00:00.000000000','RR/MM/DD HH24:MI:SSXFF'),'won',161);
Insert into CHECK_PRESENT (PRESENT_NUM,PRESENT_DATE,MEM_ID,GROUP_NUM) values (362,to_timestamp('17/02/21 00:00:00.000000000','RR/MM/DD HH24:MI:SSXFF'),'bbibbigi',161);
Insert into CHECK_PRESENT (PRESENT_NUM,PRESENT_DATE,MEM_ID,GROUP_NUM) values (363,to_timestamp('17/02/21 00:00:00.000000000','RR/MM/DD HH24:MI:SSXFF'),'bbibbigi1',161);
Insert into CHECK_PRESENT (PRESENT_NUM,PRESENT_DATE,MEM_ID,GROUP_NUM) values (365,to_timestamp('17/02/21 00:00:00.000000000','RR/MM/DD HH24:MI:SSXFF'),'main',201);
Insert into CHECK_PRESENT (PRESENT_NUM,PRESENT_DATE,MEM_ID,GROUP_NUM) values (366,to_timestamp('17/02/21 00:00:00.000000000','RR/MM/DD HH24:MI:SSXFF'),'bbibbigi',175);
Insert into CHECK_PRESENT (PRESENT_NUM,PRESENT_DATE,MEM_ID,GROUP_NUM) values (182,to_timestamp('17/02/10 00:00:00.000000000','RR/MM/DD HH24:MI:SSXFF'),'dkraktmzl1',162);
Insert into CHECK_PRESENT (PRESENT_NUM,PRESENT_DATE,MEM_ID,GROUP_NUM) values (187,to_timestamp('17/02/10 00:00:00.000000000','RR/MM/DD HH24:MI:SSXFF'),'dkraktmzl1',169);
Insert into CHECK_PRESENT (PRESENT_NUM,PRESENT_DATE,MEM_ID,GROUP_NUM) values (189,to_timestamp('17/02/10 00:00:00.000000000','RR/MM/DD HH24:MI:SSXFF'),'dkraktmzl1',167);
Insert into CHECK_PRESENT (PRESENT_NUM,PRESENT_DATE,MEM_ID,GROUP_NUM) values (190,to_timestamp('17/02/10 00:00:00.000000000','RR/MM/DD HH24:MI:SSXFF'),'dkraktmzl1',166);
Insert into CHECK_PRESENT (PRESENT_NUM,PRESENT_DATE,MEM_ID,GROUP_NUM) values (329,to_timestamp('17/02/17 00:00:00.000000000','RR/MM/DD HH24:MI:SSXFF'),'id32',161);
Insert into CHECK_PRESENT (PRESENT_NUM,PRESENT_DATE,MEM_ID,GROUP_NUM) values (192,to_timestamp('17/02/10 00:00:00.000000000','RR/MM/DD HH24:MI:SSXFF'),'dkraktmzl1',164);
Insert into CHECK_PRESENT (PRESENT_NUM,PRESENT_DATE,MEM_ID,GROUP_NUM) values (193,to_timestamp('17/02/10 00:00:00.000000000','RR/MM/DD HH24:MI:SSXFF'),'dkraktmzl1',163);
Insert into CHECK_PRESENT (PRESENT_NUM,PRESENT_DATE,MEM_ID,GROUP_NUM) values (194,to_timestamp('17/02/10 00:00:00.000000000','RR/MM/DD HH24:MI:SSXFF'),'wjddbfk',161);
Insert into CHECK_PRESENT (PRESENT_NUM,PRESENT_DATE,MEM_ID,GROUP_NUM) values (195,to_timestamp('17/02/10 00:00:00.000000000','RR/MM/DD HH24:MI:SSXFF'),'dkraktmzl1',170);
Insert into CHECK_PRESENT (PRESENT_NUM,PRESENT_DATE,MEM_ID,GROUP_NUM) values (200,to_timestamp('17/02/10 00:00:00.000000000','RR/MM/DD HH24:MI:SSXFF'),'bbibbigi',175);
Insert into CHECK_PRESENT (PRESENT_NUM,PRESENT_DATE,MEM_ID,GROUP_NUM) values (203,to_timestamp('17/02/10 00:00:00.000000000','RR/MM/DD HH24:MI:SSXFF'),'wjddbfk',178);
Insert into CHECK_PRESENT (PRESENT_NUM,PRESENT_DATE,MEM_ID,GROUP_NUM) values (222,to_timestamp('17/02/10 00:00:00.000000000','RR/MM/DD HH24:MI:SSXFF'),'id32',161);
Insert into CHECK_PRESENT (PRESENT_NUM,PRESENT_DATE,MEM_ID,GROUP_NUM) values (285,to_timestamp('17/02/15 00:00:00.000000000','RR/MM/DD HH24:MI:SSXFF'),'park',161);
Insert into CHECK_PRESENT (PRESENT_NUM,PRESENT_DATE,MEM_ID,GROUP_NUM) values (328,to_timestamp('17/02/17 00:00:00.000000000','RR/MM/DD HH24:MI:SSXFF'),'romero',177);
Insert into CHECK_PRESENT (PRESENT_NUM,PRESENT_DATE,MEM_ID,GROUP_NUM) values (330,to_timestamp('17/02/17 00:00:00.000000000','RR/MM/DD HH24:MI:SSXFF'),'lee32',192);
Insert into CHECK_PRESENT (PRESENT_NUM,PRESENT_DATE,MEM_ID,GROUP_NUM) values (331,to_timestamp('17/02/17 00:00:00.000000000','RR/MM/DD HH24:MI:SSXFF'),'lee32',161);
Insert into CHECK_PRESENT (PRESENT_NUM,PRESENT_DATE,MEM_ID,GROUP_NUM) values (332,to_timestamp('17/02/17 00:00:00.000000000','RR/MM/DD HH24:MI:SSXFF'),'won',161);
Insert into CHECK_PRESENT (PRESENT_NUM,PRESENT_DATE,MEM_ID,GROUP_NUM) values (334,to_timestamp('17/02/17 00:00:00.000000000','RR/MM/DD HH24:MI:SSXFF'),'t-aitch',241);
Insert into CHECK_PRESENT (PRESENT_NUM,PRESENT_DATE,MEM_ID,GROUP_NUM) values (183,to_timestamp('17/02/10 00:00:00.000000000','RR/MM/DD HH24:MI:SSXFF'),'dkraktmzl1',161);
Insert into CHECK_PRESENT (PRESENT_NUM,PRESENT_DATE,MEM_ID,GROUP_NUM) values (335,to_timestamp('17/02/17 00:00:00.000000000','RR/MM/DD HH24:MI:SSXFF'),'t-aitch',192);
REM INSERTING into EVEJOIN_LIST
SET DEFINE OFF;
Insert into EVEJOIN_LIST (EVEJOIN_NUM,MEM_ID,EVENT_NUM) values (66,'dkraktmzl2',24);
Insert into EVEJOIN_LIST (EVEJOIN_NUM,MEM_ID,EVENT_NUM) values (64,'woo',24);
Insert into EVEJOIN_LIST (EVEJOIN_NUM,MEM_ID,EVENT_NUM) values (65,'ssw',24);
Insert into EVEJOIN_LIST (EVEJOIN_NUM,MEM_ID,EVENT_NUM) values (67,'romero',24);
Insert into EVEJOIN_LIST (EVEJOIN_NUM,MEM_ID,EVENT_NUM) values (68,'wjddbfk',24);
Insert into EVEJOIN_LIST (EVEJOIN_NUM,MEM_ID,EVENT_NUM) values (69,'park',24);
Insert into EVEJOIN_LIST (EVEJOIN_NUM,MEM_ID,EVENT_NUM) values (42,'gildong',24);
Insert into EVEJOIN_LIST (EVEJOIN_NUM,MEM_ID,EVENT_NUM) values (22,'bbibbigi',24);
Insert into EVEJOIN_LIST (EVEJOIN_NUM,MEM_ID,EVENT_NUM) values (62,'t-aitch',24);
Insert into EVEJOIN_LIST (EVEJOIN_NUM,MEM_ID,EVENT_NUM) values (43,'lee32',24);
Insert into EVEJOIN_LIST (EVEJOIN_NUM,MEM_ID,EVENT_NUM) values (61,'main',24);
Insert into EVEJOIN_LIST (EVEJOIN_NUM,MEM_ID,EVENT_NUM) values (63,'yura',24);
Insert into EVEJOIN_LIST (EVEJOIN_NUM,MEM_ID,EVENT_NUM) values (86,'lee32',42);
REM INSERTING into EVENT_LIST
SET DEFINE OFF;
Insert into EVENT_LIST (EVENT_NUM,EVENT_TITLE,EVENT_CONTENT,REG_DATE,START_DATE,END_DATE,ING,NOTI_DATE,MANAGER_ID,PIC_PATH,PIC_NAME) values (22,'이벤트해요','할게요',to_timestamp('17/02/03 16:35:19.937000000','RR/MM/DD HH24:MI:SSXFF'),to_timestamp('17/02/03 00:00:00.000000000','RR/MM/DD HH24:MI:SSXFF'),to_timestamp('17/02/04 00:00:00.000000000','RR/MM/DD HH24:MI:SSXFF'),'done',to_timestamp('17/02/17 00:00:00.000000000','RR/MM/DD HH24:MI:SSXFF'),'admin','/eventImgPath','e481ca48-0d3a-4129-a8a9-4a11d215a692.JPG');
Insert into EVENT_LIST (EVENT_NUM,EVENT_TITLE,EVENT_CONTENT,REG_DATE,START_DATE,END_DATE,ING,NOTI_DATE,MANAGER_ID,PIC_PATH,PIC_NAME) values (21,'테스트','테스트할게요',to_timestamp('17/02/03 16:34:36.827000000','RR/MM/DD HH24:MI:SSXFF'),to_timestamp('17/02/03 00:00:00.000000000','RR/MM/DD HH24:MI:SSXFF'),to_timestamp('17/02/04 00:00:00.000000000','RR/MM/DD HH24:MI:SSXFF'),'done',to_timestamp('17/02/08 00:00:00.000000000','RR/MM/DD HH24:MI:SSXFF'),'admin','/eventImgPath','32184728-db08-4ab8-aa31-5167a1887da9.png');
Insert into EVENT_LIST (EVENT_NUM,EVENT_TITLE,EVENT_CONTENT,REG_DATE,START_DATE,END_DATE,ING,NOTI_DATE,MANAGER_ID,PIC_PATH,PIC_NAME) values (23,'디오니소스님','오르페우스',to_timestamp('17/02/03 16:36:07.254000000','RR/MM/DD HH24:MI:SSXFF'),to_timestamp('17/02/17 00:00:00.000000000','RR/MM/DD HH24:MI:SSXFF'),to_timestamp('17/02/28 00:00:00.000000000','RR/MM/DD HH24:MI:SSXFF'),'done',to_timestamp('17/03/03 00:00:00.000000000','RR/MM/DD HH24:MI:SSXFF'),'admin','/eventImgPath','8c7143fe-9b55-4f97-ae87-2293b1286c1a.jpg');
Insert into EVENT_LIST (EVENT_NUM,EVENT_TITLE,EVENT_CONTENT,REG_DATE,START_DATE,END_DATE,ING,NOTI_DATE,MANAGER_ID,PIC_PATH,PIC_NAME) values (24,'샘플','테스트',to_timestamp('17/02/03 16:37:05.085000000','RR/MM/DD HH24:MI:SSXFF'),to_timestamp('17/02/03 00:00:00.000000000','RR/MM/DD HH24:MI:SSXFF'),to_timestamp('17/02/15 00:00:00.000000000','RR/MM/DD HH24:MI:SSXFF'),'Ing',to_timestamp('17/02/23 00:00:00.000000000','RR/MM/DD HH24:MI:SSXFF'),'admin','/eventImgPath','13cb9bff-23a4-4a1e-8826-2d71fbd7c352.jpg');
Insert into EVENT_LIST (EVENT_NUM,EVENT_TITLE,EVENT_CONTENT,REG_DATE,START_DATE,END_DATE,ING,NOTI_DATE,MANAGER_ID,PIC_PATH,PIC_NAME) values (25,'스키타러가자','슝슝',to_timestamp('17/02/03 16:39:05.423000000','RR/MM/DD HH24:MI:SSXFF'),to_timestamp('17/02/03 00:00:00.000000000','RR/MM/DD HH24:MI:SSXFF'),to_timestamp('17/02/09 00:00:00.000000000','RR/MM/DD HH24:MI:SSXFF'),'done',to_timestamp('17/02/11 00:00:00.000000000','RR/MM/DD HH24:MI:SSXFF'),'admin','/eventImgPath','6ec24bba-f59f-460f-9269-1f3c4be14605.jpg');
Insert into EVENT_LIST (EVENT_NUM,EVENT_TITLE,EVENT_CONTENT,REG_DATE,START_DATE,END_DATE,ING,NOTI_DATE,MANAGER_ID,PIC_PATH,PIC_NAME) values (41,'이벤트','내용입니다.',to_timestamp('17/02/20 14:21:21.227000000','RR/MM/DD HH24:MI:SSXFF'),to_timestamp('17/02/20 00:00:00.000000000','RR/MM/DD HH24:MI:SSXFF'),to_timestamp('17/02/24 00:00:00.000000000','RR/MM/DD HH24:MI:SSXFF'),'done',to_timestamp('17/02/27 00:00:00.000000000','RR/MM/DD HH24:MI:SSXFF'),'admin','/eventImgPath','0f44d31f-dfea-461b-919f-7f785c6b84b7.png');
Insert into EVENT_LIST (EVENT_NUM,EVENT_TITLE,EVENT_CONTENT,REG_DATE,START_DATE,END_DATE,ING,NOTI_DATE,MANAGER_ID,PIC_PATH,PIC_NAME) values (42,'이벤트 열어요','이벤트 할거임',to_timestamp('17/02/20 15:56:39.140000000','RR/MM/DD HH24:MI:SSXFF'),to_timestamp('17/02/20 00:00:00.000000000','RR/MM/DD HH24:MI:SSXFF'),to_timestamp('17/02/21 00:00:00.000000000','RR/MM/DD HH24:MI:SSXFF'),'Ing',to_timestamp('17/02/22 00:00:00.000000000','RR/MM/DD HH24:MI:SSXFF'),'admin','/eventImgPath','86198868-352c-4272-9f20-5192f6098935.png');
Insert into EVENT_LIST (EVENT_NUM,EVENT_TITLE,EVENT_CONTENT,REG_DATE,START_DATE,END_DATE,ING,NOTI_DATE,MANAGER_ID,PIC_PATH,PIC_NAME) values (1,'gg','gg',to_timestamp('17/02/01 09:45:49.182000000','RR/MM/DD HH24:MI:SSXFF'),to_timestamp('17/02/01 00:00:00.000000000','RR/MM/DD HH24:MI:SSXFF'),to_timestamp('17/02/01 00:00:00.000000000','RR/MM/DD HH24:MI:SSXFF'),'done',to_timestamp('17/02/01 00:00:00.000000000','RR/MM/DD HH24:MI:SSXFF'),'admin','/eventImgPath','f64a7fed-756e-4d82-a7a2-11c2651502e3.jpg');
REM INSERTING into EVENT_PIC
SET DEFINE OFF;
Insert into EVENT_PIC (EVEPIC_NUM,EVEPIC_PATH,EVEPIC_NAME,EVENT_NUM) values (21,'/eventImgsPath','d64e2e63-d38d-4284-9ef2-5355505d830e.jpg',21);
Insert into EVENT_PIC (EVEPIC_NUM,EVEPIC_PATH,EVEPIC_NAME,EVENT_NUM) values (22,'/eventImgsPath','b5969900-8a6d-492b-b160-f97b7c36e0ce.png',22);
Insert into EVENT_PIC (EVEPIC_NUM,EVEPIC_PATH,EVEPIC_NAME,EVENT_NUM) values (23,'/eventImgsPath','ad63b86d-5b8b-4c15-a39e-6e8513ee131e.png',23);
Insert into EVENT_PIC (EVEPIC_NUM,EVEPIC_PATH,EVEPIC_NAME,EVENT_NUM) values (24,'/eventImgsPath','1c61261a-5ecd-4435-8bd0-a95d0fee7553.jpg',24);
Insert into EVENT_PIC (EVEPIC_NUM,EVEPIC_PATH,EVEPIC_NAME,EVENT_NUM) values (25,'/eventImgsPath','0578e0cd-2d7e-497e-a2f4-9e806ac2ae54.png',25);
Insert into EVENT_PIC (EVEPIC_NUM,EVEPIC_PATH,EVEPIC_NAME,EVENT_NUM) values (41,'/eventImgsPath','68803db7-99c0-4414-aaaa-7c8bac5b2872.jpg',41);
Insert into EVENT_PIC (EVEPIC_NUM,EVEPIC_PATH,EVEPIC_NAME,EVENT_NUM) values (42,'/eventImgsPath','ce79fec2-64a3-4e5d-9c9f-acaf86d51453.jpg',42);
Insert into EVENT_PIC (EVEPIC_NUM,EVEPIC_PATH,EVEPIC_NAME,EVENT_NUM) values (1,'/eventImgsPath','77e7c392-bd40-4f6d-a739-0a24e44ad358.jpg',1);
REM INSERTING into EVENT_WINNING_LIST
SET DEFINE OFF;
Insert into EVENT_WINNING_LIST (WINNING_NUM,WINNING_TITLE,WINNING_CONTENT,REG_DATE,HIT,EVENT_NUM) values (41,'디오니소스님','오르페우스',to_timestamp('17/02/17 14:42:07.564000000','RR/MM/DD HH24:MI:SSXFF'),0,23);
Insert into EVENT_WINNING_LIST (WINNING_NUM,WINNING_TITLE,WINNING_CONTENT,REG_DATE,HIT,EVENT_NUM) values (21,'스키타러가자','슝슝',to_timestamp('17/02/16 15:24:13.842000000','RR/MM/DD HH24:MI:SSXFF'),0,25);
Insert into EVENT_WINNING_LIST (WINNING_NUM,WINNING_TITLE,WINNING_CONTENT,REG_DATE,HIT,EVENT_NUM) values (61,'gg','gg',to_timestamp('17/02/20 11:57:35.211000000','RR/MM/DD HH24:MI:SSXFF'),0,1);
Insert into EVENT_WINNING_LIST (WINNING_NUM,WINNING_TITLE,WINNING_CONTENT,REG_DATE,HIT,EVENT_NUM) values (22,'이벤트해요','할게요',to_timestamp('17/02/16 16:01:17.768000000','RR/MM/DD HH24:MI:SSXFF'),0,22);
Insert into EVENT_WINNING_LIST (WINNING_NUM,WINNING_TITLE,WINNING_CONTENT,REG_DATE,HIT,EVENT_NUM) values (62,'이벤트','내용입니다.',to_timestamp('17/02/20 14:22:22.877000000','RR/MM/DD HH24:MI:SSXFF'),0,41);
Insert into EVENT_WINNING_LIST (WINNING_NUM,WINNING_TITLE,WINNING_CONTENT,REG_DATE,HIT,EVENT_NUM) values (63,'테스트','테스트할게요',to_timestamp('17/02/20 17:40:34.787000000','RR/MM/DD HH24:MI:SSXFF'),0,21);
REM INSERTING into FAQ
SET DEFINE OFF;
Insert into FAQ (FAQ_NUM,FAQ_TITLE,FAQ_CONTENT,FAQ_DATE,MANAGER_ID,CATEGORY_NAME) values (28,'회원탈퇴는 어떻게 하나요?','마이페이지에 위치한 회원탈퇴 버튼을 클릭하시고 비밀번호 확인후 탈퇴가 처리됩니다.',to_timestamp('17/02/10 14:57:12.552000000','RR/MM/DD HH24:MI:SSXFF'),'admin','회원탈퇴');
Insert into FAQ (FAQ_NUM,FAQ_TITLE,FAQ_CONTENT,FAQ_DATE,MANAGER_ID,CATEGORY_NAME) values (1,'회원가입은 어떻게 하나요?','상단에 있는 회원가입 버튼을 눌러 절차에 따라 가입을 하시면 됩니다.',to_timestamp('17/01/26 11:41:19.292000000','RR/MM/DD HH24:MI:SSXFF'),'admin','회원가입');
Insert into FAQ (FAQ_NUM,FAQ_TITLE,FAQ_CONTENT,FAQ_DATE,MANAGER_ID,CATEGORY_NAME) values (2,'비밀번호 찾기는 어떻게 하나요?','로그인 창 하단의 아이디/비밀번호 찾기 버튼을 누르신 후 아이디를 입력하시면 가입시 등록한 메일주소로 임시번호가 발송됩니다.',to_timestamp('17/01/26 11:42:23.844000000','RR/MM/DD HH24:MI:SSXFF'),'admin','회원정보');
Insert into FAQ (FAQ_NUM,FAQ_TITLE,FAQ_CONTENT,FAQ_DATE,MANAGER_ID,CATEGORY_NAME) values (34,'회원가입 어떻게하나요?','관리자에게 문의하세요',to_timestamp('17/02/10 15:09:17.268000000','RR/MM/DD HH24:MI:SSXFF'),'admin','회원가입');
Insert into FAQ (FAQ_NUM,FAQ_TITLE,FAQ_CONTENT,FAQ_DATE,MANAGER_ID,CATEGORY_NAME) values (35,'모임탈퇴는 어떻게 하나요?','모임페이지에서 탈퇴버튼을 누르면 됩니다.',to_timestamp('17/02/10 15:20:49.301000000','RR/MM/DD HH24:MI:SSXFF'),'admin','모임모임');
Insert into FAQ (FAQ_NUM,FAQ_TITLE,FAQ_CONTENT,FAQ_DATE,MANAGER_ID,CATEGORY_NAME) values (23,'프로필 사진을 없애고 싶어요','프로필 사진 변경 창에서 프로필사진 선택 안함을 체크 하신후 변경을 누르시면 됩니다.',to_timestamp('17/02/10 14:50:51.212000000','RR/MM/DD HH24:MI:SSXFF'),'admin','회원정보');
Insert into FAQ (FAQ_NUM,FAQ_TITLE,FAQ_CONTENT,FAQ_DATE,MANAGER_ID,CATEGORY_NAME) values (25,'내 정보를 수정하고 싶어요','마이페이지에서 자신이 변경하고 싶은 정보 옆에 있는 버튼을 눌러 해당 정보를 변경하신후 수정 버튼을 누르시면 됩니다.',to_timestamp('17/02/10 14:53:01.511000000','RR/MM/DD HH24:MI:SSXFF'),'admin','회원정보');
Insert into FAQ (FAQ_NUM,FAQ_TITLE,FAQ_CONTENT,FAQ_DATE,MANAGER_ID,CATEGORY_NAME) values (24,'비밀번호를 변경하고 싶어요','마이페이지에 위치한 비밀변경 버튼을 눌러 변경하시면 됩니다.',to_timestamp('17/02/10 14:51:23.696000000','RR/MM/DD HH24:MI:SSXFF'),'admin','회원정보');
Insert into FAQ (FAQ_NUM,FAQ_TITLE,FAQ_CONTENT,FAQ_DATE,MANAGER_ID,CATEGORY_NAME) values (26,'마이페이지는 어디에 있나요?','우측 상단에 위치한 회원님의 아이디를 클릭하시면 마이페이지로 이동합니다.',to_timestamp('17/02/10 14:53:24.850000000','RR/MM/DD HH24:MI:SSXFF'),'admin','회원정보');
Insert into FAQ (FAQ_NUM,FAQ_TITLE,FAQ_CONTENT,FAQ_DATE,MANAGER_ID,CATEGORY_NAME) values (21,'회원가입 버튼이 안눌려져요','아이디가 중복이거나 비밀번호와 비밀번호 확인이 일치 하지 않을 경우, 휴대전화 번호 양식이 잘못 되었을 경우 가입 버튼이 비활성화 됩니다.',to_timestamp('17/02/10 14:48:44.424000000','RR/MM/DD HH24:MI:SSXFF'),'admin','회원가입');
Insert into FAQ (FAQ_NUM,FAQ_TITLE,FAQ_CONTENT,FAQ_DATE,MANAGER_ID,CATEGORY_NAME) values (22,'프로필사진은 어떻게 변경하나요?','마이페이지에 위치한 프로필 사진 변경 버튼을 눌러 변경 하시면 됩니다.',to_timestamp('17/02/10 14:49:52.370000000','RR/MM/DD HH24:MI:SSXFF'),'admin','회원정보');
Insert into FAQ (FAQ_NUM,FAQ_TITLE,FAQ_CONTENT,FAQ_DATE,MANAGER_ID,CATEGORY_NAME) values (27,'휴대전화의 형식이 맞지 않다고 뜹니다.','010-0000-0000의 형식으로 입력해 주시기 바랍니다.',to_timestamp('17/02/10 14:55:37.397000000','RR/MM/DD HH24:MI:SSXFF'),'admin','회원가입');
Insert into FAQ (FAQ_NUM,FAQ_TITLE,FAQ_CONTENT,FAQ_DATE,MANAGER_ID,CATEGORY_NAME) values (29,'이벤트 참여는 어떻게 하나요?','이벤트 상세페이지에서 참여버튼을 누르면 자동으로 참여가 완료됩니다.',to_timestamp('17/02/10 14:59:06.961000000','RR/MM/DD HH24:MI:SSXFF'),'admin','이벤트');
Insert into FAQ (FAQ_NUM,FAQ_TITLE,FAQ_CONTENT,FAQ_DATE,MANAGER_ID,CATEGORY_NAME) values (30,'이벤트에 중복 참여되나요?','한 아이디당 한 이벤트에만 참여 가능합니다.',to_timestamp('17/02/10 14:59:43.009000000','RR/MM/DD HH24:MI:SSXFF'),'admin','이벤트');
Insert into FAQ (FAQ_NUM,FAQ_TITLE,FAQ_CONTENT,FAQ_DATE,MANAGER_ID,CATEGORY_NAME) values (31,'모임가입은 어떻게 하나요?','모임 메인화면 중앙에 위치한 모임가입 버튼을 누르면 가입신청이 되고 모임장이 승인을 하면 가입이 완료됩니다.',to_timestamp('17/02/10 15:00:21.021000000','RR/MM/DD HH24:MI:SSXFF'),'admin','모임모임');
Insert into FAQ (FAQ_NUM,FAQ_TITLE,FAQ_CONTENT,FAQ_DATE,MANAGER_ID,CATEGORY_NAME) values (33,'불건전한 모임을 발견했어요','해당 모임 페이지에서 모임신고를 누르시고 신고내역과 함께 신고를 해주시면 확인후 관리자들이 처리해드립니다.',to_timestamp('17/02/10 15:07:07.427000000','RR/MM/DD HH24:MI:SSXFF'),'admin','모임모임');
REM INSERTING into FAQ_CATEGORY
SET DEFINE OFF;
Insert into FAQ_CATEGORY (CATEGORY_NUM,CATEGORY_NAME) values (1,'회원가입');
Insert into FAQ_CATEGORY (CATEGORY_NUM,CATEGORY_NAME) values (21,'회원정보');
Insert into FAQ_CATEGORY (CATEGORY_NUM,CATEGORY_NAME) values (8,'모임모임');
Insert into FAQ_CATEGORY (CATEGORY_NUM,CATEGORY_NAME) values (22,'회원탈퇴');
Insert into FAQ_CATEGORY (CATEGORY_NUM,CATEGORY_NAME) values (23,'이벤트');
REM INSERTING into GREETING_BOARD
SET DEFINE OFF;
Insert into GREETING_BOARD (GREETING_NUM,GREETING_TITLE,GREETING_CONTENT,GREETING_DATE,GREETING_HIT,LIKE_NUM,MEM_ID,GROUP_NUM) values (61,'결혼은 미친짓이냐','ㅇㅇㅇ',to_timestamp('17/02/16 17:47:04.932000000','RR/MM/DD HH24:MI:SSXFF'),0,0,'ssw',233);
Insert into GREETING_BOARD (GREETING_NUM,GREETING_TITLE,GREETING_CONTENT,GREETING_DATE,GREETING_HIT,LIKE_NUM,MEM_ID,GROUP_NUM) values (42,'가입했습니다 ','안녕하세요',to_timestamp('17/02/10 14:09:28.663000000','RR/MM/DD HH24:MI:SSXFF'),0,0,'bbibbigi',172);
Insert into GREETING_BOARD (GREETING_NUM,GREETING_TITLE,GREETING_CONTENT,GREETING_DATE,GREETING_HIT,LIKE_NUM,MEM_ID,GROUP_NUM) values (62,'aet','awetwaet',to_timestamp('17/02/16 17:49:20.473000000','RR/MM/DD HH24:MI:SSXFF'),0,0,'ssw',227);
Insert into GREETING_BOARD (GREETING_NUM,GREETING_TITLE,GREETING_CONTENT,GREETING_DATE,GREETING_HIT,LIKE_NUM,MEM_ID,GROUP_NUM) values (44,'안녕하세요','가입했습니다',to_timestamp('17/02/10 14:35:36.625000000','RR/MM/DD HH24:MI:SSXFF'),35,3,'romero',161);
Insert into GREETING_BOARD (GREETING_NUM,GREETING_TITLE,GREETING_CONTENT,GREETING_DATE,GREETING_HIT,LIKE_NUM,MEM_ID,GROUP_NUM) values (43,'가입인사드립니다','잘부탁드립니다',to_timestamp('17/02/10 14:16:45.618000000','RR/MM/DD HH24:MI:SSXFF'),0,0,'bbibbigi',175);
REM INSERTING into GREETING_REPLY
SET DEFINE OFF;
Insert into GREETING_REPLY (GRE_REPLY_NUM,GRE_REPLY_CONTENT,GRE_REPLY_DATE,MEM_ID,GREETING_NUM) values (101,'환영합니다',to_timestamp('17/02/17 14:51:20.970000000','RR/MM/DD HH24:MI:SSXFF'),'bbibbigi',44);
Insert into GREETING_REPLY (GRE_REPLY_NUM,GRE_REPLY_CONTENT,GRE_REPLY_DATE,MEM_ID,GREETING_NUM) values (141,'반갑습니다.',to_timestamp('17/02/21 15:14:31.235000000','RR/MM/DD HH24:MI:SSXFF'),'bbibbigi',44);
REM INSERTING into GROUP_LEADER_NOTI
SET DEFINE OFF;
Insert into GROUP_LEADER_NOTI (NOTI_NUM,NOTI_CONTENT,IS_CHECKED,NOTI_DATE,GROUP_NUM,MEM_ID) values (32,'[모임가입신청] dkraktmzl1님께서  모임가입을 신청하셨습니다. 가입신청 화면을 확인해 주세요.','0',to_timestamp('17/02/16 00:00:00.000000000','RR/MM/DD HH24:MI:SSXFF'),188,'dkraktmzl1');
Insert into GROUP_LEADER_NOTI (NOTI_NUM,NOTI_CONTENT,IS_CHECKED,NOTI_DATE,GROUP_NUM,MEM_ID) values (109,'[모임가입신청] main님께서  모임가입을 신청하셨습니다. 가입신청 화면을 확인해 주세요.','1',to_timestamp('17/02/20 18:33:22.000000000','RR/MM/DD HH24:MI:SSXFF'),201,'main');
Insert into GROUP_LEADER_NOTI (NOTI_NUM,NOTI_CONTENT,IS_CHECKED,NOTI_DATE,GROUP_NUM,MEM_ID) values (110,'[좋아요알림] ''디라디로리로리'' 후기를 ssw 님께서 좋아하셨습니다.','1',to_timestamp('17/02/20 18:33:26.000000000','RR/MM/DD HH24:MI:SSXFF'),201,'main');
Insert into GROUP_LEADER_NOTI (NOTI_NUM,NOTI_CONTENT,IS_CHECKED,NOTI_DATE,GROUP_NUM,MEM_ID) values (112,'[좋아요알림] ''디라디로리로리'' 후기를 ssw 님께서 좋아하셨습니다.','1',to_timestamp('17/02/20 18:33:30.000000000','RR/MM/DD HH24:MI:SSXFF'),201,'main');
Insert into GROUP_LEADER_NOTI (NOTI_NUM,NOTI_CONTENT,IS_CHECKED,NOTI_DATE,GROUP_NUM,MEM_ID) values (113,'[좋아요알림] ''후기작성 시작합니다.'' 후기를 ssw 님께서 좋아하셨습니다.','1',to_timestamp('17/02/20 18:33:33.000000000','RR/MM/DD HH24:MI:SSXFF'),201,'main');
Insert into GROUP_LEADER_NOTI (NOTI_NUM,NOTI_CONTENT,IS_CHECKED,NOTI_DATE,GROUP_NUM,MEM_ID) values (114,'[좋아요알림] ''test'' 후기를 ssw 님께서 좋아하셨습니다.','1',to_timestamp('17/02/20 18:33:37.000000000','RR/MM/DD HH24:MI:SSXFF'),201,'main');
Insert into GROUP_LEADER_NOTI (NOTI_NUM,NOTI_CONTENT,IS_CHECKED,NOTI_DATE,GROUP_NUM,MEM_ID) values (115,'[좋아요알림] ''모임후우기'' 후기를 ssw 님께서 좋아하셨습니다.','1',to_timestamp('17/02/20 18:33:42.000000000','RR/MM/DD HH24:MI:SSXFF'),201,'main');
Insert into GROUP_LEADER_NOTI (NOTI_NUM,NOTI_CONTENT,IS_CHECKED,NOTI_DATE,GROUP_NUM,MEM_ID) values (116,'[좋아요알림] ''후기작성이랍니다.'' 후기를 ssw 님께서 좋아하셨습니다.','1',to_timestamp('17/02/20 18:33:45.000000000','RR/MM/DD HH24:MI:SSXFF'),201,'main');
Insert into GROUP_LEADER_NOTI (NOTI_NUM,NOTI_CONTENT,IS_CHECKED,NOTI_DATE,GROUP_NUM,MEM_ID) values (26,'[신고알림] 모임이 사용자에 의해 신고되었습니다.','1',to_timestamp('17/02/16 00:00:00.000000000','RR/MM/DD HH24:MI:SSXFF'),201,'main');
Insert into GROUP_LEADER_NOTI (NOTI_NUM,NOTI_CONTENT,IS_CHECKED,NOTI_DATE,GROUP_NUM,MEM_ID) values (6,'[좋아요알림] 등록1 후기를 main 님께서 좋아하셨습니다.','0',to_timestamp('17/02/15 00:00:00.000000000','RR/MM/DD HH24:MI:SSXFF'),161,'bbibbigi');
Insert into GROUP_LEADER_NOTI (NOTI_NUM,NOTI_CONTENT,IS_CHECKED,NOTI_DATE,GROUP_NUM,MEM_ID) values (7,'[댓글알림] ''등록1'' 후기에 park 님께서 댓글을 작성하셨습니다.','0',to_timestamp('17/02/15 00:00:00.000000000','RR/MM/DD HH24:MI:SSXFF'),161,'bbibbigi');
Insert into GROUP_LEADER_NOTI (NOTI_NUM,NOTI_CONTENT,IS_CHECKED,NOTI_DATE,GROUP_NUM,MEM_ID) values (41,'[모임가입신청] bbibbigi님께서  모임가입을 신청하셨습니다. 가입신청 화면을 확인해 주세요.','0',to_timestamp('17/02/17 00:00:00.000000000','RR/MM/DD HH24:MI:SSXFF'),161,'bbibbigi');
Insert into GROUP_LEADER_NOTI (NOTI_NUM,NOTI_CONTENT,IS_CHECKED,NOTI_DATE,GROUP_NUM,MEM_ID) values (43,'[좋아요알림] ''동물사진 모음'' 후기를 demetrios 님께서 좋아하셨습니다.','0',to_timestamp('17/02/17 00:00:00.000000000','RR/MM/DD HH24:MI:SSXFF'),171,'wjddbfk');
Insert into GROUP_LEADER_NOTI (NOTI_NUM,NOTI_CONTENT,IS_CHECKED,NOTI_DATE,GROUP_NUM,MEM_ID) values (44,'[좋아요알림] ''등록1'' 후기를 demetrios 님께서 좋아하셨습니다.','0',to_timestamp('17/02/17 00:00:00.000000000','RR/MM/DD HH24:MI:SSXFF'),161,'bbibbigi');
Insert into GROUP_LEADER_NOTI (NOTI_NUM,NOTI_CONTENT,IS_CHECKED,NOTI_DATE,GROUP_NUM,MEM_ID) values (45,'[모임가입신청] ssw님께서  모임가입을 신청하셨습니다. 가입신청 화면을 확인해 주세요.','0',to_timestamp('17/02/17 00:00:00.000000000','RR/MM/DD HH24:MI:SSXFF'),189,'ssw');
Insert into GROUP_LEADER_NOTI (NOTI_NUM,NOTI_CONTENT,IS_CHECKED,NOTI_DATE,GROUP_NUM,MEM_ID) values (49,'[모임가입신청] lee32님께서  모임가입을 신청하셨습니다. 가입신청 화면을 확인해 주세요.','0',to_timestamp('17/02/17 00:00:00.000000000','RR/MM/DD HH24:MI:SSXFF'),241,'lee32');
Insert into GROUP_LEADER_NOTI (NOTI_NUM,NOTI_CONTENT,IS_CHECKED,NOTI_DATE,GROUP_NUM,MEM_ID) values (51,'[모임가입신청] bbibbigi님께서  모임가입을 신청하셨습니다. 가입신청 화면을 확인해 주세요.','0',to_timestamp('17/02/17 00:00:00.000000000','RR/MM/DD HH24:MI:SSXFF'),161,'bbibbigi');
Insert into GROUP_LEADER_NOTI (NOTI_NUM,NOTI_CONTENT,IS_CHECKED,NOTI_DATE,GROUP_NUM,MEM_ID) values (55,'[신고알림] 모임이 사용자에 의해 신고되었습니다.','0',to_timestamp('17/02/17 00:00:00.000000000','RR/MM/DD HH24:MI:SSXFF'),161,'bbibbigi');
Insert into GROUP_LEADER_NOTI (NOTI_NUM,NOTI_CONTENT,IS_CHECKED,NOTI_DATE,GROUP_NUM,MEM_ID) values (56,'[모임가입신청] lee32님께서  모임가입을 신청하셨습니다. 가입신청 화면을 확인해 주세요.','0',to_timestamp('17/02/17 00:00:00.000000000','RR/MM/DD HH24:MI:SSXFF'),241,'lee32');
Insert into GROUP_LEADER_NOTI (NOTI_NUM,NOTI_CONTENT,IS_CHECKED,NOTI_DATE,GROUP_NUM,MEM_ID) values (57,'[모임가입신청] t-aitch님께서  모임가입을 신청하셨습니다. 가입신청 화면을 확인해 주세요.','0',to_timestamp('17/02/17 00:00:00.000000000','RR/MM/DD HH24:MI:SSXFF'),192,'t-aitch');
Insert into GROUP_LEADER_NOTI (NOTI_NUM,NOTI_CONTENT,IS_CHECKED,NOTI_DATE,GROUP_NUM,MEM_ID) values (2,'[모임가입신청] dkraktmzl1님께서  모임가입을 신청하셨습니다. 가입신청 화면을 확인해 주세요.','0',to_timestamp('17/02/15 00:00:00.000000000','RR/MM/DD HH24:MI:SSXFF'),187,'dkraktmzl1');
Insert into GROUP_LEADER_NOTI (NOTI_NUM,NOTI_CONTENT,IS_CHECKED,NOTI_DATE,GROUP_NUM,MEM_ID) values (22,'[모임가입신청] dkraktmzl1님께서  모임가입을 신청하셨습니다. 가입신청 화면을 확인해 주세요.','0',to_timestamp('17/02/16 00:00:00.000000000','RR/MM/DD HH24:MI:SSXFF'),187,'dkraktmzl1');
Insert into GROUP_LEADER_NOTI (NOTI_NUM,NOTI_CONTENT,IS_CHECKED,NOTI_DATE,GROUP_NUM,MEM_ID) values (28,'[좋아요알림] ''동물사진 모음'' 후기를 bbibbigi 님께서 좋아하셨습니다.','0',to_timestamp('17/02/16 00:00:00.000000000','RR/MM/DD HH24:MI:SSXFF'),171,'wjddbfk');
Insert into GROUP_LEADER_NOTI (NOTI_NUM,NOTI_CONTENT,IS_CHECKED,NOTI_DATE,GROUP_NUM,MEM_ID) values (29,'[좋아요알림] ''파스타를 먹는 사람들의 모임'' 후기를 bbibbigi 님께서 좋아하셨습니다.','1',to_timestamp('17/02/16 00:00:00.000000000','RR/MM/DD HH24:MI:SSXFF'),201,'main');
Insert into GROUP_LEADER_NOTI (NOTI_NUM,NOTI_CONTENT,IS_CHECKED,NOTI_DATE,GROUP_NUM,MEM_ID) values (81,'[모임가입신청] t-aitch님께서  모임가입을 신청하셨습니다. 가입신청 화면을 확인해 주세요.','0',to_timestamp('17/02/20 00:00:00.000000000','RR/MM/DD HH24:MI:SSXFF'),192,'t-aitch');
Insert into GROUP_LEADER_NOTI (NOTI_NUM,NOTI_CONTENT,IS_CHECKED,NOTI_DATE,GROUP_NUM,MEM_ID) values (108,'[좋아요알림] ''동물사진 모음'' 후기를 ssw 님께서 좋아하셨습니다.','0',to_timestamp('17/02/20 18:32:10.000000000','RR/MM/DD HH24:MI:SSXFF'),171,'wjddbfk');
Insert into GROUP_LEADER_NOTI (NOTI_NUM,NOTI_CONTENT,IS_CHECKED,NOTI_DATE,GROUP_NUM,MEM_ID) values (99,'[좋아요알림] ''쑥대머리 가사'' 후기를 demetrios 님께서 좋아하셨습니다.','0',to_timestamp('17/02/20 00:00:00.000000000','RR/MM/DD HH24:MI:SSXFF'),189,'ssw');
Insert into GROUP_LEADER_NOTI (NOTI_NUM,NOTI_CONTENT,IS_CHECKED,NOTI_DATE,GROUP_NUM,MEM_ID) values (48,'[좋아요알림] ''야구보러 다녀왔어요'' 후기를 id32 님께서 좋아하셨습니다.','0',to_timestamp('17/02/17 00:00:00.000000000','RR/MM/DD HH24:MI:SSXFF'),179,'wjddbfk');
Insert into GROUP_LEADER_NOTI (NOTI_NUM,NOTI_CONTENT,IS_CHECKED,NOTI_DATE,GROUP_NUM,MEM_ID) values (65,'[신고알림] 모임이 사용자에 의해 신고되었습니다.','0',to_timestamp('17/02/17 00:00:00.000000000','RR/MM/DD HH24:MI:SSXFF'),161,'bbibbigi');
REM INSERTING into GROUP_LIST
SET DEFINE OFF;
Insert into GROUP_LIST (GROUP_NUM,GROUP_NAME,GROUP_MEM_CNT,GROUP_INTE1,GROUP_INTE2,GROUP_LOCATION,GROUP_INTRO,REG_DATE) values (230,'유부남들의 힘!',20,'사교/인맥','기혼/유부','대전광역시-동구','나이 먹었다고 밖에서는 젊은 녀석들보다도 못한 취급받고
집에서는 아내한테 치이고
이게 도대체 무슨 꼴인지 모르겠습니다.
우리 유부남들의 힘을 보여줍시다!',to_timestamp('17/02/16 15:43:47.083000000','RR/MM/DD HH24:MI:SSXFF'));
Insert into GROUP_LIST (GROUP_NUM,GROUP_NAME,GROUP_MEM_CNT,GROUP_INTE1,GROUP_INTE2,GROUP_LOCATION,GROUP_INTRO,REG_DATE) values (163,'개봉산 모임~^^',30,'아웃도어/여행','등산','서울특별시-강남구','우리 모두 개봉산에서 막걸리를 한잔 해봅시다~^^',to_timestamp('17/02/10 14:03:04.662000000','RR/MM/DD HH24:MI:SSXFF'));
Insert into GROUP_LIST (GROUP_NUM,GROUP_NAME,GROUP_MEM_CNT,GROUP_INTE1,GROUP_INTE2,GROUP_LOCATION,GROUP_INTRO,REG_DATE) values (161,'등산을 떠나요',400,'아웃도어/여행','등산','서울특별시-강남구','등산을 떠나요',to_timestamp('17/02/10 13:45:06.497000000','RR/MM/DD HH24:MI:SSXFF'));
Insert into GROUP_LIST (GROUP_NUM,GROUP_NAME,GROUP_MEM_CNT,GROUP_INTE1,GROUP_INTE2,GROUP_LOCATION,GROUP_INTRO,REG_DATE) values (162,'개웅산 모임~^^',10,'아웃도어/여행','등산','서울특별시-강남구','개웅산으로 등산을 해보아요~~~^^',to_timestamp('17/02/10 13:50:30.264000000','RR/MM/DD HH24:MI:SSXFF'));
Insert into GROUP_LIST (GROUP_NUM,GROUP_NAME,GROUP_MEM_CNT,GROUP_INTE1,GROUP_INTE2,GROUP_LOCATION,GROUP_INTRO,REG_DATE) values (164,'산 산 산 산을 탑시다!',10,'아웃도어/여행','등산','서울특별시-강남구','산을 타보아요~^^',to_timestamp('17/02/10 14:03:20.981000000','RR/MM/DD HH24:MI:SSXFF'));
Insert into GROUP_LIST (GROUP_NUM,GROUP_NAME,GROUP_MEM_CNT,GROUP_INTE1,GROUP_INTE2,GROUP_LOCATION,GROUP_INTRO,REG_DATE) values (171,'캬캬',30,'반려동물','고양이','인천광역시-남동구','몰라용',to_timestamp('17/02/10 14:08:22.724000000','RR/MM/DD HH24:MI:SSXFF'));
Insert into GROUP_LIST (GROUP_NUM,GROUP_NAME,GROUP_MEM_CNT,GROUP_INTE1,GROUP_INTE2,GROUP_LOCATION,GROUP_INTRO,REG_DATE) values (172,'경복궁 갈래?',40,'문화/공연','고궁/문화재탐방','울산광역시-울주군','고궁탐험',to_timestamp('17/02/10 14:08:42.264000000','RR/MM/DD HH24:MI:SSXFF'));
Insert into GROUP_LIST (GROUP_NUM,GROUP_NAME,GROUP_MEM_CNT,GROUP_INTE1,GROUP_INTE2,GROUP_LOCATION,GROUP_INTRO,REG_DATE) values (177,'한식 모임',10,'요리/제조','한식','전라북도-익산시','.한식을 배워보자!!',to_timestamp('17/02/10 14:33:07.084000000','RR/MM/DD HH24:MI:SSXFF'));
Insert into GROUP_LIST (GROUP_NUM,GROUP_NAME,GROUP_MEM_CNT,GROUP_INTE1,GROUP_INTE2,GROUP_LOCATION,GROUP_INTRO,REG_DATE) values (179,'롯데! 짝짝짝! 롯데! 짝짝짝!',500,'야구관람','부산자이언트','부산광역시-강서구','롯데의 야구팬들 모여라',to_timestamp('17/02/10 14:46:39.842000000','RR/MM/DD HH24:MI:SSXFF'));
Insert into GROUP_LIST (GROUP_NUM,GROUP_NAME,GROUP_MEM_CNT,GROUP_INTE1,GROUP_INTE2,GROUP_LOCATION,GROUP_INTRO,REG_DATE) values (182,'골키퍼 모임',450,'운동/스포츠','축구/풋살','부산광역시-남구','핀란드 국가대표 골키퍼 출신이 가르쳐드립니다.',to_timestamp('17/02/10 14:58:35.685000000','RR/MM/DD HH24:MI:SSXFF'));
Insert into GROUP_LIST (GROUP_NUM,GROUP_NAME,GROUP_MEM_CNT,GROUP_INTE1,GROUP_INTE2,GROUP_LOCATION,GROUP_INTRO,REG_DATE) values (187,'마! 우리가 짱이다 마!',40,'운동/스포츠','야구','부산광역시-남구','짱이다 마!
롯데자이언츠 짱이다 마!',to_timestamp('17/02/10 15:14:33.207000000','RR/MM/DD HH24:MI:SSXFF'));
Insert into GROUP_LIST (GROUP_NUM,GROUP_NAME,GROUP_MEM_CNT,GROUP_INTE1,GROUP_INTE2,GROUP_LOCATION,GROUP_INTRO,REG_DATE) values (188,'문화 탐방~^^',30,'문화/공연','고궁/문화재탐방','서울특별시-동대문구','탐방요~^^',to_timestamp('17/02/10 15:14:57.607000000','RR/MM/DD HH24:MI:SSXFF'));
Insert into GROUP_LIST (GROUP_NUM,GROUP_NAME,GROUP_MEM_CNT,GROUP_INTE1,GROUP_INTE2,GROUP_LOCATION,GROUP_INTRO,REG_DATE) values (192,'전용기 타고 같이 돌아다니실분들 모여',100,'아웃도어/여행','해외여행','인천광역시-남동구','개인 소유의 전용 비행기를 타고 세계일주하는 모임',to_timestamp('17/02/10 15:31:50.430000000','RR/MM/DD HH24:MI:SSXFF'));
Insert into GROUP_LIST (GROUP_NUM,GROUP_NAME,GROUP_MEM_CNT,GROUP_INTE1,GROUP_INTE2,GROUP_LOCATION,GROUP_INTRO,REG_DATE) values (181,'등산할래?',150,'아웃도어/여행','등산','서울특별시-강남구','할래?말래?',to_timestamp('17/02/10 14:49:58.653000000','RR/MM/DD HH24:MI:SSXFF'));
Insert into GROUP_LIST (GROUP_NUM,GROUP_NAME,GROUP_MEM_CNT,GROUP_INTE1,GROUP_INTE2,GROUP_LOCATION,GROUP_INTRO,REG_DATE) values (201,'새로운테스트모임',100,'아웃도어/여행','캠핑/백패킹','인천광역시-남구','굿굿',to_timestamp('17/02/13 09:22:53.202000000','RR/MM/DD HH24:MI:SSXFF'));
Insert into GROUP_LIST (GROUP_NUM,GROUP_NAME,GROUP_MEM_CNT,GROUP_INTE1,GROUP_INTE2,GROUP_LOCATION,GROUP_INTRO,REG_DATE) values (189,'쑥대머리 한대목',700,'음악/악기','국악/사물놀이','전라북도-남원시','쑥대머리 구신형용 적막옥방으 찬자리여 생각나는건 님뿐이라',to_timestamp('17/02/10 15:23:09.146000000','RR/MM/DD HH24:MI:SSXFF'));
Insert into GROUP_LIST (GROUP_NUM,GROUP_NAME,GROUP_MEM_CNT,GROUP_INTE1,GROUP_INTE2,GROUP_LOCATION,GROUP_INTRO,REG_DATE) values (221,'달려라 달려 씽씽이',5,'차/오토바이','바이크','대전광역시-동구','붕붕붕을 따라잡아 봅시다.',to_timestamp('17/02/16 15:37:33.306000000','RR/MM/DD HH24:MI:SSXFF'));
Insert into GROUP_LIST (GROUP_NUM,GROUP_NAME,GROUP_MEM_CNT,GROUP_INTE1,GROUP_INTE2,GROUP_LOCATION,GROUP_INTRO,REG_DATE) values (222,'핸드메이드 컵 만들기 모임',20,'공예/만들기','소품공예','광주광역시-남구','소품을 한번 만들어 봅시다. 후아 아프겠다 이야',to_timestamp('17/02/16 15:38:11.167000000','RR/MM/DD HH24:MI:SSXFF'));
Insert into GROUP_LIST (GROUP_NUM,GROUP_NAME,GROUP_MEM_CNT,GROUP_INTE1,GROUP_INTE2,GROUP_LOCATION,GROUP_INTRO,REG_DATE) values (173,'댄스! 댄스!',500,'댄스/무용','사교댄스','서울특별시-강남구','ㅋ',to_timestamp('17/02/10 14:11:43.373000000','RR/MM/DD HH24:MI:SSXFF'));
Insert into GROUP_LIST (GROUP_NUM,GROUP_NAME,GROUP_MEM_CNT,GROUP_INTE1,GROUP_INTE2,GROUP_LOCATION,GROUP_INTRO,REG_DATE) values (223,'제빵모임',30,'요리/제조','베이킹/제과','충청북도-단양군','제빵 제과를 위한 모임',to_timestamp('17/02/16 15:38:42.005000000','RR/MM/DD HH24:MI:SSXFF'));
Insert into GROUP_LIST (GROUP_NUM,GROUP_NAME,GROUP_MEM_CNT,GROUP_INTE1,GROUP_INTE2,GROUP_LOCATION,GROUP_INTRO,REG_DATE) values (224,'f라f라모임',450,'외국/언어','중국어','전라남도-완도군','외국어로 마음껏 대화해 봅시다.',to_timestamp('17/02/16 15:39:29.184000000','RR/MM/DD HH24:MI:SSXFF'));
Insert into GROUP_LIST (GROUP_NUM,GROUP_NAME,GROUP_MEM_CNT,GROUP_INTE1,GROUP_INTE2,GROUP_LOCATION,GROUP_INTRO,REG_DATE) values (225,'나 정유라. 사진좀 찍노라',500,'사진','DSLR','울산광역시-울주군','나와 함께 사진을 찍어볼 사람은 여기 모여라. 여기 붙어라. 띠리리 라랄라',to_timestamp('17/02/16 15:40:11.285000000','RR/MM/DD HH24:MI:SSXFF'));
Insert into GROUP_LIST (GROUP_NUM,GROUP_NAME,GROUP_MEM_CNT,GROUP_INTE1,GROUP_INTE2,GROUP_LOCATION,GROUP_INTRO,REG_DATE) values (226,'조용한 독서모임',500,'인문학/책/글','역사','대구광역시-서구','독서를 하는것 말고는 아무 말도 하지마세요. 조용한 사람들의 모임입니다.',to_timestamp('17/02/16 15:40:39.821000000','RR/MM/DD HH24:MI:SSXFF'));
Insert into GROUP_LIST (GROUP_NUM,GROUP_NAME,GROUP_MEM_CNT,GROUP_INTE1,GROUP_INTE2,GROUP_LOCATION,GROUP_INTRO,REG_DATE) values (227,'책 책 책 책을 읽읍시다!',100,'인문학/책/글','책/독서','서울특별시-금천구','책을 읽는 모임이에요~^^
다 같이 책을 읽음으로써 마음을 차분히 다스려 봅시다~^^
독서인들 화이팅!',to_timestamp('17/02/16 15:40:50.613000000','RR/MM/DD HH24:MI:SSXFF'));
Insert into GROUP_LIST (GROUP_NUM,GROUP_NAME,GROUP_MEM_CNT,GROUP_INTE1,GROUP_INTE2,GROUP_LOCATION,GROUP_INTRO,REG_DATE) values (228,'삐에니스트',30,'음악/악기','피아노','서울특별시-광진구','삐에니스트의 길을 걸어보아요~^^
삐에니스트 화이팅~^^',to_timestamp('17/02/16 15:41:51.726000000','RR/MM/DD HH24:MI:SSXFF'));
Insert into GROUP_LIST (GROUP_NUM,GROUP_NAME,GROUP_MEM_CNT,GROUP_INTE1,GROUP_INTE2,GROUP_LOCATION,GROUP_INTRO,REG_DATE) values (229,'애사모 보사모~^^',50,'봉사활동','보육원','광주광역시-남구','애기를 사랑하는 모임
보육원을 사랑하는 모임!
다 같이 나아가 보아요~^^',to_timestamp('17/02/16 15:42:26.408000000','RR/MM/DD HH24:MI:SSXFF'));
Insert into GROUP_LIST (GROUP_NUM,GROUP_NAME,GROUP_MEM_CNT,GROUP_INTE1,GROUP_INTE2,GROUP_LOCATION,GROUP_INTRO,REG_DATE) values (231,'오버워치모임~^^',100,'게임/오락','온라인게임','제주특별자치도-제주시','오버워치 그랜드마스터 찍을 분들을 모집합니다.
모임장인 저는 지금 3300점수대를 유지중인데
여러분과 함께 점수를 더욱 더 올리고 싶은 마음이 있어요~^^',to_timestamp('17/02/16 15:44:57.530000000','RR/MM/DD HH24:MI:SSXFF'));
Insert into GROUP_LIST (GROUP_NUM,GROUP_NAME,GROUP_MEM_CNT,GROUP_INTE1,GROUP_INTE2,GROUP_LOCATION,GROUP_INTRO,REG_DATE) values (235,'가죽공예~^^',40,'공예/만들기','가죽공예','서울특별시-강서구','가죽공예를 사랑하는 사람들의 모임
그것이 바로 남자의 길!',to_timestamp('17/02/16 15:48:35.259000000','RR/MM/DD HH24:MI:SSXFF'));
Insert into GROUP_LIST (GROUP_NUM,GROUP_NAME,GROUP_MEM_CNT,GROUP_INTE1,GROUP_INTE2,GROUP_LOCATION,GROUP_INTRO,REG_DATE) values (167,'한라산 원정대~^^',30,'아웃도어/여행','등산','서울특별시-강남구','한라산으로 모여봐요~^^',to_timestamp('17/02/10 14:04:29.206000000','RR/MM/DD HH24:MI:SSXFF'));
Insert into GROUP_LIST (GROUP_NUM,GROUP_NAME,GROUP_MEM_CNT,GROUP_INTE1,GROUP_INTE2,GROUP_LOCATION,GROUP_INTRO,REG_DATE) values (168,'구월산 모임~^^',20,'아웃도어/여행','등산','서울특별시-강남구','구월산으로 모임을 해보아요~^^',to_timestamp('17/02/10 14:04:51.254000000','RR/MM/DD HH24:MI:SSXFF'));
Insert into GROUP_LIST (GROUP_NUM,GROUP_NAME,GROUP_MEM_CNT,GROUP_INTE1,GROUP_INTE2,GROUP_LOCATION,GROUP_INTRO,REG_DATE) values (169,'야잇빠!',150,'아웃도어/여행','등산','서울특별시-강남구','이이빠이~~',to_timestamp('17/02/10 14:05:13.246000000','RR/MM/DD HH24:MI:SSXFF'));
Insert into GROUP_LIST (GROUP_NUM,GROUP_NAME,GROUP_MEM_CNT,GROUP_INTE1,GROUP_INTE2,GROUP_LOCATION,GROUP_INTRO,REG_DATE) values (170,'모아보아요~^^',450,'아웃도어/여행','등산','서울특별시-강남구','모아보아뵤~^^^',to_timestamp('17/02/10 14:05:58.544000000','RR/MM/DD HH24:MI:SSXFF'));
Insert into GROUP_LIST (GROUP_NUM,GROUP_NAME,GROUP_MEM_CNT,GROUP_INTE1,GROUP_INTE2,GROUP_LOCATION,GROUP_INTRO,REG_DATE) values (175,'사교댄스 한판 추실분?',30,'댄스/무용','사교댄스','세종특별자치시-세종특별자치시','사교댄스를 사랑하는 우리 #세종시 #댄스/무용',to_timestamp('17/02/10 14:16:13.314000000','RR/MM/DD HH24:MI:SSXFF'));
Insert into GROUP_LIST (GROUP_NUM,GROUP_NAME,GROUP_MEM_CNT,GROUP_INTE1,GROUP_INTE2,GROUP_LOCATION,GROUP_INTRO,REG_DATE) values (178,'레이싱을 즐겨라',300,'차/오토바이','현대','서울특별시-강서구','레이싱을 즐겨라',to_timestamp('17/02/10 14:40:53.576000000','RR/MM/DD HH24:MI:SSXFF'));
Insert into GROUP_LIST (GROUP_NUM,GROUP_NAME,GROUP_MEM_CNT,GROUP_INTE1,GROUP_INTE2,GROUP_LOCATION,GROUP_INTRO,REG_DATE) values (233,'결혼은 미친짓이다.',20,'가족/결혼','결혼/웨딩','인천광역시-남동구','결혼하지마세요 여러분~^^
결혼하고 잘되는 일이 하나도 없습니다~^^',to_timestamp('17/02/16 15:45:27.806000000','RR/MM/DD HH24:MI:SSXFF'));
Insert into GROUP_LIST (GROUP_NUM,GROUP_NAME,GROUP_MEM_CNT,GROUP_INTE1,GROUP_INTE2,GROUP_LOCATION,GROUP_INTRO,REG_DATE) values (241,'망나뇽잡으러 가실분',30,'게임/오락','온라인게임','인천광역시-남동구','망나뇽 사냥 파티',to_timestamp('17/02/17 14:40:15.983000000','RR/MM/DD HH24:MI:SSXFF'));
Insert into GROUP_LIST (GROUP_NUM,GROUP_NAME,GROUP_MEM_CNT,GROUP_INTE1,GROUP_INTE2,GROUP_LOCATION,GROUP_INTRO,REG_DATE) values (166,'설악산 원정대~^^',400,'아웃도어/여행','등산','서울특별시-강남구','설악산으로 원정을 가보아요~^^',to_timestamp('17/02/10 14:04:13.846000000','RR/MM/DD HH24:MI:SSXFF'));
REM INSERTING into GROUP_NOTICE
SET DEFINE OFF;
Insert into GROUP_NOTICE (GROUP_NOTI_NUM,GROUP_NOTI_TITLE,GROUP_NOTI_CONTENT,GROUP_NOTI_DATE,HIT,MEM_ID,GROUP_NUM) values (42,'첫번째 공지입니다','출석율 신경써주세요',to_timestamp('17/02/10 13:46:12.271000000','RR/MM/DD HH24:MI:SSXFF'),7,'bbibbigi',161);
Insert into GROUP_NOTICE (GROUP_NOTI_NUM,GROUP_NOTI_TITLE,GROUP_NOTI_CONTENT,GROUP_NOTI_DATE,HIT,MEM_ID,GROUP_NUM) values (43,'2017.02.21 pm6시 경복궁','시간되는분 오세요',to_timestamp('17/02/10 14:09:12.012000000','RR/MM/DD HH24:MI:SSXFF'),0,'bbibbigi',172);
Insert into GROUP_NOTICE (GROUP_NOTI_NUM,GROUP_NOTI_TITLE,GROUP_NOTI_CONTENT,GROUP_NOTI_DATE,HIT,MEM_ID,GROUP_NUM) values (44,'안녕하세용','히R',to_timestamp('17/02/10 14:09:47.371000000','RR/MM/DD HH24:MI:SSXFF'),3,'wjddbfk',171);
Insert into GROUP_NOTICE (GROUP_NOTI_NUM,GROUP_NOTI_TITLE,GROUP_NOTI_CONTENT,GROUP_NOTI_DATE,HIT,MEM_ID,GROUP_NUM) values (46,'가끔 해외로 떠납니다','몸만오세요
비용은 제가 냅니다',to_timestamp('17/02/10 15:37:32.976000000','RR/MM/DD HH24:MI:SSXFF'),1,'t-aitch',192);
Insert into GROUP_NOTICE (GROUP_NOTI_NUM,GROUP_NOTI_TITLE,GROUP_NOTI_CONTENT,GROUP_NOTI_DATE,HIT,MEM_ID,GROUP_NUM) values (61,'eryesry','ersyers',to_timestamp('17/02/15 12:49:34.714000000','RR/MM/DD HH24:MI:SSXFF'),4,'main',201);
REM INSERTING into INTEREST_CAT
SET DEFINE OFF;
Insert into INTEREST_CAT (INTER_NUM,INTER_FIRST,INTER_SECOND,MEM_ID) values (81,'외국/언어','러시아어','bbibbigi2');
Insert into INTEREST_CAT (INTER_NUM,INTER_FIRST,INTER_SECOND,MEM_ID) values (46,'아웃도어/여행','등산','dkraktmzl1');
Insert into INTEREST_CAT (INTER_NUM,INTER_FIRST,INTER_SECOND,MEM_ID) values (44,'아웃도어/여행','등산','main');
Insert into INTEREST_CAT (INTER_NUM,INTER_FIRST,INTER_SECOND,MEM_ID) values (45,'아웃도어/여행','등산','bbibbigi');
Insert into INTEREST_CAT (INTER_NUM,INTER_FIRST,INTER_SECOND,MEM_ID) values (47,'아웃도어/여행','등산','bbibbigi1');
Insert into INTEREST_CAT (INTER_NUM,INTER_FIRST,INTER_SECOND,MEM_ID) values (48,'외국/언어','프랑스어','park');
Insert into INTEREST_CAT (INTER_NUM,INTER_FIRST,INTER_SECOND,MEM_ID) values (49,'운동/스포츠','클라이밍','lee32');
Insert into INTEREST_CAT (INTER_NUM,INTER_FIRST,INTER_SECOND,MEM_ID) values (50,'아웃도어/여행','등산','id32');
Insert into INTEREST_CAT (INTER_NUM,INTER_FIRST,INTER_SECOND,MEM_ID) values (51,'반려동물','고양이','wjddbfk');
Insert into INTEREST_CAT (INTER_NUM,INTER_FIRST,INTER_SECOND,MEM_ID) values (53,'아웃도어/여행','해외여행','dkraktmzl2');
Insert into INTEREST_CAT (INTER_NUM,INTER_FIRST,INTER_SECOND,MEM_ID) values (54,'아웃도어/여행','국내여행','demetrios');
Insert into INTEREST_CAT (INTER_NUM,INTER_FIRST,INTER_SECOND,MEM_ID) values (57,'아웃도어/여행','등산','yura');
Insert into INTEREST_CAT (INTER_NUM,INTER_FIRST,INTER_SECOND,MEM_ID) values (55,'야구관람','넥센히어로즈','niemi');
Insert into INTEREST_CAT (INTER_NUM,INTER_FIRST,INTER_SECOND,MEM_ID) values (56,'운동/스포츠','클라이밍','ssw');
Insert into INTEREST_CAT (INTER_NUM,INTER_FIRST,INTER_SECOND,MEM_ID) values (58,'게임/오락','온라인게임','t-aitch');
Insert into INTEREST_CAT (INTER_NUM,INTER_FIRST,INTER_SECOND,MEM_ID) values (59,'아웃도어/여행','등산','woo');
Insert into INTEREST_CAT (INTER_NUM,INTER_FIRST,INTER_SECOND,MEM_ID) values (101,'운동/스포츠','축구/풋살','dkraktmzl11');
Insert into INTEREST_CAT (INTER_NUM,INTER_FIRST,INTER_SECOND,MEM_ID) values (83,'아웃도어/여행','등산','mail');
Insert into INTEREST_CAT (INTER_NUM,INTER_FIRST,INTER_SECOND,MEM_ID) values (52,'인문학/책/글','철학','romero');
Insert into INTEREST_CAT (INTER_NUM,INTER_FIRST,INTER_SECOND,MEM_ID) values (61,'아웃도어/여행','산책/트래킹','gildong');
REM INSERTING into INTEREST_GROUP
SET DEFINE OFF;
Insert into INTEREST_GROUP (INTERGROUP_NUM,GROUP_NUM,MEM_ID) values (22,189,'demetrios');
Insert into INTEREST_GROUP (INTERGROUP_NUM,GROUP_NUM,MEM_ID) values (61,241,'t-aitch');
Insert into INTEREST_GROUP (INTERGROUP_NUM,GROUP_NUM,MEM_ID) values (62,241,'gildong');
Insert into INTEREST_GROUP (INTERGROUP_NUM,GROUP_NUM,MEM_ID) values (63,192,'gildong');
Insert into INTEREST_GROUP (INTERGROUP_NUM,GROUP_NUM,MEM_ID) values (41,201,'main');
Insert into INTEREST_GROUP (INTERGROUP_NUM,GROUP_NUM,MEM_ID) values (42,192,'main');
Insert into INTEREST_GROUP (INTERGROUP_NUM,GROUP_NUM,MEM_ID) values (43,170,'main');
Insert into INTEREST_GROUP (INTERGROUP_NUM,GROUP_NUM,MEM_ID) values (44,168,'main');
Insert into INTEREST_GROUP (INTERGROUP_NUM,GROUP_NUM,MEM_ID) values (45,164,'main');
Insert into INTEREST_GROUP (INTERGROUP_NUM,GROUP_NUM,MEM_ID) values (46,187,'main');
Insert into INTEREST_GROUP (INTERGROUP_NUM,GROUP_NUM,MEM_ID) values (47,187,'bbibbigi');
Insert into INTEREST_GROUP (INTERGROUP_NUM,GROUP_NUM,MEM_ID) values (48,227,'dkraktmzl1');
Insert into INTEREST_GROUP (INTERGROUP_NUM,GROUP_NUM,MEM_ID) values (49,173,'dkraktmzl1');
Insert into INTEREST_GROUP (INTERGROUP_NUM,GROUP_NUM,MEM_ID) values (50,179,'dkraktmzl1');
Insert into INTEREST_GROUP (INTERGROUP_NUM,GROUP_NUM,MEM_ID) values (2,161,'main');
REM INSERTING into INTEREST_LOCATION
SET DEFINE OFF;
Insert into INTEREST_LOCATION (INT_LOC_NUM,LOC_CITY,LOC_GU,MEM_ID) values (101,'부산광역시','부산진구','bbibbigi2');
Insert into INTEREST_LOCATION (INT_LOC_NUM,LOC_CITY,LOC_GU,MEM_ID) values (46,'경기도','광명시','dkraktmzl1');
Insert into INTEREST_LOCATION (INT_LOC_NUM,LOC_CITY,LOC_GU,MEM_ID) values (44,'서울특별시','강남구','main');
Insert into INTEREST_LOCATION (INT_LOC_NUM,LOC_CITY,LOC_GU,MEM_ID) values (45,'서울특별시','강남구','bbibbigi');
Insert into INTEREST_LOCATION (INT_LOC_NUM,LOC_CITY,LOC_GU,MEM_ID) values (47,'서울특별시','강남구','bbibbigi1');
Insert into INTEREST_LOCATION (INT_LOC_NUM,LOC_CITY,LOC_GU,MEM_ID) values (48,'서울특별시','구로구','park');
Insert into INTEREST_LOCATION (INT_LOC_NUM,LOC_CITY,LOC_GU,MEM_ID) values (49,'서울특별시','마포구','lee32');
Insert into INTEREST_LOCATION (INT_LOC_NUM,LOC_CITY,LOC_GU,MEM_ID) values (50,'서울특별시','강동구','id32');
Insert into INTEREST_LOCATION (INT_LOC_NUM,LOC_CITY,LOC_GU,MEM_ID) values (51,'서울특별시','마포구','wjddbfk');
Insert into INTEREST_LOCATION (INT_LOC_NUM,LOC_CITY,LOC_GU,MEM_ID) values (55,'서울특별시','도봉구','dkraktmzl2');
Insert into INTEREST_LOCATION (INT_LOC_NUM,LOC_CITY,LOC_GU,MEM_ID) values (56,'인천광역시','남동구','demetrios');
Insert into INTEREST_LOCATION (INT_LOC_NUM,LOC_CITY,LOC_GU,MEM_ID) values (59,'서울특별시','강남구','yura');
Insert into INTEREST_LOCATION (INT_LOC_NUM,LOC_CITY,LOC_GU,MEM_ID) values (57,'서울특별시','구로구','niemi');
Insert into INTEREST_LOCATION (INT_LOC_NUM,LOC_CITY,LOC_GU,MEM_ID) values (58,'경기도','광명시','ssw');
Insert into INTEREST_LOCATION (INT_LOC_NUM,LOC_CITY,LOC_GU,MEM_ID) values (60,'인천광역시','남동구','t-aitch');
Insert into INTEREST_LOCATION (INT_LOC_NUM,LOC_CITY,LOC_GU,MEM_ID) values (61,'서울특별시','강남구','woo');
Insert into INTEREST_LOCATION (INT_LOC_NUM,LOC_CITY,LOC_GU,MEM_ID) values (121,'서울특별시','강동구','dkraktmzl11');
Insert into INTEREST_LOCATION (INT_LOC_NUM,LOC_CITY,LOC_GU,MEM_ID) values (103,'서울특별시','강동구','mail');
Insert into INTEREST_LOCATION (INT_LOC_NUM,LOC_CITY,LOC_GU,MEM_ID) values (52,'서울특별시','서초구','romero');
Insert into INTEREST_LOCATION (INT_LOC_NUM,LOC_CITY,LOC_GU,MEM_ID) values (81,'인천광역시','남동구','gildong');
REM INSERTING into JOIN_REQUEST
SET DEFINE OFF;
Insert into JOIN_REQUEST (REQUEST_NUM,REQUEST_DATE,STATUS,MEM_ID,GROUP_NUM) values (44,to_timestamp('17/02/17 15:18:24.000000000','RR/MM/DD HH24:MI:SSXFF'),'승인','demetrios',192);
Insert into JOIN_REQUEST (REQUEST_NUM,REQUEST_DATE,STATUS,MEM_ID,GROUP_NUM) values (45,to_timestamp('17/02/17 15:18:24.000000000','RR/MM/DD HH24:MI:SSXFF'),'승인','ssw',192);
Insert into JOIN_REQUEST (REQUEST_NUM,REQUEST_DATE,STATUS,MEM_ID,GROUP_NUM) values (82,to_timestamp('17/02/16 18:09:52.000000000','RR/MM/DD HH24:MI:SSXFF'),'대기','main',188);
Insert into JOIN_REQUEST (REQUEST_NUM,REQUEST_DATE,STATUS,MEM_ID,GROUP_NUM) values (124,to_timestamp('17/02/20 18:33:30.000000000','RR/MM/DD HH24:MI:SSXFF'),'승인','ssw',201);
Insert into JOIN_REQUEST (REQUEST_NUM,REQUEST_DATE,STATUS,MEM_ID,GROUP_NUM) values (23,to_timestamp('17/02/10 13:52:19.000000000','RR/MM/DD HH24:MI:SSXFF'),'승인','bbibbigi1',161);
Insert into JOIN_REQUEST (REQUEST_NUM,REQUEST_DATE,STATUS,MEM_ID,GROUP_NUM) values (24,to_timestamp('17/02/10 13:52:19.000000000','RR/MM/DD HH24:MI:SSXFF'),'승인','park',161);
Insert into JOIN_REQUEST (REQUEST_NUM,REQUEST_DATE,STATUS,MEM_ID,GROUP_NUM) values (25,to_timestamp('17/02/10 13:54:02.000000000','RR/MM/DD HH24:MI:SSXFF'),'승인','id32',161);
Insert into JOIN_REQUEST (REQUEST_NUM,REQUEST_DATE,STATUS,MEM_ID,GROUP_NUM) values (26,to_timestamp('17/02/10 13:54:02.000000000','RR/MM/DD HH24:MI:SSXFF'),'승인','lee32',161);
Insert into JOIN_REQUEST (REQUEST_NUM,REQUEST_DATE,STATUS,MEM_ID,GROUP_NUM) values (30,to_timestamp('17/02/10 17:36:42.000000000','RR/MM/DD HH24:MI:SSXFF'),'탈퇴','main',161);
Insert into JOIN_REQUEST (REQUEST_NUM,REQUEST_DATE,STATUS,MEM_ID,GROUP_NUM) values (33,to_timestamp('17/02/10 14:31:24.000000000','RR/MM/DD HH24:MI:SSXFF'),'대기','romero',171);
Insert into JOIN_REQUEST (REQUEST_NUM,REQUEST_DATE,STATUS,MEM_ID,GROUP_NUM) values (36,to_timestamp('17/02/10 15:13:30.000000000','RR/MM/DD HH24:MI:SSXFF'),'승인','demetrios',178);
Insert into JOIN_REQUEST (REQUEST_NUM,REQUEST_DATE,STATUS,MEM_ID,GROUP_NUM) values (35,to_timestamp('17/02/10 14:39:56.000000000','RR/MM/DD HH24:MI:SSXFF'),'대기','demetrios',172);
Insert into JOIN_REQUEST (REQUEST_NUM,REQUEST_DATE,STATUS,MEM_ID,GROUP_NUM) values (38,to_timestamp('17/02/10 15:10:11.000000000','RR/MM/DD HH24:MI:SSXFF'),'대기','dkraktmzl1',172);
Insert into JOIN_REQUEST (REQUEST_NUM,REQUEST_DATE,STATUS,MEM_ID,GROUP_NUM) values (43,to_timestamp('17/02/10 15:36:23.000000000','RR/MM/DD HH24:MI:SSXFF'),'승인','lee32',192);
Insert into JOIN_REQUEST (REQUEST_NUM,REQUEST_DATE,STATUS,MEM_ID,GROUP_NUM) values (101,to_timestamp('17/02/17 11:01:19.000000000','RR/MM/DD HH24:MI:SSXFF'),'대기','id123',161);
Insert into JOIN_REQUEST (REQUEST_NUM,REQUEST_DATE,STATUS,MEM_ID,GROUP_NUM) values (102,to_timestamp('17/02/17 14:20:05.000000000','RR/MM/DD HH24:MI:SSXFF'),'승인','demetrios',189);
Insert into JOIN_REQUEST (REQUEST_NUM,REQUEST_DATE,STATUS,MEM_ID,GROUP_NUM) values (103,to_timestamp('17/02/17 14:41:18.000000000','RR/MM/DD HH24:MI:SSXFF'),'승인','t-aitch',241);
Insert into JOIN_REQUEST (REQUEST_NUM,REQUEST_DATE,STATUS,MEM_ID,GROUP_NUM) values (104,to_timestamp('17/02/17 14:41:55.000000000','RR/MM/DD HH24:MI:SSXFF'),'대기','demetrios',161);
Insert into JOIN_REQUEST (REQUEST_NUM,REQUEST_DATE,STATUS,MEM_ID,GROUP_NUM) values (105,to_timestamp('17/02/17 15:17:55.000000000','RR/MM/DD HH24:MI:SSXFF'),'승인','gildong',241);
Insert into JOIN_REQUEST (REQUEST_NUM,REQUEST_DATE,STATUS,MEM_ID,GROUP_NUM) values (106,to_timestamp('17/02/17 15:18:24.000000000','RR/MM/DD HH24:MI:SSXFF'),'승인','gildong',192);
Insert into JOIN_REQUEST (REQUEST_NUM,REQUEST_DATE,STATUS,MEM_ID,GROUP_NUM) values (29,to_timestamp('17/02/10 16:45:32.000000000','RR/MM/DD HH24:MI:SSXFF'),'강제탈퇴','romero',161);
Insert into JOIN_REQUEST (REQUEST_NUM,REQUEST_DATE,STATUS,MEM_ID,GROUP_NUM) values (37,to_timestamp('17/02/10 14:52:36.000000000','RR/MM/DD HH24:MI:SSXFF'),'승인','bbibbigi1',181);
Insert into JOIN_REQUEST (REQUEST_NUM,REQUEST_DATE,STATUS,MEM_ID,GROUP_NUM) values (81,to_timestamp('17/02/16 15:50:09.000000000','RR/MM/DD HH24:MI:SSXFF'),'승인','bbibbigi',187);
Insert into JOIN_REQUEST (REQUEST_NUM,REQUEST_DATE,STATUS,MEM_ID,GROUP_NUM) values (62,to_timestamp('17/02/15 12:47:24.000000000','RR/MM/DD HH24:MI:SSXFF'),'강제탈퇴','main',187);
Insert into JOIN_REQUEST (REQUEST_NUM,REQUEST_DATE,STATUS,MEM_ID,GROUP_NUM) values (121,to_timestamp('17/02/20 11:18:59.000000000','RR/MM/DD HH24:MI:SSXFF'),'승인','main',192);
Insert into JOIN_REQUEST (REQUEST_NUM,REQUEST_DATE,STATUS,MEM_ID,GROUP_NUM) values (31,to_timestamp('17/02/10 17:33:40.000000000','RR/MM/DD HH24:MI:SSXFF'),'승인','won',161);
Insert into JOIN_REQUEST (REQUEST_NUM,REQUEST_DATE,STATUS,MEM_ID,GROUP_NUM) values (32,to_timestamp('17/02/16 15:54:55.000000000','RR/MM/DD HH24:MI:SSXFF'),'탈퇴','dkraktmzl1',175);
Insert into JOIN_REQUEST (REQUEST_NUM,REQUEST_DATE,STATUS,MEM_ID,GROUP_NUM) values (27,to_timestamp('17/02/10 13:57:50.000000000','RR/MM/DD HH24:MI:SSXFF'),'승인','wjddbfk',161);
Insert into JOIN_REQUEST (REQUEST_NUM,REQUEST_DATE,STATUS,MEM_ID,GROUP_NUM) values (28,to_timestamp('17/02/10 13:57:50.000000000','RR/MM/DD HH24:MI:SSXFF'),'승인','dkraktmzl1',161);
Insert into JOIN_REQUEST (REQUEST_NUM,REQUEST_DATE,STATUS,MEM_ID,GROUP_NUM) values (34,to_timestamp('17/02/10 14:34:47.000000000','RR/MM/DD HH24:MI:SSXFF'),'승인','won',177);
Insert into JOIN_REQUEST (REQUEST_NUM,REQUEST_DATE,STATUS,MEM_ID,GROUP_NUM) values (39,to_timestamp('17/02/10 15:11:45.000000000','RR/MM/DD HH24:MI:SSXFF'),'거절','dkraktmzl1',179);
Insert into JOIN_REQUEST (REQUEST_NUM,REQUEST_DATE,STATUS,MEM_ID,GROUP_NUM) values (40,to_timestamp('17/02/10 15:13:30.000000000','RR/MM/DD HH24:MI:SSXFF'),'승인','dkraktmzl1',178);
Insert into JOIN_REQUEST (REQUEST_NUM,REQUEST_DATE,STATUS,MEM_ID,GROUP_NUM) values (41,to_timestamp('17/02/10 15:12:25.000000000','RR/MM/DD HH24:MI:SSXFF'),'승인','dkraktmzl1',179);
REM INSERTING into LIKE_GREETING
SET DEFINE OFF;
Insert into LIKE_GREETING (GRE_LIKE_NUM,MEM_ID,GREETING_NUM) values (1,'main',44);
Insert into LIKE_GREETING (GRE_LIKE_NUM,MEM_ID,GREETING_NUM) values (21,'bbibbigi',44);
Insert into LIKE_GREETING (GRE_LIKE_NUM,MEM_ID,GREETING_NUM) values (61,'won',44);
REM INSERTING into MAIN_PICTURE
SET DEFINE OFF;
Insert into MAIN_PICTURE (MAIN_PIC_NUM,MAIN_PIC_PATH,MAIN_PIC_NAME,GROUP_NUM) values (280,'/moyeo/resources/resource/assets/images/moimImg-','main.jpg',230);
Insert into MAIN_PICTURE (MAIN_PIC_NUM,MAIN_PIC_PATH,MAIN_PIC_NAME,GROUP_NUM) values (279,'/moyeo/resources/resource/assets/images/moimImg','side.jpg',230);
Insert into MAIN_PICTURE (MAIN_PIC_NUM,MAIN_PIC_PATH,MAIN_PIC_NAME,GROUP_NUM) values (163,'/moyeo/resources/resource/assets/images/moimImg','side.jpg',162);
Insert into MAIN_PICTURE (MAIN_PIC_NUM,MAIN_PIC_PATH,MAIN_PIC_NAME,GROUP_NUM) values (164,'/moyeo/resources/resource/assets/images/moimImg-','main.jpg',162);
Insert into MAIN_PICTURE (MAIN_PIC_NUM,MAIN_PIC_PATH,MAIN_PIC_NAME,GROUP_NUM) values (165,'/groupImgPath','36755f8f-6521-4eb2-8447-5aa89e04ebbc.jpg',163);
Insert into MAIN_PICTURE (MAIN_PIC_NUM,MAIN_PIC_PATH,MAIN_PIC_NAME,GROUP_NUM) values (161,'/groupImgPath','e2fbb7a2-a4fd-40c8-bdce-6e46dd190a50.jpg',161);
Insert into MAIN_PICTURE (MAIN_PIC_NUM,MAIN_PIC_PATH,MAIN_PIC_NAME,GROUP_NUM) values (162,'/groupImgPath-','bd076bad-192a-443f-91fa-730ed2e165b3.jpg',161);
Insert into MAIN_PICTURE (MAIN_PIC_NUM,MAIN_PIC_PATH,MAIN_PIC_NAME,GROUP_NUM) values (166,'/groupImgPath-','c14a53f6-547d-4acc-8f4f-c451da0a67f9.png',163);
Insert into MAIN_PICTURE (MAIN_PIC_NUM,MAIN_PIC_PATH,MAIN_PIC_NAME,GROUP_NUM) values (167,'/moyeo/resources/resource/assets/images/moimImg','side.jpg',164);
Insert into MAIN_PICTURE (MAIN_PIC_NUM,MAIN_PIC_PATH,MAIN_PIC_NAME,GROUP_NUM) values (168,'/moyeo/resources/resource/assets/images/moimImg-','main.jpg',164);
Insert into MAIN_PICTURE (MAIN_PIC_NUM,MAIN_PIC_PATH,MAIN_PIC_NAME,GROUP_NUM) values (181,'/groupImgPath','6fd364d0-70b0-45ec-811c-e5b6d553a090.jpg',171);
Insert into MAIN_PICTURE (MAIN_PIC_NUM,MAIN_PIC_PATH,MAIN_PIC_NAME,GROUP_NUM) values (182,'/moyeo/resources/resource/assets/images/moimImg-','main.jpg',171);
Insert into MAIN_PICTURE (MAIN_PIC_NUM,MAIN_PIC_PATH,MAIN_PIC_NAME,GROUP_NUM) values (183,'/moyeo/resources/resource/assets/images/moimImg','side.jpg',172);
Insert into MAIN_PICTURE (MAIN_PIC_NUM,MAIN_PIC_PATH,MAIN_PIC_NAME,GROUP_NUM) values (184,'/moyeo/resources/resource/assets/images/moimImg-','main.jpg',172);
Insert into MAIN_PICTURE (MAIN_PIC_NUM,MAIN_PIC_PATH,MAIN_PIC_NAME,GROUP_NUM) values (197,'/moyeo/resources/resource/assets/images/moimImg','side.jpg',179);
Insert into MAIN_PICTURE (MAIN_PIC_NUM,MAIN_PIC_PATH,MAIN_PIC_NAME,GROUP_NUM) values (198,'/moyeo/resources/resource/assets/images/moimImg-','main.jpg',179);
Insert into MAIN_PICTURE (MAIN_PIC_NUM,MAIN_PIC_PATH,MAIN_PIC_NAME,GROUP_NUM) values (193,'/groupImgPath','ea9887d9-9be6-4cb4-8676-b39ad7a3ab45.jpg',177);
Insert into MAIN_PICTURE (MAIN_PIC_NUM,MAIN_PIC_PATH,MAIN_PIC_NAME,GROUP_NUM) values (194,'/moyeo/resources/resource/assets/images/moimImg-','main.jpg',177);
Insert into MAIN_PICTURE (MAIN_PIC_NUM,MAIN_PIC_PATH,MAIN_PIC_NAME,GROUP_NUM) values (203,'/moyeo/resources/resource/assets/images/moimImg','side.jpg',182);
Insert into MAIN_PICTURE (MAIN_PIC_NUM,MAIN_PIC_PATH,MAIN_PIC_NAME,GROUP_NUM) values (204,'/moyeo/resources/resource/assets/images/moimImg-','main.jpg',182);
Insert into MAIN_PICTURE (MAIN_PIC_NUM,MAIN_PIC_PATH,MAIN_PIC_NAME,GROUP_NUM) values (213,'/moyeo/resources/resource/assets/images/moimImg','side.jpg',187);
Insert into MAIN_PICTURE (MAIN_PIC_NUM,MAIN_PIC_PATH,MAIN_PIC_NAME,GROUP_NUM) values (214,'/moyeo/resources/resource/assets/images/moimImg-','main.jpg',187);
Insert into MAIN_PICTURE (MAIN_PIC_NUM,MAIN_PIC_PATH,MAIN_PIC_NAME,GROUP_NUM) values (215,'/moyeo/resources/resource/assets/images/moimImg','side.jpg',188);
Insert into MAIN_PICTURE (MAIN_PIC_NUM,MAIN_PIC_PATH,MAIN_PIC_NAME,GROUP_NUM) values (216,'/moyeo/resources/resource/assets/images/moimImg-','main.jpg',188);
Insert into MAIN_PICTURE (MAIN_PIC_NUM,MAIN_PIC_PATH,MAIN_PIC_NAME,GROUP_NUM) values (223,'/groupImgPath','78f2565a-056b-476b-960c-2357f7e56e77.jpg',192);
Insert into MAIN_PICTURE (MAIN_PIC_NUM,MAIN_PIC_PATH,MAIN_PIC_NAME,GROUP_NUM) values (224,'/groupImgPath-','e05f54a1-612a-4cfc-a32b-eddfb53b66e4.png',192);
Insert into MAIN_PICTURE (MAIN_PIC_NUM,MAIN_PIC_PATH,MAIN_PIC_NAME,GROUP_NUM) values (241,'/moyeo/resources/resource/assets/images/moimImg','side.jpg',201);
Insert into MAIN_PICTURE (MAIN_PIC_NUM,MAIN_PIC_PATH,MAIN_PIC_NAME,GROUP_NUM) values (242,'/moyeo/resources/resource/assets/images/moimImg-','main.jpg',201);
Insert into MAIN_PICTURE (MAIN_PIC_NUM,MAIN_PIC_PATH,MAIN_PIC_NAME,GROUP_NUM) values (201,'/moyeo/resources/resource/assets/images/moimImg','side.jpg',181);
Insert into MAIN_PICTURE (MAIN_PIC_NUM,MAIN_PIC_PATH,MAIN_PIC_NAME,GROUP_NUM) values (202,'/moyeo/resources/resource/assets/images/moimImg-','main.jpg',181);
Insert into MAIN_PICTURE (MAIN_PIC_NUM,MAIN_PIC_PATH,MAIN_PIC_NAME,GROUP_NUM) values (217,'/groupImgPath','1fb4b221-e67a-492a-85b3-67d992b0520c.jpg',189);
Insert into MAIN_PICTURE (MAIN_PIC_NUM,MAIN_PIC_PATH,MAIN_PIC_NAME,GROUP_NUM) values (218,'/moyeo/resources/resource/assets/images/moimImg-','main.jpg',189);
Insert into MAIN_PICTURE (MAIN_PIC_NUM,MAIN_PIC_PATH,MAIN_PIC_NAME,GROUP_NUM) values (261,'/moyeo/resources/resource/assets/images/moimImg','side.jpg',221);
Insert into MAIN_PICTURE (MAIN_PIC_NUM,MAIN_PIC_PATH,MAIN_PIC_NAME,GROUP_NUM) values (262,'/moyeo/resources/resource/assets/images/moimImg-','main.jpg',221);
Insert into MAIN_PICTURE (MAIN_PIC_NUM,MAIN_PIC_PATH,MAIN_PIC_NAME,GROUP_NUM) values (263,'/moyeo/resources/resource/assets/images/moimImg','side.jpg',222);
Insert into MAIN_PICTURE (MAIN_PIC_NUM,MAIN_PIC_PATH,MAIN_PIC_NAME,GROUP_NUM) values (264,'/moyeo/resources/resource/assets/images/moimImg-','main.jpg',222);
Insert into MAIN_PICTURE (MAIN_PIC_NUM,MAIN_PIC_PATH,MAIN_PIC_NAME,GROUP_NUM) values (265,'/moyeo/resources/resource/assets/images/moimImg','side.jpg',223);
Insert into MAIN_PICTURE (MAIN_PIC_NUM,MAIN_PIC_PATH,MAIN_PIC_NAME,GROUP_NUM) values (185,'/moyeo/resources/resource/assets/images/moimImg','side.jpg',173);
Insert into MAIN_PICTURE (MAIN_PIC_NUM,MAIN_PIC_PATH,MAIN_PIC_NAME,GROUP_NUM) values (186,'/moyeo/resources/resource/assets/images/moimImg-','main.jpg',173);
Insert into MAIN_PICTURE (MAIN_PIC_NUM,MAIN_PIC_PATH,MAIN_PIC_NAME,GROUP_NUM) values (266,'/moyeo/resources/resource/assets/images/moimImg-','main.jpg',223);
Insert into MAIN_PICTURE (MAIN_PIC_NUM,MAIN_PIC_PATH,MAIN_PIC_NAME,GROUP_NUM) values (267,'/moyeo/resources/resource/assets/images/moimImg','side.jpg',224);
Insert into MAIN_PICTURE (MAIN_PIC_NUM,MAIN_PIC_PATH,MAIN_PIC_NAME,GROUP_NUM) values (268,'/moyeo/resources/resource/assets/images/moimImg-','main.jpg',224);
Insert into MAIN_PICTURE (MAIN_PIC_NUM,MAIN_PIC_PATH,MAIN_PIC_NAME,GROUP_NUM) values (269,'/moyeo/resources/resource/assets/images/moimImg','side.jpg',225);
Insert into MAIN_PICTURE (MAIN_PIC_NUM,MAIN_PIC_PATH,MAIN_PIC_NAME,GROUP_NUM) values (270,'/moyeo/resources/resource/assets/images/moimImg-','main.jpg',225);
Insert into MAIN_PICTURE (MAIN_PIC_NUM,MAIN_PIC_PATH,MAIN_PIC_NAME,GROUP_NUM) values (271,'/moyeo/resources/resource/assets/images/moimImg','side.jpg',226);
Insert into MAIN_PICTURE (MAIN_PIC_NUM,MAIN_PIC_PATH,MAIN_PIC_NAME,GROUP_NUM) values (272,'/moyeo/resources/resource/assets/images/moimImg-','main.jpg',226);
Insert into MAIN_PICTURE (MAIN_PIC_NUM,MAIN_PIC_PATH,MAIN_PIC_NAME,GROUP_NUM) values (273,'/moyeo/resources/resource/assets/images/moimImg','side.jpg',227);
Insert into MAIN_PICTURE (MAIN_PIC_NUM,MAIN_PIC_PATH,MAIN_PIC_NAME,GROUP_NUM) values (274,'/moyeo/resources/resource/assets/images/moimImg-','main.jpg',227);
Insert into MAIN_PICTURE (MAIN_PIC_NUM,MAIN_PIC_PATH,MAIN_PIC_NAME,GROUP_NUM) values (275,'/moyeo/resources/resource/assets/images/moimImg','side.jpg',228);
Insert into MAIN_PICTURE (MAIN_PIC_NUM,MAIN_PIC_PATH,MAIN_PIC_NAME,GROUP_NUM) values (276,'/moyeo/resources/resource/assets/images/moimImg-','main.jpg',228);
Insert into MAIN_PICTURE (MAIN_PIC_NUM,MAIN_PIC_PATH,MAIN_PIC_NAME,GROUP_NUM) values (277,'/moyeo/resources/resource/assets/images/moimImg','side.jpg',229);
Insert into MAIN_PICTURE (MAIN_PIC_NUM,MAIN_PIC_PATH,MAIN_PIC_NAME,GROUP_NUM) values (278,'/moyeo/resources/resource/assets/images/moimImg-','main.jpg',229);
Insert into MAIN_PICTURE (MAIN_PIC_NUM,MAIN_PIC_PATH,MAIN_PIC_NAME,GROUP_NUM) values (281,'/moyeo/resources/resource/assets/images/moimImg','side.jpg',231);
Insert into MAIN_PICTURE (MAIN_PIC_NUM,MAIN_PIC_PATH,MAIN_PIC_NAME,GROUP_NUM) values (282,'/moyeo/resources/resource/assets/images/moimImg-','main.jpg',231);
Insert into MAIN_PICTURE (MAIN_PIC_NUM,MAIN_PIC_PATH,MAIN_PIC_NAME,GROUP_NUM) values (289,'/moyeo/resources/resource/assets/images/moimImg','side.jpg',235);
Insert into MAIN_PICTURE (MAIN_PIC_NUM,MAIN_PIC_PATH,MAIN_PIC_NAME,GROUP_NUM) values (290,'/moyeo/resources/resource/assets/images/moimImg-','main.jpg',235);
Insert into MAIN_PICTURE (MAIN_PIC_NUM,MAIN_PIC_PATH,MAIN_PIC_NAME,GROUP_NUM) values (171,'/groupImgPath','6c86fefe-232f-4b19-aafb-6e61cf22d4e4.png',166);
Insert into MAIN_PICTURE (MAIN_PIC_NUM,MAIN_PIC_PATH,MAIN_PIC_NAME,GROUP_NUM) values (172,'/groupImgPath-','24f77954-50a0-45ca-8906-f57686674450.png',166);
Insert into MAIN_PICTURE (MAIN_PIC_NUM,MAIN_PIC_PATH,MAIN_PIC_NAME,GROUP_NUM) values (173,'/groupImgPath','5b8685d7-8311-474a-80fb-377afacd319f.jpg',167);
Insert into MAIN_PICTURE (MAIN_PIC_NUM,MAIN_PIC_PATH,MAIN_PIC_NAME,GROUP_NUM) values (174,'/groupImgPath-','a827b687-f238-46b2-be44-f8096aef0db9.jpg',167);
Insert into MAIN_PICTURE (MAIN_PIC_NUM,MAIN_PIC_PATH,MAIN_PIC_NAME,GROUP_NUM) values (175,'/groupImgPath','dddad851-3e8e-4b6f-9e4d-a028f53a4a50.jpg',168);
Insert into MAIN_PICTURE (MAIN_PIC_NUM,MAIN_PIC_PATH,MAIN_PIC_NAME,GROUP_NUM) values (176,'/groupImgPath-','e6d37646-6dec-4451-9224-f05dfe328e6b.jpg',168);
Insert into MAIN_PICTURE (MAIN_PIC_NUM,MAIN_PIC_PATH,MAIN_PIC_NAME,GROUP_NUM) values (177,'/moyeo/resources/resource/assets/images/moimImg','side.jpg',169);
Insert into MAIN_PICTURE (MAIN_PIC_NUM,MAIN_PIC_PATH,MAIN_PIC_NAME,GROUP_NUM) values (178,'/moyeo/resources/resource/assets/images/moimImg-','main.jpg',169);
Insert into MAIN_PICTURE (MAIN_PIC_NUM,MAIN_PIC_PATH,MAIN_PIC_NAME,GROUP_NUM) values (179,'/moyeo/resources/resource/assets/images/moimImg','side.jpg',170);
Insert into MAIN_PICTURE (MAIN_PIC_NUM,MAIN_PIC_PATH,MAIN_PIC_NAME,GROUP_NUM) values (180,'/moyeo/resources/resource/assets/images/moimImg-','main.jpg',170);
Insert into MAIN_PICTURE (MAIN_PIC_NUM,MAIN_PIC_PATH,MAIN_PIC_NAME,GROUP_NUM) values (189,'/groupImgPath','3ad3319e-3d81-4d0b-91dc-a7e201cbf9bb.jpg',175);
Insert into MAIN_PICTURE (MAIN_PIC_NUM,MAIN_PIC_PATH,MAIN_PIC_NAME,GROUP_NUM) values (190,'/moyeo/resources/resource/assets/images/moimImg-','main.jpg',175);
Insert into MAIN_PICTURE (MAIN_PIC_NUM,MAIN_PIC_PATH,MAIN_PIC_NAME,GROUP_NUM) values (195,'/moyeo/resources/resource/assets/images/moimImg','side.jpg',178);
Insert into MAIN_PICTURE (MAIN_PIC_NUM,MAIN_PIC_PATH,MAIN_PIC_NAME,GROUP_NUM) values (196,'/moyeo/resources/resource/assets/images/moimImg-','main.jpg',178);
Insert into MAIN_PICTURE (MAIN_PIC_NUM,MAIN_PIC_PATH,MAIN_PIC_NAME,GROUP_NUM) values (285,'/moyeo/resources/resource/assets/images/moimImg','side.jpg',233);
Insert into MAIN_PICTURE (MAIN_PIC_NUM,MAIN_PIC_PATH,MAIN_PIC_NAME,GROUP_NUM) values (286,'/moyeo/resources/resource/assets/images/moimImg-','main.jpg',233);
Insert into MAIN_PICTURE (MAIN_PIC_NUM,MAIN_PIC_PATH,MAIN_PIC_NAME,GROUP_NUM) values (301,'/moyeo/resources/resource/assets/images/moimImg','side.jpg',241);
Insert into MAIN_PICTURE (MAIN_PIC_NUM,MAIN_PIC_PATH,MAIN_PIC_NAME,GROUP_NUM) values (302,'/moyeo/resources/resource/assets/images/moimImg-','main.jpg',241);
REM INSERTING into MANAGER_INFO
SET DEFINE OFF;
Insert into MANAGER_INFO (MANAGER_ID,PASSWD,NAME,AUTHORITY) values ('admin','123','양우진','02');
Insert into MANAGER_INFO (MANAGER_ID,PASSWD,NAME,AUTHORITY) values ('admin4','1','1','08');
Insert into MANAGER_INFO (MANAGER_ID,PASSWD,NAME,AUTHORITY) values ('host3','123','김매니저','08');
Insert into MANAGER_INFO (MANAGER_ID,PASSWD,NAME,AUTHORITY) values ('admin11','123','하위','08');
Insert into MANAGER_INFO (MANAGER_ID,PASSWD,NAME,AUTHORITY) values ('admin2','123','하','08');
Insert into MANAGER_INFO (MANAGER_ID,PASSWD,NAME,AUTHORITY) values ('admin3','123','정','08');
REM INSERTING into MANAGER_NOTI
SET DEFINE OFF;
REM INSERTING into MEETING_LIST
SET DEFINE OFF;
Insert into MEETING_LIST (MEETING_NUM,MEETING_TITLE,MEETING_DETAIL,MEETING_LOC,MEETING_DATE,GROUP_NUM,MEETING_COST,MEETING_PERNUM,LOC_DETAIL) values (103,'10일에 등산 하실분?','북한산에 12시까지 모여주세요','(37.65033478580941, 127.01042971460588)',to_timestamp('17/02/10 00:00:17.700000000','RR/MM/DD HH24:MI:SSXFF'),161,20000,1,'북한산 둘레길 입구');
Insert into MEETING_LIST (MEETING_NUM,MEETING_TITLE,MEETING_DETAIL,MEETING_LOC,MEETING_DATE,GROUP_NUM,MEETING_COST,MEETING_PERNUM,LOC_DETAIL) values (105,'2월 15일 두바이갑니다','몸만 오세요','(37.565928229677944, 126.80077350606274)',to_timestamp('17/02/15 13:00:17.700000000','RR/MM/DD HH24:MI:SSXFF'),192,0,15,'김포공항에서 모여서 두바이로 출발합니다');
Insert into MEETING_LIST (MEETING_NUM,MEETING_TITLE,MEETING_DETAIL,MEETING_LOC,MEETING_DATE,GROUP_NUM,MEETING_COST,MEETING_PERNUM,LOC_DETAIL) values (104,'등산갑시다','여기 모여요','(37.66142960400865, 126.97752812325533)',to_timestamp('17/02/17 00:00:17.700000000','RR/MM/DD HH24:MI:SSXFF'),181,20000,1,'북한산 숨은벽');
Insert into MEETING_LIST (MEETING_NUM,MEETING_TITLE,MEETING_DETAIL,MEETING_LOC,MEETING_DATE,GROUP_NUM,MEETING_COST,MEETING_PERNUM,LOC_DETAIL) values (106,'정기모임','볼링칩시다','(37.555299197509335, 126.93552753204389)',to_timestamp('17/02/10 00:00:17.700000000','RR/MM/DD HH24:MI:SSXFF'),161,30000,10,'신촌역 7번출구 볼링장');
REM INSERTING into MEETING_POST
SET DEFINE OFF;
Insert into MEETING_POST (POST_NUM,POST_TITLE,POST_CONTENT,POST_TAG,POST_DATE,LIKE_NUM,MEM_ID,GROUP_NUM,POST_HIT) values (181,'피자를 먹어본 사람들의 모임','피자맛나요','피자,맛있어,굿,아주좋아,베리굿',to_timestamp('17/02/14 10:27:58.377000000','RR/MM/DD HH24:MI:SSXFF'),1,'main',201,4);
Insert into MEETING_POST (POST_NUM,POST_TITLE,POST_CONTENT,POST_TAG,POST_DATE,LIKE_NUM,MEM_ID,GROUP_NUM,POST_HIT) values (182,'파스타를 먹는 사람들의 모임','파스타 굿','파스타,생면,쫄깃,맛남',to_timestamp('17/02/14 10:28:27.184000000','RR/MM/DD HH24:MI:SSXFF'),2,'main',201,7);
Insert into MEETING_POST (POST_NUM,POST_TITLE,POST_CONTENT,POST_TAG,POST_DATE,LIKE_NUM,MEM_ID,GROUP_NUM,POST_HIT) values (152,'궁 탐험~^^','탐험요~^^',null,to_timestamp('17/02/10 15:16:30.277000000','RR/MM/DD HH24:MI:SSXFF'),0,'dkraktmzl1',188,1);
Insert into MEETING_POST (POST_NUM,POST_TITLE,POST_CONTENT,POST_TAG,POST_DATE,LIKE_NUM,MEM_ID,GROUP_NUM,POST_HIT) values (153,'샤이니 댄스공연 후기','즐거웠음',null,to_timestamp('17/02/10 15:16:49.534000000','RR/MM/DD HH24:MI:SSXFF'),0,'bbibbigi',175,2);
Insert into MEETING_POST (POST_NUM,POST_TITLE,POST_CONTENT,POST_TAG,POST_DATE,LIKE_NUM,MEM_ID,GROUP_NUM,POST_HIT) values (154,'이 구역 춤짱이 누구냐!','누구냐!!!!!',null,to_timestamp('17/02/10 15:17:47.877000000','RR/MM/DD HH24:MI:SSXFF'),0,'dkraktmzl1',178,2);
Insert into MEETING_POST (POST_NUM,POST_TITLE,POST_CONTENT,POST_TAG,POST_DATE,LIKE_NUM,MEM_ID,GROUP_NUM,POST_HIT) values (201,'회식을 하였습니다.','즐거웠어요^^',null,to_timestamp('17/02/17 11:07:50.645000000','RR/MM/DD HH24:MI:SSXFF'),0,'bbibbigi',161,0);
Insert into MEETING_POST (POST_NUM,POST_TITLE,POST_CONTENT,POST_TAG,POST_DATE,LIKE_NUM,MEM_ID,GROUP_NUM,POST_HIT) values (150,'야구 구경갔다옴','ㄴㅇㄴㅇ',null,to_timestamp('17/02/10 15:14:01.095000000','RR/MM/DD HH24:MI:SSXFF'),1,'bbibbigi',161,13);
Insert into MEETING_POST (POST_NUM,POST_TITLE,POST_CONTENT,POST_TAG,POST_DATE,LIKE_NUM,MEM_ID,GROUP_NUM,POST_HIT) values (151,'롯데짱!','짱짱맨!',null,to_timestamp('17/02/10 15:15:29.708000000','RR/MM/DD HH24:MI:SSXFF'),0,'dkraktmzl1',187,5);
Insert into MEETING_POST (POST_NUM,POST_TITLE,POST_CONTENT,POST_TAG,POST_DATE,LIKE_NUM,MEM_ID,GROUP_NUM,POST_HIT) values (202,'쑥대머리 가사','쑥대머리 귀신형용 적막
옥방으 찬자리에 생각난 것이 임뿐이라
보고지고 보고지고 보고지고 한양 낭군을
보고지고 서방님과 정별후로 일장서를 내가
못봤으니 부모봉양 글공부에 겨를이 없어서
이러는가 연인신혼 금슬우지 나를 잊고 이러는가
연인신혼 금슬우지 나를 잊고 이러는가
계궁항아 추월같이 번듯이 솟아서
비치고서 막왕막래 막혔으니 앵무서를 내가
어이보며 전전반측 잠못이르니 호접몽을
꿀수 있나 손가락에 피를 내어 사정으로
편지허고 간장의 썩은 눈물로 님의 화상을
그려볼까 일화일지 춘대우로 내눈물을 뿌렸으니
야우문령 단장성의 비만 많이 와도 임의생각
녹수부용 채련녀와 재룡망채염의 뽕따는
여인들도 낭군생각 일반이라 날보다는
좋은 팔자 옥문밖을 못나가니 뽕을 따고
연캐것나 내가 만일에 도련님을 못보고
옥중고혼이 되거드면 무덤근처 섰는 나무는
상사목이 될것이요 무덤앞에 있는 돌은 망부석이
될것이니 생전사후 이원통을 알어 줄이가
뉘 있드란 말이냐 방성통곡으 울음을 운다 ','쑥대머리,판소리',to_timestamp('17/02/17 14:22:07.198000000','RR/MM/DD HH24:MI:SSXFF'),2,'ssw',189,1);
Insert into MEETING_POST (POST_NUM,POST_TITLE,POST_CONTENT,POST_TAG,POST_DATE,LIKE_NUM,MEM_ID,GROUP_NUM,POST_HIT) values (163,'테스투기','투기','투기,싸움?,덤벼,야임마',to_timestamp('17/02/13 09:31:21.262000000','RR/MM/DD HH24:MI:SSXFF'),1,'main',201,0);
Insert into MEETING_POST (POST_NUM,POST_TITLE,POST_CONTENT,POST_TAG,POST_DATE,LIKE_NUM,MEM_ID,GROUP_NUM,POST_HIT) values (164,'파이리다옹','냐옹이다옹','냐옹이,파이리,꼬부기,버터플,야도란',to_timestamp('17/02/13 09:44:13.513000000','RR/MM/DD HH24:MI:SSXFF'),0,'main',201,2);
Insert into MEETING_POST (POST_NUM,POST_TITLE,POST_CONTENT,POST_TAG,POST_DATE,LIKE_NUM,MEM_ID,GROUP_NUM,POST_HIT) values (165,'test','test',null,to_timestamp('17/02/13 11:46:30.686000000','RR/MM/DD HH24:MI:SSXFF'),1,'main',201,3);
Insert into MEETING_POST (POST_NUM,POST_TITLE,POST_CONTENT,POST_TAG,POST_DATE,LIKE_NUM,MEM_ID,GROUP_NUM,POST_HIT) values (161,'후기작성이랍니다.','오호호','후후,153,후후113,키키키,쿠쿠쿠,끼끼끼',to_timestamp('17/02/13 09:23:32.697000000','RR/MM/DD HH24:MI:SSXFF'),1,'main',201,2);
Insert into MEETING_POST (POST_NUM,POST_TITLE,POST_CONTENT,POST_TAG,POST_DATE,LIKE_NUM,MEM_ID,GROUP_NUM,POST_HIT) values (162,'모임후우기','후후기기','후기,후후기기,후루루루기',to_timestamp('17/02/13 09:27:17.305000000','RR/MM/DD HH24:MI:SSXFF'),1,'main',201,1);
Insert into MEETING_POST (POST_NUM,POST_TITLE,POST_CONTENT,POST_TAG,POST_DATE,LIKE_NUM,MEM_ID,GROUP_NUM,POST_HIT) values (166,'gg','ggg',null,to_timestamp('17/02/13 11:51:53.581000000','RR/MM/DD HH24:MI:SSXFF'),0,'main',201,1);
Insert into MEETING_POST (POST_NUM,POST_TITLE,POST_CONTENT,POST_TAG,POST_DATE,LIKE_NUM,MEM_ID,GROUP_NUM,POST_HIT) values (167,'후기작성 시작합니다.','데헤헷','구우우우우쿠쿠쿠쿠',to_timestamp('17/02/13 15:54:20.002000000','RR/MM/DD HH24:MI:SSXFF'),1,'main',201,3);
Insert into MEETING_POST (POST_NUM,POST_TITLE,POST_CONTENT,POST_TAG,POST_DATE,LIKE_NUM,MEM_ID,GROUP_NUM,POST_HIT) values (168,'디라디로리로리','키키에에케케',null,to_timestamp('17/02/13 15:54:37.802000000','RR/MM/DD HH24:MI:SSXFF'),1,'main',201,3);
Insert into MEETING_POST (POST_NUM,POST_TITLE,POST_CONTENT,POST_TAG,POST_DATE,LIKE_NUM,MEM_ID,GROUP_NUM,POST_HIT) values (144,'댄스 영화감상 후기','좋았어요',null,to_timestamp('17/02/10 14:34:42.927000000','RR/MM/DD HH24:MI:SSXFF'),0,'bbibbigi',175,2);
Insert into MEETING_POST (POST_NUM,POST_TITLE,POST_CONTENT,POST_TAG,POST_DATE,LIKE_NUM,MEM_ID,GROUP_NUM,POST_HIT) values (145,'댄스 공연 후기','즐거웠어요',null,to_timestamp('17/02/10 14:35:34.511000000','RR/MM/DD HH24:MI:SSXFF'),1,'bbibbigi',175,3);
Insert into MEETING_POST (POST_NUM,POST_TITLE,POST_CONTENT,POST_TAG,POST_DATE,LIKE_NUM,MEM_ID,GROUP_NUM,POST_HIT) values (146,'동물사진 모음','귀여워',null,to_timestamp('17/02/10 14:39:03.476000000','RR/MM/DD HH24:MI:SSXFF'),6,'wjddbfk',171,36);
Insert into MEETING_POST (POST_NUM,POST_TITLE,POST_CONTENT,POST_TAG,POST_DATE,LIKE_NUM,MEM_ID,GROUP_NUM,POST_HIT) values (147,'멋진 자동차 모음','자동차 사진 모음입니다^^~~~',null,to_timestamp('17/02/10 14:42:45.294000000','RR/MM/DD HH24:MI:SSXFF'),0,'wjddbfk',178,5);
Insert into MEETING_POST (POST_NUM,POST_TITLE,POST_CONTENT,POST_TAG,POST_DATE,LIKE_NUM,MEM_ID,GROUP_NUM,POST_HIT) values (148,'야구보러 다녀왔어요','즐거웠습니다',null,to_timestamp('17/02/10 14:48:14.875000000','RR/MM/DD HH24:MI:SSXFF'),0,'wjddbfk',179,11);
Insert into MEETING_POST (POST_NUM,POST_TITLE,POST_CONTENT,POST_TAG,POST_DATE,LIKE_NUM,MEM_ID,GROUP_NUM,POST_HIT) values (149,'즐거웠어요~^^','화이팅~^^',null,to_timestamp('17/02/10 14:58:04.056000000','RR/MM/DD HH24:MI:SSXFF'),0,'dkraktmzl1',167,4);
Insert into MEETING_POST (POST_NUM,POST_TITLE,POST_CONTENT,POST_TAG,POST_DATE,LIKE_NUM,MEM_ID,GROUP_NUM,POST_HIT) values (143,'경복궁 탐험 후기','좋았어요',null,to_timestamp('17/02/10 14:32:47.201000000','RR/MM/DD HH24:MI:SSXFF'),1,'bbibbigi',172,2);
Insert into MEETING_POST (POST_NUM,POST_TITLE,POST_CONTENT,POST_TAG,POST_DATE,LIKE_NUM,MEM_ID,GROUP_NUM,POST_HIT) values (155,'등록1','모임후기 좋아요1','굿,좋아요,좋습니다',to_timestamp('17/02/10 17:28:46.818000000','RR/MM/DD HH24:MI:SSXFF'),3,'bbibbigi',161,23);
REM INSERTING into MEETING_POST_LIKE
SET DEFINE OFF;
Insert into MEETING_POST_LIKE (POST_LIKE_NUM,POST_NUM,MEM_ID) values (191,168,'ssw');
Insert into MEETING_POST_LIKE (POST_LIKE_NUM,POST_NUM,MEM_ID) values (193,165,'ssw');
Insert into MEETING_POST_LIKE (POST_LIKE_NUM,POST_NUM,MEM_ID) values (194,162,'ssw');
Insert into MEETING_POST_LIKE (POST_LIKE_NUM,POST_NUM,MEM_ID) values (195,161,'ssw');
Insert into MEETING_POST_LIKE (POST_LIKE_NUM,POST_NUM,MEM_ID) values (106,146,'yura');
Insert into MEETING_POST_LIKE (POST_LIKE_NUM,POST_NUM,MEM_ID) values (108,150,'main');
Insert into MEETING_POST_LIKE (POST_LIKE_NUM,POST_NUM,MEM_ID) values (122,155,'main');
Insert into MEETING_POST_LIKE (POST_LIKE_NUM,POST_NUM,MEM_ID) values (162,155,'demetrios');
Insert into MEETING_POST_LIKE (POST_LIKE_NUM,POST_NUM,MEM_ID) values (161,146,'demetrios');
Insert into MEETING_POST_LIKE (POST_LIKE_NUM,POST_NUM,MEM_ID) values (141,146,'bbibbigi');
Insert into MEETING_POST_LIKE (POST_LIKE_NUM,POST_NUM,MEM_ID) values (183,202,'ssw');
Insert into MEETING_POST_LIKE (POST_LIKE_NUM,POST_NUM,MEM_ID) values (142,182,'bbibbigi');
Insert into MEETING_POST_LIKE (POST_LIKE_NUM,POST_NUM,MEM_ID) values (185,182,'main');
Insert into MEETING_POST_LIKE (POST_LIKE_NUM,POST_NUM,MEM_ID) values (184,202,'demetrios');
Insert into MEETING_POST_LIKE (POST_LIKE_NUM,POST_NUM,MEM_ID) values (186,181,'main');
Insert into MEETING_POST_LIKE (POST_LIKE_NUM,POST_NUM,MEM_ID) values (187,167,'main');
Insert into MEETING_POST_LIKE (POST_LIKE_NUM,POST_NUM,MEM_ID) values (188,163,'main');
Insert into MEETING_POST_LIKE (POST_LIKE_NUM,POST_NUM,MEM_ID) values (189,146,'ssw');
Insert into MEETING_POST_LIKE (POST_LIKE_NUM,POST_NUM,MEM_ID) values (102,143,'bbibbigi');
Insert into MEETING_POST_LIKE (POST_LIKE_NUM,POST_NUM,MEM_ID) values (104,146,'won');
Insert into MEETING_POST_LIKE (POST_LIKE_NUM,POST_NUM,MEM_ID) values (105,145,'wjddbfk');
Insert into MEETING_POST_LIKE (POST_LIKE_NUM,POST_NUM,MEM_ID) values (103,146,'wjddbfk');
Insert into MEETING_POST_LIKE (POST_LIKE_NUM,POST_NUM,MEM_ID) values (109,155,'bbibbigi');
REM INSERTING into MEETING_POST_REPLY
SET DEFINE OFF;
Insert into MEETING_POST_REPLY (POSTREP_NUM,REPLY_CONTENT,WRITE_DATE,MEM_ID,POST_NUM) values (104,'하하?',to_timestamp('17/02/15 15:29:23.754000000','RR/MM/DD HH24:MI:SSXFF'),'park',155);
Insert into MEETING_POST_REPLY (POSTREP_NUM,REPLY_CONTENT,WRITE_DATE,MEM_ID,POST_NUM) values (83,'정말 즐거운 시간이었을 것 같습니다.',to_timestamp('17/02/10 16:41:58.626000000','RR/MM/DD HH24:MI:SSXFF'),'main',150);
Insert into MEETING_POST_REPLY (POSTREP_NUM,REPLY_CONTENT,WRITE_DATE,MEM_ID,POST_NUM) values (91,'ㅋㅋㅋㅋㅋㅋㅋ',to_timestamp('17/02/10 17:29:05.890000000','RR/MM/DD HH24:MI:SSXFF'),'bbibbigi',155);
Insert into MEETING_POST_REPLY (POSTREP_NUM,REPLY_CONTENT,WRITE_DATE,MEM_ID,POST_NUM) values (92,'ㅋㅋㅋㅋㅋ',to_timestamp('17/02/10 17:29:07.490000000','RR/MM/DD HH24:MI:SSXFF'),'bbibbigi',155);
REM INSERTING into MEMBER_INFO
SET DEFINE OFF;
Insert into MEMBER_INFO (MEM_ID,PASSWD,NAME,ADDRESS,TEL,BIRTH,EMAIL,PROPIC_PATH,PROPIC_NAME,JOIN_DATE,GENDER) values ('bbibbigi2','123','하대성','대전광역시 대덕구','010-3451-1234',to_timestamp('17/02/01 00:00:00.000000000','RR/MM/DD HH24:MI:SSXFF'),'bbibbigi@naver.com','/moyeo/resources/resource/img/custom','manDef.jpg',to_timestamp('17/02/20 11:49:28.566000000','RR/MM/DD HH24:MI:SSXFF'),'man');
Insert into MEMBER_INFO (MEM_ID,PASSWD,NAME,ADDRESS,TEL,BIRTH,EMAIL,PROPIC_PATH,PROPIC_NAME,JOIN_DATE,GENDER) values ('dkraktmzl1','123','양우진','경기도 광명시','010-4340-0217',to_timestamp('92/02/08 00:00:00.000000000','RR/MM/DD HH24:MI:SSXFF'),'pretty_sm@naver.com','/profileImgPath','c7bc3ed8-7e45-4cd8-b5b4-c898e4c08eff.jpg',to_timestamp('17/02/10 13:48:16.080000000','RR/MM/DD HH24:MI:SSXFF'),'man');
Insert into MEMBER_INFO (MEM_ID,PASSWD,NAME,ADDRESS,TEL,BIRTH,EMAIL,PROPIC_PATH,PROPIC_NAME,JOIN_DATE,GENDER) values ('bbibbigi1','123','하대성','서울특별시 강남구','011-737-7777',to_timestamp('17/01/04 00:00:00.000000000','RR/MM/DD HH24:MI:SSXFF'),'bbibbigi@naver.com','/profileImgPath','7a87ae8f-a4b1-4277-bfdb-93a0db131005.jpg',to_timestamp('17/02/10 13:49:18.437000000','RR/MM/DD HH24:MI:SSXFF'),'man');
Insert into MEMBER_INFO (MEM_ID,PASSWD,NAME,ADDRESS,TEL,BIRTH,EMAIL,PROPIC_PATH,PROPIC_NAME,JOIN_DATE,GENDER) values ('main','123','main','부산광역시 금정구','010-0000-0000',to_timestamp('17/02/07 00:00:00.000000000','RR/MM/DD HH24:MI:SSXFF'),'main@naver.com','/profileImgPath','07e75cfa-b8f0-46af-be3b-66e0626b716e.jpg',to_timestamp('17/02/10 13:39:50.502000000','RR/MM/DD HH24:MI:SSXFF'),'man');
Insert into MEMBER_INFO (MEM_ID,PASSWD,NAME,ADDRESS,TEL,BIRTH,EMAIL,PROPIC_PATH,PROPIC_NAME,JOIN_DATE,GENDER) values ('park','123','박은선','서울특별시 구로구','010-2222-2222',to_timestamp('91/07/10 00:00:00.000000000','RR/MM/DD HH24:MI:SSXFF'),'parkeunsun@naver.com','/moyeo/resources/resource/img/custom','womanDef.jpg',to_timestamp('17/02/10 13:51:22.530000000','RR/MM/DD HH24:MI:SSXFF'),'woman');
Insert into MEMBER_INFO (MEM_ID,PASSWD,NAME,ADDRESS,TEL,BIRTH,EMAIL,PROPIC_PATH,PROPIC_NAME,JOIN_DATE,GENDER) values ('lee32','123','이상준','서울특별시 송파구','010-3342-2345',to_timestamp('90/11/15 00:00:00.000000000','RR/MM/DD HH24:MI:SSXFF'),'gusghid@naver.com','/profileImgPath','87dcc214-841c-49f2-b7c9-7ced6aa4f8db.png',to_timestamp('17/02/10 13:53:00.389000000','RR/MM/DD HH24:MI:SSXFF'),'man');
Insert into MEMBER_INFO (MEM_ID,PASSWD,NAME,ADDRESS,TEL,BIRTH,EMAIL,PROPIC_PATH,PROPIC_NAME,JOIN_DATE,GENDER) values ('bbibbigi','123','하대','서울특별시 강동구','010-111-111',to_timestamp('09/01/07 00:00:00.000000000','RR/MM/DD HH24:MI:SSXFF'),'bbibbigi@naver.com','/profileImgPath','4efe2a68-7d18-4479-b275-0aa6acbb28de.jpg',to_timestamp('17/02/10 13:44:14.961000000','RR/MM/DD HH24:MI:SSXFF'),'man');
Insert into MEMBER_INFO (MEM_ID,PASSWD,NAME,ADDRESS,TEL,BIRTH,EMAIL,PROPIC_PATH,PROPIC_NAME,JOIN_DATE,GENDER) values ('id32','123','kim','서울특별시 강남구','010-111-1111',to_timestamp('17/02/20 00:00:00.000000000','RR/MM/DD HH24:MI:SSXFF'),'123@naver.com','/moyeo/resources/resource/img/custom','manDef.jpg',to_timestamp('17/02/10 13:53:07.206000000','RR/MM/DD HH24:MI:SSXFF'),'man');
Insert into MEMBER_INFO (MEM_ID,PASSWD,NAME,ADDRESS,TEL,BIRTH,EMAIL,PROPIC_PATH,PROPIC_NAME,JOIN_DATE,GENDER) values ('wjddbfk','1234','정유라','인천광역시 남동구','010-2877-9685',to_timestamp('91/06/15 00:00:00.000000000','RR/MM/DD HH24:MI:SSXFF'),'mynsmeiskk@naver.com','/moyeo/resources/resource/img/custom','womanDef.jpg',to_timestamp('17/02/10 13:56:05.552000000','RR/MM/DD HH24:MI:SSXFF'),'woman');
Insert into MEMBER_INFO (MEM_ID,PASSWD,NAME,ADDRESS,TEL,BIRTH,EMAIL,PROPIC_PATH,PROPIC_NAME,JOIN_DATE,GENDER) values ('dkraktmzl2','123','무진이','서울특별시 강남구','010-1111-1111',to_timestamp('69/02/27 00:00:00.000000000','RR/MM/DD HH24:MI:SSXFF'),'p@naver.com','/moyeo/resources/resource/img/custom','womanDef.jpg',to_timestamp('17/02/10 14:07:27.597000000','RR/MM/DD HH24:MI:SSXFF'),'woman');
Insert into MEMBER_INFO (MEM_ID,PASSWD,NAME,ADDRESS,TEL,BIRTH,EMAIL,PROPIC_PATH,PROPIC_NAME,JOIN_DATE,GENDER) values ('demetrios','123','Demetrios','경기도 양주시','010-3463-1644',to_timestamp('59/01/29 00:00:00.000000000','RR/MM/DD HH24:MI:SSXFF'),'Deme@daum.net','/profileImgPath','12da041a-16b5-46e8-afb1-ac7763028f19.jpg',to_timestamp('17/02/10 14:21:21.596000000','RR/MM/DD HH24:MI:SSXFF'),'man');
Insert into MEMBER_INFO (MEM_ID,PASSWD,NAME,ADDRESS,TEL,BIRTH,EMAIL,PROPIC_PATH,PROPIC_NAME,JOIN_DATE,GENDER) values ('yura','123','유라정','서울특별시 강남구','010-0000-0000',to_timestamp('17/02/07 00:00:00.000000000','RR/MM/DD HH24:MI:SSXFF'),'yoo@naver.com','/moyeo/resources/resource/img/custom','manDef.jpg',to_timestamp('17/02/10 15:23:07.138000000','RR/MM/DD HH24:MI:SSXFF'),'man');
Insert into MEMBER_INFO (MEM_ID,PASSWD,NAME,ADDRESS,TEL,BIRTH,EMAIL,PROPIC_PATH,PROPIC_NAME,JOIN_DATE,GENDER) values ('t-aitch','123','홍현호','인천광역시 남동구','010-8552-1174',to_timestamp('90/04/07 00:00:00.000000000','RR/MM/DD HH24:MI:SSXFF'),'t-aitch@naver.com','/profileImgPath','988821f6-cd22-443c-be04-7a316367cd40.png',to_timestamp('17/02/10 15:29:38.760000000','RR/MM/DD HH24:MI:SSXFF'),'man');
Insert into MEMBER_INFO (MEM_ID,PASSWD,NAME,ADDRESS,TEL,BIRTH,EMAIL,PROPIC_PATH,PROPIC_NAME,JOIN_DATE,GENDER) values ('woo','123','우진양','서울특별시 강남구','010-0000-0000',to_timestamp('17/02/08 00:00:00.000000000','RR/MM/DD HH24:MI:SSXFF'),'jip890611@naver.com','/profileImgPath','fe95de17-3a9f-4d05-998b-0c2768ebe467.jpg',to_timestamp('17/02/10 17:13:32.769000000','RR/MM/DD HH24:MI:SSXFF'),'man');
Insert into MEMBER_INFO (MEM_ID,PASSWD,NAME,ADDRESS,TEL,BIRTH,EMAIL,PROPIC_PATH,PROPIC_NAME,JOIN_DATE,GENDER) values ('id123','123','kim','서울특별시 강남구','010-1111-1112',to_timestamp('17/02/02 00:00:00.000000000','RR/MM/DD HH24:MI:SSXFF'),'ack4451@naver.com','/profileImgPath','7d5cd587-009e-4432-a8b3-d3dff8a1534c.jpg',to_timestamp('17/02/17 10:04:56.749000000','RR/MM/DD HH24:MI:SSXFF'),'man');
Insert into MEMBER_INFO (MEM_ID,PASSWD,NAME,ADDRESS,TEL,BIRTH,EMAIL,PROPIC_PATH,PROPIC_NAME,JOIN_DATE,GENDER) values ('gildong','123','홍길동','대전광역시 대덕구','010-2340-2342',to_timestamp('90/04/11 00:00:00.000000000','RR/MM/DD HH24:MI:SSXFF'),'t-aitch@naver.com','/profileImgPath','375fa117-f3ad-4324-89ad-8d6a6e607217.jpg',to_timestamp('17/02/17 15:13:33.980000000','RR/MM/DD HH24:MI:SSXFF'),'man');
Insert into MEMBER_INFO (MEM_ID,PASSWD,NAME,ADDRESS,TEL,BIRTH,EMAIL,PROPIC_PATH,PROPIC_NAME,JOIN_DATE,GENDER) values ('dkraktmzl11','123','양우진','경기도 광명시','010-1111-1111',to_timestamp('17/02/09 00:00:00.000000000','RR/MM/DD HH24:MI:SSXFF'),'pretty_sm@naver.com','/profileImgPath','f798d32a-151b-4901-b420-db361df2a796.jpg',to_timestamp('17/02/21 16:34:50.743000000','RR/MM/DD HH24:MI:SSXFF'),'man');
Insert into MEMBER_INFO (MEM_ID,PASSWD,NAME,ADDRESS,TEL,BIRTH,EMAIL,PROPIC_PATH,PROPIC_NAME,JOIN_DATE,GENDER) values ('niemi','123','안티 니에미','부산광역시 동래구','010-6346-6734',to_timestamp('50/02/01 00:00:00.000000000','RR/MM/DD HH24:MI:SSXFF'),'niemi@nate.com','/moyeo/resources/resource/img/custom','manDef.jpg',to_timestamp('17/02/10 14:55:57.926000000','RR/MM/DD HH24:MI:SSXFF'),'man');
Insert into MEMBER_INFO (MEM_ID,PASSWD,NAME,ADDRESS,TEL,BIRTH,EMAIL,PROPIC_PATH,PROPIC_NAME,JOIN_DATE,GENDER) values ('ssw','123','신승우1','경기도 여주시','010-3535-7345',to_timestamp('74/02/20 00:00:00.000000000','RR/MM/DD HH24:MI:SSXFF'),'shin@gmail.com','/profileImgPath','c9ead190-f889-448a-aba5-3b473d18aafa.jpg',to_timestamp('17/02/10 15:21:25.955000000','RR/MM/DD HH24:MI:SSXFF'),'man');
Insert into MEMBER_INFO (MEM_ID,PASSWD,NAME,ADDRESS,TEL,BIRTH,EMAIL,PROPIC_PATH,PROPIC_NAME,JOIN_DATE,GENDER) values ('romero','123','신승우','서울특별시 영등포구','010-7574-8464',to_timestamp('99/12/28 00:00:00.000000000','RR/MM/DD HH24:MI:SSXFF'),'romero@gmail.com','/profileImgPath','45d1541f-a992-4520-b6ae-1735a827d2e7.jpg',to_timestamp('17/02/10 13:57:26.507000000','RR/MM/DD HH24:MI:SSXFF'),'man');
Insert into MEMBER_INFO (MEM_ID,PASSWD,NAME,ADDRESS,TEL,BIRTH,EMAIL,PROPIC_PATH,PROPIC_NAME,JOIN_DATE,GENDER) values ('hhh_kin','gusghwmf','박노봉','세종특별자치시 세종특별자치시','010-1234-1234',to_timestamp('17/03/07 00:00:00.000000000','RR/MM/DD HH24:MI:SSXFF'),'bvo@Nate.com','/moyeo/resources/resource/img/custom','womanDef.jpg',to_timestamp('17/02/20 15:49:06.376000000','RR/MM/DD HH24:MI:SSXFF'),'woman');
Insert into MEMBER_INFO (MEM_ID,PASSWD,NAME,ADDRESS,TEL,BIRTH,EMAIL,PROPIC_PATH,PROPIC_NAME,JOIN_DATE,GENDER) values ('mail','123','메일학인','서울특별시 강동구','010-0000-0000',to_timestamp('17/02/06 00:00:00.000000000','RR/MM/DD HH24:MI:SSXFF'),'jip890611@naver.com','/moyeo/resources/resource/img/custom','manDef.jpg',to_timestamp('17/02/20 14:28:00.215000000','RR/MM/DD HH24:MI:SSXFF'),'man');
Insert into MEMBER_INFO (MEM_ID,PASSWD,NAME,ADDRESS,TEL,BIRTH,EMAIL,PROPIC_PATH,PROPIC_NAME,JOIN_DATE,GENDER) values ('won','123','hahaha','부산광역시 강서구','010-111-1111',to_timestamp('17/02/01 00:00:00.000000000','RR/MM/DD HH24:MI:SSXFF'),'1@nave.rocm','/moyeo/resources/resource/img/custom','womanDef.jpg',to_timestamp('17/02/10 14:05:05.086000000','RR/MM/DD HH24:MI:SSXFF'),'woman');
REM INSERTING into MEMBER_NOTI
SET DEFINE OFF;
Insert into MEMBER_NOTI (NOTI_NUM,NOTI_CONTENT,IS_CHECKED,NOTI_DATE,MEM_ID) values (23,'[모임가입승인알림] bbibbigi님, ''마! 우리가 짱이다 마!''의 모임가입신청이 승인되었습니다.','1',to_timestamp('17/02/16 00:00:00.000000000','RR/MM/DD HH24:MI:SSXFF'),'bbibbigi');
Insert into MEMBER_NOTI (NOTI_NUM,NOTI_CONTENT,IS_CHECKED,NOTI_DATE,MEM_ID) values (24,'[모임등급알림] bbibbigi님, ''마! 우리가 짱이다 마!'' 모임에서 모임원 등급이 변경되었습니다. ','1',to_timestamp('17/02/16 00:00:00.000000000','RR/MM/DD HH24:MI:SSXFF'),'bbibbigi');
Insert into MEMBER_NOTI (NOTI_NUM,NOTI_CONTENT,IS_CHECKED,NOTI_DATE,MEM_ID) values (111,'[모임가입승인알림] ssw님, ''새로운테스트모임''의 모임가입신청이 승인되었습니다.','1',to_timestamp('17/02/20 18:33:30.000000000','RR/MM/DD HH24:MI:SSXFF'),'ssw');
Insert into MEMBER_NOTI (NOTI_NUM,NOTI_CONTENT,IS_CHECKED,NOTI_DATE,MEM_ID) values (25,'[모임등급알림] bbibbigi님, ''마! 우리가 짱이다 마!'' 모임에서 모임원 등급이 변경되었습니다. ','1',to_timestamp('17/02/16 00:00:00.000000000','RR/MM/DD HH24:MI:SSXFF'),'bbibbigi');
Insert into MEMBER_NOTI (NOTI_NUM,NOTI_CONTENT,IS_CHECKED,NOTI_DATE,MEM_ID) values (67,'[답변알림] won님, Q&A게시판에 질문하신 ''연어상어?'' 질문에 관리자 답변이 등록되었습니다.','0',to_timestamp('17/02/17 00:00:00.000000000','RR/MM/DD HH24:MI:SSXFF'),'won');
Insert into MEMBER_NOTI (NOTI_NUM,NOTI_CONTENT,IS_CHECKED,NOTI_DATE,MEM_ID) values (46,'[모임가입승인알림] demetrios님, ''쑥대머리 한대목''의 모임가입신청이 승인되었습니다.','1',to_timestamp('17/02/17 00:00:00.000000000','RR/MM/DD HH24:MI:SSXFF'),'demetrios');
Insert into MEMBER_NOTI (NOTI_NUM,NOTI_CONTENT,IS_CHECKED,NOTI_DATE,MEM_ID) values (47,'[모임등급알림] demetrios님, ''쑥대머리 한대목'' 모임에서 모임원 등급이 변경되었습니다. ','1',to_timestamp('17/02/17 00:00:00.000000000','RR/MM/DD HH24:MI:SSXFF'),'demetrios');
Insert into MEMBER_NOTI (NOTI_NUM,NOTI_CONTENT,IS_CHECKED,NOTI_DATE,MEM_ID) values (50,'[모임가입승인알림] t-aitch님, ''망나뇽잡으러 가실분''의 모임가입신청이 승인되었습니다.','1',to_timestamp('17/02/17 00:00:00.000000000','RR/MM/DD HH24:MI:SSXFF'),'t-aitch');
Insert into MEMBER_NOTI (NOTI_NUM,NOTI_CONTENT,IS_CHECKED,NOTI_DATE,MEM_ID) values (53,'[댓글알림] romero님, ''등산을 떠나요'' 모임에 작성하신 가입인사에 bbibbigi님이 댓글을 작성했습니다.','0',to_timestamp('17/02/17 00:00:00.000000000','RR/MM/DD HH24:MI:SSXFF'),'romero');
Insert into MEMBER_NOTI (NOTI_NUM,NOTI_CONTENT,IS_CHECKED,NOTI_DATE,MEM_ID) values (54,'[좋아요알림] romero님, ''등산을 떠나요'' 모임에 작성하신 가입인사를 bbibbigi 님이 좋아했습니다.','0',to_timestamp('17/02/17 00:00:00.000000000','RR/MM/DD HH24:MI:SSXFF'),'romero');
Insert into MEMBER_NOTI (NOTI_NUM,NOTI_CONTENT,IS_CHECKED,NOTI_DATE,MEM_ID) values (68,'[신고알림] id123님, 접수된 ''등산을 떠나요'' 모임의 신고가 정상적으로 처리되었습니다.','0',to_timestamp('17/02/17 00:00:00.000000000','RR/MM/DD HH24:MI:SSXFF'),'id123');
Insert into MEMBER_NOTI (NOTI_NUM,NOTI_CONTENT,IS_CHECKED,NOTI_DATE,MEM_ID) values (69,'[신고알림] id123님, 접수된 ''등산을 떠나요'' 모임의 신고가 정상적으로 처리되었습니다.','0',to_timestamp('17/02/17 00:00:00.000000000','RR/MM/DD HH24:MI:SSXFF'),'id123');
Insert into MEMBER_NOTI (NOTI_NUM,NOTI_CONTENT,IS_CHECKED,NOTI_DATE,MEM_ID) values (70,'[신고알림] id123님, 접수된 ''등산을 떠나요'' 모임의 신고가 정상적으로 처리되었습니다.','0',to_timestamp('17/02/17 00:00:00.000000000','RR/MM/DD HH24:MI:SSXFF'),'id123');
Insert into MEMBER_NOTI (NOTI_NUM,NOTI_CONTENT,IS_CHECKED,NOTI_DATE,MEM_ID) values (71,'[신고알림] demetrios님, 접수된 ''짱꼴라~'' 모임의 신고가 정상적으로 처리되었습니다.','1',to_timestamp('17/02/17 00:00:00.000000000','RR/MM/DD HH24:MI:SSXFF'),'demetrios');
Insert into MEMBER_NOTI (NOTI_NUM,NOTI_CONTENT,IS_CHECKED,NOTI_DATE,MEM_ID) values (3,'[모임가입승인알림] main님, ''마! 우리가 짱이다 마!''의 모임가입신청이 승인되었습니다.','1',to_timestamp('17/02/15 00:00:00.000000000','RR/MM/DD HH24:MI:SSXFF'),'main');
Insert into MEMBER_NOTI (NOTI_NUM,NOTI_CONTENT,IS_CHECKED,NOTI_DATE,MEM_ID) values (4,'[모임등급알림] main님, ''마! 우리가 짱이다 마!'' 모임에서 모임원 등급이 변경되었습니다. ','1',to_timestamp('17/02/15 00:00:00.000000000','RR/MM/DD HH24:MI:SSXFF'),'main');
Insert into MEMBER_NOTI (NOTI_NUM,NOTI_CONTENT,IS_CHECKED,NOTI_DATE,MEM_ID) values (5,'[모임강퇴알림] main님, ''마! 우리가 짱이다 마!'' 모임에서 강제 탈퇴 당하셨습니다.','1',to_timestamp('17/02/15 00:00:00.000000000','RR/MM/DD HH24:MI:SSXFF'),'main');
Insert into MEMBER_NOTI (NOTI_NUM,NOTI_CONTENT,IS_CHECKED,NOTI_DATE,MEM_ID) values (121,'[모임폐쇄알림] dkraktmzl1님, 가입하신 ''짱꼴라~'' 모임이 폐쇄되었습니다.','0',to_timestamp('17/02/21 10:40:20.000000000','RR/MM/DD HH24:MI:SSXFF'),'dkraktmzl1');
Insert into MEMBER_NOTI (NOTI_NUM,NOTI_CONTENT,IS_CHECKED,NOTI_DATE,MEM_ID) values (27,'[신고알림] dkraktmzl1님, 접수된 ''새로운테스트모임'' 모임의 신고가 정상적으로 처리되었습니다.','1',to_timestamp('17/02/16 00:00:00.000000000','RR/MM/DD HH24:MI:SSXFF'),'dkraktmzl1');
Insert into MEMBER_NOTI (NOTI_NUM,NOTI_CONTENT,IS_CHECKED,NOTI_DATE,MEM_ID) values (122,'[댓글알림] romero님, ''등산을 떠나요'' 모임에 작성하신 가입인사에 bbibbigi님이 댓글을 작성했습니다.','0',to_timestamp('17/02/21 15:14:31.000000000','RR/MM/DD HH24:MI:SSXFF'),'romero');
Insert into MEMBER_NOTI (NOTI_NUM,NOTI_CONTENT,IS_CHECKED,NOTI_DATE,MEM_ID) values (31,'[모임폐쇄알림] dkraktmzl1님, 가입하신 ''결혼은 미친짓이다.'' 모임이 폐쇄되었습니다.','1',to_timestamp('17/02/16 00:00:00.000000000','RR/MM/DD HH24:MI:SSXFF'),'dkraktmzl1');
Insert into MEMBER_NOTI (NOTI_NUM,NOTI_CONTENT,IS_CHECKED,NOTI_DATE,MEM_ID) values (82,'[모임가입승인알림] main님, ''전용기 타고 같이 돌아다니실분들 모여''의 모임가입신청이 승인되었습니다.','1',to_timestamp('17/02/20 00:00:00.000000000','RR/MM/DD HH24:MI:SSXFF'),'main');
Insert into MEMBER_NOTI (NOTI_NUM,NOTI_CONTENT,IS_CHECKED,NOTI_DATE,MEM_ID) values (123,'[좋아요알림] romero님, ''등산을 떠나요'' 모임에 작성하신 가입인사를 won 님이 좋아했습니다.','0',to_timestamp('17/02/21 15:15:26.000000000','RR/MM/DD HH24:MI:SSXFF'),'romero');
Insert into MEMBER_NOTI (NOTI_NUM,NOTI_CONTENT,IS_CHECKED,NOTI_DATE,MEM_ID) values (95,'[모임가입거절알림] main님, ''모여팀 등산모임''의 모임가입신청이 거절되었습니다.','1',to_timestamp('17/02/20 00:00:00.000000000','RR/MM/DD HH24:MI:SSXFF'),'main');
Insert into MEMBER_NOTI (NOTI_NUM,NOTI_CONTENT,IS_CHECKED,NOTI_DATE,MEM_ID) values (96,'[모임가입승인알림] ssw님, ''모여팀 등산모임''의 모임가입신청이 승인되었습니다.','1',to_timestamp('17/02/20 00:00:00.000000000','RR/MM/DD HH24:MI:SSXFF'),'ssw');
Insert into MEMBER_NOTI (NOTI_NUM,NOTI_CONTENT,IS_CHECKED,NOTI_DATE,MEM_ID) values (97,'[답변알림] main님, Q&A게시판에 질문하신 ''질문합니다.'' 질문에 관리자 답변이 등록되었습니다.','1',to_timestamp('17/02/20 00:00:00.000000000','RR/MM/DD HH24:MI:SSXFF'),'main');
Insert into MEMBER_NOTI (NOTI_NUM,NOTI_CONTENT,IS_CHECKED,NOTI_DATE,MEM_ID) values (100,'[이벤트알림] lee32님, 참여하신 ''테스트'' 이벤트의 결과가 발표되었습니다. 자세한 사항은 이벤트 당첨알림 게시판을 확인해 주세요.','0',to_timestamp('17/02/20 00:00:00.000000000','RR/MM/DD HH24:MI:SSXFF'),'lee32');
Insert into MEMBER_NOTI (NOTI_NUM,NOTI_CONTENT,IS_CHECKED,NOTI_DATE,MEM_ID) values (101,'[이벤트알림] t-aitch님, 참여하신 ''테스트'' 이벤트의 결과가 발표되었습니다. 자세한 사항은 이벤트 당첨알림 게시판을 확인해 주세요.','1',to_timestamp('17/02/20 00:00:00.000000000','RR/MM/DD HH24:MI:SSXFF'),'t-aitch');
Insert into MEMBER_NOTI (NOTI_NUM,NOTI_CONTENT,IS_CHECKED,NOTI_DATE,MEM_ID) values (102,'[이벤트알림] woo님, 참여하신 ''테스트'' 이벤트의 결과가 발표되었습니다. 자세한 사항은 이벤트 당첨알림 게시판을 확인해 주세요.','0',to_timestamp('17/02/20 00:00:00.000000000','RR/MM/DD HH24:MI:SSXFF'),'woo');
Insert into MEMBER_NOTI (NOTI_NUM,NOTI_CONTENT,IS_CHECKED,NOTI_DATE,MEM_ID) values (103,'[이벤트알림] wjddbfk님, 참여하신 ''테스트'' 이벤트의 결과가 발표되었습니다. 자세한 사항은 이벤트 당첨알림 게시판을 확인해 주세요.','0',to_timestamp('17/02/20 00:00:00.000000000','RR/MM/DD HH24:MI:SSXFF'),'wjddbfk');
Insert into MEMBER_NOTI (NOTI_NUM,NOTI_CONTENT,IS_CHECKED,NOTI_DATE,MEM_ID) values (104,'[이벤트알림] dkraktmzl2님, 참여하신 ''테스트'' 이벤트의 결과가 발표되었습니다. 자세한 사항은 이벤트 당첨알림 게시판을 확인해 주세요.','0',to_timestamp('17/02/20 00:00:00.000000000','RR/MM/DD HH24:MI:SSXFF'),'dkraktmzl2');
Insert into MEMBER_NOTI (NOTI_NUM,NOTI_CONTENT,IS_CHECKED,NOTI_DATE,MEM_ID) values (105,'[이벤트알림] bbibbigi님, 참여하신 ''테스트'' 이벤트의 결과가 발표되었습니다. 자세한 사항은 이벤트 당첨알림 게시판을 확인해 주세요.','0',to_timestamp('17/02/20 00:00:00.000000000','RR/MM/DD HH24:MI:SSXFF'),'bbibbigi');
Insert into MEMBER_NOTI (NOTI_NUM,NOTI_CONTENT,IS_CHECKED,NOTI_DATE,MEM_ID) values (106,'[이벤트알림] main님, 참여하신 ''테스트'' 이벤트의 결과가 발표되었습니다. 자세한 사항은 이벤트 당첨알림 게시판을 확인해 주세요.','1',to_timestamp('17/02/20 00:00:00.000000000','RR/MM/DD HH24:MI:SSXFF'),'main');
Insert into MEMBER_NOTI (NOTI_NUM,NOTI_CONTENT,IS_CHECKED,NOTI_DATE,MEM_ID) values (107,'[이벤트알림] ssw님, 참여하신 ''테스트'' 이벤트의 결과가 발표되었습니다. 자세한 사항은 이벤트 당첨알림 게시판을 확인해 주세요.','1',to_timestamp('17/02/20 00:00:00.000000000','RR/MM/DD HH24:MI:SSXFF'),'ssw');
Insert into MEMBER_NOTI (NOTI_NUM,NOTI_CONTENT,IS_CHECKED,NOTI_DATE,MEM_ID) values (58,'[모임가입승인알림] gildong님, ''망나뇽잡으러 가실분''의 모임가입신청이 승인되었습니다.','1',to_timestamp('17/02/17 00:00:00.000000000','RR/MM/DD HH24:MI:SSXFF'),'gildong');
Insert into MEMBER_NOTI (NOTI_NUM,NOTI_CONTENT,IS_CHECKED,NOTI_DATE,MEM_ID) values (59,'[모임가입승인알림] gildong님, ''전용기 타고 같이 돌아다니실분들 모여''의 모임가입신청이 승인되었습니다.','1',to_timestamp('17/02/17 00:00:00.000000000','RR/MM/DD HH24:MI:SSXFF'),'gildong');
Insert into MEMBER_NOTI (NOTI_NUM,NOTI_CONTENT,IS_CHECKED,NOTI_DATE,MEM_ID) values (60,'[모임가입승인알림] ssw님, ''전용기 타고 같이 돌아다니실분들 모여''의 모임가입신청이 승인되었습니다.','1',to_timestamp('17/02/17 00:00:00.000000000','RR/MM/DD HH24:MI:SSXFF'),'ssw');
Insert into MEMBER_NOTI (NOTI_NUM,NOTI_CONTENT,IS_CHECKED,NOTI_DATE,MEM_ID) values (61,'[모임가입승인알림] demetrios님, ''전용기 타고 같이 돌아다니실분들 모여''의 모임가입신청이 승인되었습니다.','1',to_timestamp('17/02/17 00:00:00.000000000','RR/MM/DD HH24:MI:SSXFF'),'demetrios');
Insert into MEMBER_NOTI (NOTI_NUM,NOTI_CONTENT,IS_CHECKED,NOTI_DATE,MEM_ID) values (62,'[모임폐쇄알림] main님, 가입하신 ''zzzzzzzzzzzzzzzzzzzz'' 모임이 폐쇄되었습니다.','1',to_timestamp('17/02/17 00:00:00.000000000','RR/MM/DD HH24:MI:SSXFF'),'main');
Insert into MEMBER_NOTI (NOTI_NUM,NOTI_CONTENT,IS_CHECKED,NOTI_DATE,MEM_ID) values (63,'[모임폐쇄알림] romero님, 가입하신 ''zzzzzzzzzzzzzzzzzzzz'' 모임이 폐쇄되었습니다.','0',to_timestamp('17/02/17 00:00:00.000000000','RR/MM/DD HH24:MI:SSXFF'),'romero');
Insert into MEMBER_NOTI (NOTI_NUM,NOTI_CONTENT,IS_CHECKED,NOTI_DATE,MEM_ID) values (64,'[신고알림] id123님, 접수된 ''등산을 떠나요'' 모임의 신고가 정상적으로 처리되었습니다.','0',to_timestamp('17/02/17 00:00:00.000000000','RR/MM/DD HH24:MI:SSXFF'),'id123');
Insert into MEMBER_NOTI (NOTI_NUM,NOTI_CONTENT,IS_CHECKED,NOTI_DATE,MEM_ID) values (66,'[신고알림] id123님, 접수된 ''등산을 떠나요'' 모임의 신고가 정상적으로 처리되었습니다.','0',to_timestamp('17/02/17 00:00:00.000000000','RR/MM/DD HH24:MI:SSXFF'),'id123');
REM INSERTING into MSG_LIST
SET DEFINE OFF;
Insert into MSG_LIST (MSG_NUM,MEM_ID,MSG_CONTENT,MSG_DATE,CHAT_ROOM_NUM) values (5,'park','오셨나요~~^^',to_timestamp('17/02/10 13:52:41.043000000','RR/MM/DD HH24:MI:SSXFF'),41);
Insert into MSG_LIST (MSG_NUM,MEM_ID,MSG_CONTENT,MSG_DATE,CHAT_ROOM_NUM) values (6,'bbibbigi1','안녕',to_timestamp('17/02/10 13:52:41.886000000','RR/MM/DD HH24:MI:SSXFF'),41);
Insert into MSG_LIST (MSG_NUM,MEM_ID,MSG_CONTENT,MSG_DATE,CHAT_ROOM_NUM) values (7,'park','안녕하세요~~~^^',to_timestamp('17/02/10 13:52:46.458000000','RR/MM/DD HH24:MI:SSXFF'),41);
Insert into MSG_LIST (MSG_NUM,MEM_ID,MSG_CONTENT,MSG_DATE,CHAT_ROOM_NUM) values (8,'bbibbigi1','박은선',to_timestamp('17/02/10 13:52:47.734000000','RR/MM/DD HH24:MI:SSXFF'),41);
Insert into MSG_LIST (MSG_NUM,MEM_ID,MSG_CONTENT,MSG_DATE,CHAT_ROOM_NUM) values (9,'bbibbigi1','씨 하이여',to_timestamp('17/02/10 13:52:49.906000000','RR/MM/DD HH24:MI:SSXFF'),41);
Insert into MSG_LIST (MSG_NUM,MEM_ID,MSG_CONTENT,MSG_DATE,CHAT_ROOM_NUM) values (10,'park','안녕하세요~^^',to_timestamp('17/02/10 13:52:53.714000000','RR/MM/DD HH24:MI:SSXFF'),41);
Insert into MSG_LIST (MSG_NUM,MEM_ID,MSG_CONTENT,MSG_DATE,CHAT_ROOM_NUM) values (11,'bbibbigi1','이상하당',to_timestamp('17/02/10 13:53:07.932000000','RR/MM/DD HH24:MI:SSXFF'),41);
Insert into MSG_LIST (MSG_NUM,MEM_ID,MSG_CONTENT,MSG_DATE,CHAT_ROOM_NUM) values (12,'park','히히',to_timestamp('17/02/10 13:53:09.619000000','RR/MM/DD HH24:MI:SSXFF'),41);
Insert into MSG_LIST (MSG_NUM,MEM_ID,MSG_CONTENT,MSG_DATE,CHAT_ROOM_NUM) values (13,'bbibbigi1','ㅋㅋㅋㅋ',to_timestamp('17/02/10 13:53:11.312000000','RR/MM/DD HH24:MI:SSXFF'),41);
Insert into MSG_LIST (MSG_NUM,MEM_ID,MSG_CONTENT,MSG_DATE,CHAT_ROOM_NUM) values (14,'bbibbigi1','오늘 맥주',to_timestamp('17/02/10 13:53:13.986000000','RR/MM/DD HH24:MI:SSXFF'),41);
Insert into MSG_LIST (MSG_NUM,MEM_ID,MSG_CONTENT,MSG_DATE,CHAT_ROOM_NUM) values (15,'bbibbigi1','얼마 먹을예정?',to_timestamp('17/02/10 13:53:15.880000000','RR/MM/DD HH24:MI:SSXFF'),41);
Insert into MSG_LIST (MSG_NUM,MEM_ID,MSG_CONTENT,MSG_DATE,CHAT_ROOM_NUM) values (16,'park','4000cc요ㅎㅎ',to_timestamp('17/02/10 13:53:18.971000000','RR/MM/DD HH24:MI:SSXFF'),41);
Insert into MSG_LIST (MSG_NUM,MEM_ID,MSG_CONTENT,MSG_DATE,CHAT_ROOM_NUM) values (17,'bbibbigi1','ㅋㅋㅋㅋㅋ',to_timestamp('17/02/10 13:53:21.680000000','RR/MM/DD HH24:MI:SSXFF'),41);
Insert into MSG_LIST (MSG_NUM,MEM_ID,MSG_CONTENT,MSG_DATE,CHAT_ROOM_NUM) values (18,'bbibbigi1','배기량 아님?',to_timestamp('17/02/10 13:53:23.754000000','RR/MM/DD HH24:MI:SSXFF'),41);
Insert into MSG_LIST (MSG_NUM,MEM_ID,MSG_CONTENT,MSG_DATE,CHAT_ROOM_NUM) values (19,'lee32','안녕하세요',to_timestamp('17/02/10 13:54:13.124000000','RR/MM/DD HH24:MI:SSXFF'),41);
Insert into MSG_LIST (MSG_NUM,MEM_ID,MSG_CONTENT,MSG_DATE,CHAT_ROOM_NUM) values (20,'bbibbigi','다같이말해보자',to_timestamp('17/02/10 13:54:15.441000000','RR/MM/DD HH24:MI:SSXFF'),41);
Insert into MSG_LIST (MSG_NUM,MEM_ID,MSG_CONTENT,MSG_DATE,CHAT_ROOM_NUM) values (21,'id32','하하',to_timestamp('17/02/10 13:54:19.059000000','RR/MM/DD HH24:MI:SSXFF'),41);
Insert into MSG_LIST (MSG_NUM,MEM_ID,MSG_CONTENT,MSG_DATE,CHAT_ROOM_NUM) values (22,'bbibbigi','채팅한번 하게 들어와',to_timestamp('17/02/10 13:54:23.177000000','RR/MM/DD HH24:MI:SSXFF'),41);
Insert into MSG_LIST (MSG_NUM,MEM_ID,MSG_CONTENT,MSG_DATE,CHAT_ROOM_NUM) values (23,'lee32','안녕하세요 이상준 입니다',to_timestamp('17/02/10 13:54:24.691000000','RR/MM/DD HH24:MI:SSXFF'),41);
Insert into MSG_LIST (MSG_NUM,MEM_ID,MSG_CONTENT,MSG_DATE,CHAT_ROOM_NUM) values (27,'bbibbigi','나중에',to_timestamp('17/02/10 13:55:12.863000000','RR/MM/DD HH24:MI:SSXFF'),41);
Insert into MSG_LIST (MSG_NUM,MEM_ID,MSG_CONTENT,MSG_DATE,CHAT_ROOM_NUM) values (28,'bbibbigi','바꾸요',to_timestamp('17/02/10 13:55:13.898000000','RR/MM/DD HH24:MI:SSXFF'),41);
Insert into MSG_LIST (MSG_NUM,MEM_ID,MSG_CONTENT,MSG_DATE,CHAT_ROOM_NUM) values (29,'bbibbigi','오늘음 무리데스',to_timestamp('17/02/10 13:55:18.312000000','RR/MM/DD HH24:MI:SSXFF'),41);
Insert into MSG_LIST (MSG_NUM,MEM_ID,MSG_CONTENT,MSG_DATE,CHAT_ROOM_NUM) values (30,'bbibbigi','오늘은 무리데스',to_timestamp('17/02/10 13:55:28.452000000','RR/MM/DD HH24:MI:SSXFF'),41);
Insert into MSG_LIST (MSG_NUM,MEM_ID,MSG_CONTENT,MSG_DATE,CHAT_ROOM_NUM) values (31,'park','~~~~^^',to_timestamp('17/02/10 13:55:39.428000000','RR/MM/DD HH24:MI:SSXFF'),41);
Insert into MSG_LIST (MSG_NUM,MEM_ID,MSG_CONTENT,MSG_DATE,CHAT_ROOM_NUM) values (32,'lee32','하하하',to_timestamp('17/02/10 13:55:57.059000000','RR/MM/DD HH24:MI:SSXFF'),41);
Insert into MSG_LIST (MSG_NUM,MEM_ID,MSG_CONTENT,MSG_DATE,CHAT_ROOM_NUM) values (33,'park','오늘 신촌에서 6:6 헌팅하실 분들 모집합니다~^^',to_timestamp('17/02/10 13:56:06.029000000','RR/MM/DD HH24:MI:SSXFF'),41);
Insert into MSG_LIST (MSG_NUM,MEM_ID,MSG_CONTENT,MSG_DATE,CHAT_ROOM_NUM) values (34,'lee32','?',to_timestamp('17/02/10 13:57:16.139000000','RR/MM/DD HH24:MI:SSXFF'),41);
Insert into MSG_LIST (MSG_NUM,MEM_ID,MSG_CONTENT,MSG_DATE,CHAT_ROOM_NUM) values (35,'dkraktmzl1','안녕하세요 민경훈입니다~^^',to_timestamp('17/02/10 13:58:00.197000000','RR/MM/DD HH24:MI:SSXFF'),41);
Insert into MSG_LIST (MSG_NUM,MEM_ID,MSG_CONTENT,MSG_DATE,CHAT_ROOM_NUM) values (36,'bbibbigi','정유라왔음?',to_timestamp('17/02/10 13:58:01.363000000','RR/MM/DD HH24:MI:SSXFF'),41);
Insert into MSG_LIST (MSG_NUM,MEM_ID,MSG_CONTENT,MSG_DATE,CHAT_ROOM_NUM) values (37,'lee32','어서와',to_timestamp('17/02/10 13:58:04.002000000','RR/MM/DD HH24:MI:SSXFF'),41);
Insert into MSG_LIST (MSG_NUM,MEM_ID,MSG_CONTENT,MSG_DATE,CHAT_ROOM_NUM) values (38,'bbibbigi','안녕',to_timestamp('17/02/10 13:58:23.930000000','RR/MM/DD HH24:MI:SSXFF'),41);
Insert into MSG_LIST (MSG_NUM,MEM_ID,MSG_CONTENT,MSG_DATE,CHAT_ROOM_NUM) values (39,'wjddbfk','어머',to_timestamp('17/02/10 13:58:29.243000000','RR/MM/DD HH24:MI:SSXFF'),41);
Insert into MSG_LIST (MSG_NUM,MEM_ID,MSG_CONTENT,MSG_DATE,CHAT_ROOM_NUM) values (40,'dkraktmzl1','어머',to_timestamp('17/02/10 13:58:31.775000000','RR/MM/DD HH24:MI:SSXFF'),41);
Insert into MSG_LIST (MSG_NUM,MEM_ID,MSG_CONTENT,MSG_DATE,CHAT_ROOM_NUM) values (41,'wjddbfk','이게뭐야',to_timestamp('17/02/10 13:58:32.081000000','RR/MM/DD HH24:MI:SSXFF'),41);
Insert into MSG_LIST (MSG_NUM,MEM_ID,MSG_CONTENT,MSG_DATE,CHAT_ROOM_NUM) values (43,'lee32','어머',to_timestamp('17/02/10 13:58:32.314000000','RR/MM/DD HH24:MI:SSXFF'),41);
Insert into MSG_LIST (MSG_NUM,MEM_ID,MSG_CONTENT,MSG_DATE,CHAT_ROOM_NUM) values (44,'bbibbigi','하이',to_timestamp('17/02/10 13:58:32.540000000','RR/MM/DD HH24:MI:SSXFF'),41);
Insert into MSG_LIST (MSG_NUM,MEM_ID,MSG_CONTENT,MSG_DATE,CHAT_ROOM_NUM) values (45,'bbibbigi','이게 뭐야',to_timestamp('17/02/10 13:58:36.179000000','RR/MM/DD HH24:MI:SSXFF'),41);
Insert into MSG_LIST (MSG_NUM,MEM_ID,MSG_CONTENT,MSG_DATE,CHAT_ROOM_NUM) values (46,'wjddbfk','세상에',to_timestamp('17/02/10 13:58:36.861000000','RR/MM/DD HH24:MI:SSXFF'),41);
Insert into MSG_LIST (MSG_NUM,MEM_ID,MSG_CONTENT,MSG_DATE,CHAT_ROOM_NUM) values (47,'lee32','ㅋㅋㅋ',to_timestamp('17/02/10 13:58:40.603000000','RR/MM/DD HH24:MI:SSXFF'),41);
Insert into MSG_LIST (MSG_NUM,MEM_ID,MSG_CONTENT,MSG_DATE,CHAT_ROOM_NUM) values (49,'wjddbfk','장난아니다',to_timestamp('17/02/10 13:58:42.707000000','RR/MM/DD HH24:MI:SSXFF'),41);
Insert into MSG_LIST (MSG_NUM,MEM_ID,MSG_CONTENT,MSG_DATE,CHAT_ROOM_NUM) values (50,'id32','입닥쳐',to_timestamp('17/02/10 13:58:46.185000000','RR/MM/DD HH24:MI:SSXFF'),41);
Insert into MSG_LIST (MSG_NUM,MEM_ID,MSG_CONTENT,MSG_DATE,CHAT_ROOM_NUM) values (51,'wjddbfk','대박 ㅜㅜ',to_timestamp('17/02/10 13:58:47.500000000','RR/MM/DD HH24:MI:SSXFF'),41);
Insert into MSG_LIST (MSG_NUM,MEM_ID,MSG_CONTENT,MSG_DATE,CHAT_ROOM_NUM) values (52,'lee32','말포이',to_timestamp('17/02/10 13:58:49.874000000','RR/MM/DD HH24:MI:SSXFF'),41);
Insert into MSG_LIST (MSG_NUM,MEM_ID,MSG_CONTENT,MSG_DATE,CHAT_ROOM_NUM) values (54,'dkraktmzl1','왜',to_timestamp('17/02/10 13:59:04.416000000','RR/MM/DD HH24:MI:SSXFF'),41);
Insert into MSG_LIST (MSG_NUM,MEM_ID,MSG_CONTENT,MSG_DATE,CHAT_ROOM_NUM) values (55,'wjddbfk','id32가누구?',to_timestamp('17/02/10 13:59:25.673000000','RR/MM/DD HH24:MI:SSXFF'),41);
Insert into MSG_LIST (MSG_NUM,MEM_ID,MSG_CONTENT,MSG_DATE,CHAT_ROOM_NUM) values (57,'bbibbigi','승우야',to_timestamp('17/02/10 13:59:30.687000000','RR/MM/DD HH24:MI:SSXFF'),41);
Insert into MSG_LIST (MSG_NUM,MEM_ID,MSG_CONTENT,MSG_DATE,CHAT_ROOM_NUM) values (58,'lee32','몰라',to_timestamp('17/02/10 13:59:32.857000000','RR/MM/DD HH24:MI:SSXFF'),41);
Insert into MSG_LIST (MSG_NUM,MEM_ID,MSG_CONTENT,MSG_DATE,CHAT_ROOM_NUM) values (59,'dkraktmzl1','다들 건강하세요~^^',to_timestamp('17/02/10 13:59:45.342000000','RR/MM/DD HH24:MI:SSXFF'),41);
Insert into MSG_LIST (MSG_NUM,MEM_ID,MSG_CONTENT,MSG_DATE,CHAT_ROOM_NUM) values (62,'wjddbfk','?',to_timestamp('17/02/10 14:00:04.569000000','RR/MM/DD HH24:MI:SSXFF'),41);
Insert into MSG_LIST (MSG_NUM,MEM_ID,MSG_CONTENT,MSG_DATE,CHAT_ROOM_NUM) values (63,'bbibbigi','왜',to_timestamp('17/02/10 14:00:06.058000000','RR/MM/DD HH24:MI:SSXFF'),41);
Insert into MSG_LIST (MSG_NUM,MEM_ID,MSG_CONTENT,MSG_DATE,CHAT_ROOM_NUM) values (64,'bbibbigi','우진이 민경훈 닮았자나',to_timestamp('17/02/10 14:00:11.279000000','RR/MM/DD HH24:MI:SSXFF'),41);
Insert into MSG_LIST (MSG_NUM,MEM_ID,MSG_CONTENT,MSG_DATE,CHAT_ROOM_NUM) values (65,'wjddbfk','조용히해',to_timestamp('17/02/10 14:00:17.314000000','RR/MM/DD HH24:MI:SSXFF'),41);
Insert into MSG_LIST (MSG_NUM,MEM_ID,MSG_CONTENT,MSG_DATE,CHAT_ROOM_NUM) values (66,'wjddbfk','삑삑이 ㅡㅡ',to_timestamp('17/02/10 14:00:23.459000000','RR/MM/DD HH24:MI:SSXFF'),41);
Insert into MSG_LIST (MSG_NUM,MEM_ID,MSG_CONTENT,MSG_DATE,CHAT_ROOM_NUM) values (67,'lee32','안녕',to_timestamp('17/02/10 14:00:27.086000000','RR/MM/DD HH24:MI:SSXFF'),41);
Insert into MSG_LIST (MSG_NUM,MEM_ID,MSG_CONTENT,MSG_DATE,CHAT_ROOM_NUM) values (72,'lee32','ㅋㅋ',to_timestamp('17/02/10 14:00:46.406000000','RR/MM/DD HH24:MI:SSXFF'),41);
Insert into MSG_LIST (MSG_NUM,MEM_ID,MSG_CONTENT,MSG_DATE,CHAT_ROOM_NUM) values (73,'main','나는 파이리 입니다',to_timestamp('17/02/10 14:00:47.532000000','RR/MM/DD HH24:MI:SSXFF'),41);
Insert into MSG_LIST (MSG_NUM,MEM_ID,MSG_CONTENT,MSG_DATE,CHAT_ROOM_NUM) values (74,'main','라프라스',to_timestamp('17/02/10 14:00:51.668000000','RR/MM/DD HH24:MI:SSXFF'),41);
Insert into MSG_LIST (MSG_NUM,MEM_ID,MSG_CONTENT,MSG_DATE,CHAT_ROOM_NUM) values (75,'dkraktmzl1','방가방가~^^',to_timestamp('17/02/10 14:01:00.256000000','RR/MM/DD HH24:MI:SSXFF'),41);
Insert into MSG_LIST (MSG_NUM,MEM_ID,MSG_CONTENT,MSG_DATE,CHAT_ROOM_NUM) values (76,'bbibbigi','등산을 떠나요',to_timestamp('17/02/10 14:01:01.124000000','RR/MM/DD HH24:MI:SSXFF'),41);
Insert into MSG_LIST (MSG_NUM,MEM_ID,MSG_CONTENT,MSG_DATE,CHAT_ROOM_NUM) values (84,'wjddbfk','main은',to_timestamp('17/02/10 14:01:30.624000000','RR/MM/DD HH24:MI:SSXFF'),41);
Insert into MSG_LIST (MSG_NUM,MEM_ID,MSG_CONTENT,MSG_DATE,CHAT_ROOM_NUM) values (85,'wjddbfk','멤버 아닌데',to_timestamp('17/02/10 14:01:32.628000000','RR/MM/DD HH24:MI:SSXFF'),41);
Insert into MSG_LIST (MSG_NUM,MEM_ID,MSG_CONTENT,MSG_DATE,CHAT_ROOM_NUM) values (86,'dkraktmzl1','ㄷㄷㄷㄷㄷ',to_timestamp('17/02/10 14:01:34.521000000','RR/MM/DD HH24:MI:SSXFF'),41);
Insert into MSG_LIST (MSG_NUM,MEM_ID,MSG_CONTENT,MSG_DATE,CHAT_ROOM_NUM) values (87,'wjddbfk','어케 채팅행',to_timestamp('17/02/10 14:01:35.238000000','RR/MM/DD HH24:MI:SSXFF'),41);
Insert into MSG_LIST (MSG_NUM,MEM_ID,MSG_CONTENT,MSG_DATE,CHAT_ROOM_NUM) values (88,'bbibbigi','메인',to_timestamp('17/02/10 14:01:40.987000000','RR/MM/DD HH24:MI:SSXFF'),41);
Insert into MSG_LIST (MSG_NUM,MEM_ID,MSG_CONTENT,MSG_DATE,CHAT_ROOM_NUM) values (89,'wjddbfk','???',to_timestamp('17/02/10 14:01:41.228000000','RR/MM/DD HH24:MI:SSXFF'),41);
Insert into MSG_LIST (MSG_NUM,MEM_ID,MSG_CONTENT,MSG_DATE,CHAT_ROOM_NUM) values (90,'main','유라야',to_timestamp('17/02/10 14:01:41.349000000','RR/MM/DD HH24:MI:SSXFF'),41);
Insert into MSG_LIST (MSG_NUM,MEM_ID,MSG_CONTENT,MSG_DATE,CHAT_ROOM_NUM) values (91,'wjddbfk','???',to_timestamp('17/02/10 14:01:43.683000000','RR/MM/DD HH24:MI:SSXFF'),41);
Insert into MSG_LIST (MSG_NUM,MEM_ID,MSG_CONTENT,MSG_DATE,CHAT_ROOM_NUM) values (92,'main','ㅋㅋㅋㅋㅋㅋㅋㅋㅋㅋㅋㅋㅋㅋ',to_timestamp('17/02/10 14:01:45.254000000','RR/MM/DD HH24:MI:SSXFF'),41);
Insert into MSG_LIST (MSG_NUM,MEM_ID,MSG_CONTENT,MSG_DATE,CHAT_ROOM_NUM) values (93,'main','안녕깅유라',to_timestamp('17/02/10 14:01:48.905000000','RR/MM/DD HH24:MI:SSXFF'),41);
Insert into MSG_LIST (MSG_NUM,MEM_ID,MSG_CONTENT,MSG_DATE,CHAT_ROOM_NUM) values (94,'dkraktmzl1','유라야',to_timestamp('17/02/10 14:01:49.561000000','RR/MM/DD HH24:MI:SSXFF'),41);
Insert into MSG_LIST (MSG_NUM,MEM_ID,MSG_CONTENT,MSG_DATE,CHAT_ROOM_NUM) values (95,'dkraktmzl1','새로고침 눌러 멍청아',to_timestamp('17/02/10 14:01:52.218000000','RR/MM/DD HH24:MI:SSXFF'),41);
Insert into MSG_LIST (MSG_NUM,MEM_ID,MSG_CONTENT,MSG_DATE,CHAT_ROOM_NUM) values (96,'main','갱유라',to_timestamp('17/02/10 14:01:52.887000000','RR/MM/DD HH24:MI:SSXFF'),41);
Insert into MSG_LIST (MSG_NUM,MEM_ID,MSG_CONTENT,MSG_DATE,CHAT_ROOM_NUM) values (98,'bbibbigi','메인도 멤버야',to_timestamp('17/02/10 14:01:56.940000000','RR/MM/DD HH24:MI:SSXFF'),41);
Insert into MSG_LIST (MSG_NUM,MEM_ID,MSG_CONTENT,MSG_DATE,CHAT_ROOM_NUM) values (99,'lee32','바보',to_timestamp('17/02/10 14:01:57.721000000','RR/MM/DD HH24:MI:SSXFF'),41);
Insert into MSG_LIST (MSG_NUM,MEM_ID,MSG_CONTENT,MSG_DATE,CHAT_ROOM_NUM) values (102,'bbibbigi','너거만 느께드는구나',to_timestamp('17/02/10 14:02:52.636000000','RR/MM/DD HH24:MI:SSXFF'),41);
Insert into MSG_LIST (MSG_NUM,MEM_ID,MSG_CONTENT,MSG_DATE,CHAT_ROOM_NUM) values (103,'bbibbigi','뜨는구나',to_timestamp('17/02/10 14:02:53.892000000','RR/MM/DD HH24:MI:SSXFF'),41);
Insert into MSG_LIST (MSG_NUM,MEM_ID,MSG_CONTENT,MSG_DATE,CHAT_ROOM_NUM) values (105,'lee32','상준아',to_timestamp('17/02/10 14:03:04.353000000','RR/MM/DD HH24:MI:SSXFF'),41);
Insert into MSG_LIST (MSG_NUM,MEM_ID,MSG_CONTENT,MSG_DATE,CHAT_ROOM_NUM) values (106,'bbibbigi','안녕 난 유라야',to_timestamp('17/02/10 14:03:20.420000000','RR/MM/DD HH24:MI:SSXFF'),41);
Insert into MSG_LIST (MSG_NUM,MEM_ID,MSG_CONTENT,MSG_DATE,CHAT_ROOM_NUM) values (111,'bbibbigi','나 불럿니',to_timestamp('17/02/10 14:04:16.920000000','RR/MM/DD HH24:MI:SSXFF'),41);
Insert into MSG_LIST (MSG_NUM,MEM_ID,MSG_CONTENT,MSG_DATE,CHAT_ROOM_NUM) values (116,'bbibbigi','ㅂㅂ',to_timestamp('17/02/10 14:04:30.429000000','RR/MM/DD HH24:MI:SSXFF'),41);
Insert into MSG_LIST (MSG_NUM,MEM_ID,MSG_CONTENT,MSG_DATE,CHAT_ROOM_NUM) values (117,'wjddbfk','ㅋㅋㅋㅋㅋㅋㅋㅋㅋㅋㅋㅋ',to_timestamp('17/02/10 14:04:32.812000000','RR/MM/DD HH24:MI:SSXFF'),41);
Insert into MSG_LIST (MSG_NUM,MEM_ID,MSG_CONTENT,MSG_DATE,CHAT_ROOM_NUM) values (118,'bbibbigi','전 갑니다',to_timestamp('17/02/10 14:04:38.192000000','RR/MM/DD HH24:MI:SSXFF'),41);
Insert into MSG_LIST (MSG_NUM,MEM_ID,MSG_CONTENT,MSG_DATE,CHAT_ROOM_NUM) values (119,'bbibbigi','ㅂㅂ',to_timestamp('17/02/10 14:04:38.765000000','RR/MM/DD HH24:MI:SSXFF'),41);
Insert into MSG_LIST (MSG_NUM,MEM_ID,MSG_CONTENT,MSG_DATE,CHAT_ROOM_NUM) values (120,'bbibbigi','즐거운 시간되세요',to_timestamp('17/02/10 14:04:40.940000000','RR/MM/DD HH24:MI:SSXFF'),41);
Insert into MSG_LIST (MSG_NUM,MEM_ID,MSG_CONTENT,MSG_DATE,CHAT_ROOM_NUM) values (121,'lee32','나도 갑니다',to_timestamp('17/02/10 14:04:42.106000000','RR/MM/DD HH24:MI:SSXFF'),41);
Insert into MSG_LIST (MSG_NUM,MEM_ID,MSG_CONTENT,MSG_DATE,CHAT_ROOM_NUM) values (122,'wjddbfk','안녕',to_timestamp('17/02/10 14:04:45.009000000','RR/MM/DD HH24:MI:SSXFF'),41);
Insert into MSG_LIST (MSG_NUM,MEM_ID,MSG_CONTENT,MSG_DATE,CHAT_ROOM_NUM) values (48,'romero','ㅋㅋㅋ',to_timestamp('17/02/10 13:58:44.302000000','RR/MM/DD HH24:MI:SSXFF'),41);
Insert into MSG_LIST (MSG_NUM,MEM_ID,MSG_CONTENT,MSG_DATE,CHAT_ROOM_NUM) values (53,'romero','야',to_timestamp('17/02/10 13:58:58.552000000','RR/MM/DD HH24:MI:SSXFF'),41);
Insert into MSG_LIST (MSG_NUM,MEM_ID,MSG_CONTENT,MSG_DATE,CHAT_ROOM_NUM) values (56,'romero','ㅋㅋㅋㅋㅋㅋㅋㅋㅋㅋㅋㅋㅋㅋ',to_timestamp('17/02/10 13:59:30.006000000','RR/MM/DD HH24:MI:SSXFF'),41);
Insert into MSG_LIST (MSG_NUM,MEM_ID,MSG_CONTENT,MSG_DATE,CHAT_ROOM_NUM) values (60,'romero','야',to_timestamp('17/02/10 13:59:49.469000000','RR/MM/DD HH24:MI:SSXFF'),41);
Insert into MSG_LIST (MSG_NUM,MEM_ID,MSG_CONTENT,MSG_DATE,CHAT_ROOM_NUM) values (61,'romero','호',to_timestamp('17/02/10 14:00:00.961000000','RR/MM/DD HH24:MI:SSXFF'),41);
Insert into MSG_LIST (MSG_NUM,MEM_ID,MSG_CONTENT,MSG_DATE,CHAT_ROOM_NUM) values (77,'romero','ㅋㅋㅋㅋㅋㅋㅋㅋㅋㅋㅋㅋㅋㅋ',to_timestamp('17/02/10 14:01:07.049000000','RR/MM/DD HH24:MI:SSXFF'),41);
Insert into MSG_LIST (MSG_NUM,MEM_ID,MSG_CONTENT,MSG_DATE,CHAT_ROOM_NUM) values (97,'romero','탕짜면 얼마에요?',to_timestamp('17/02/10 14:01:58.113000000','RR/MM/DD HH24:MI:SSXFF'),41);
Insert into MSG_LIST (MSG_NUM,MEM_ID,MSG_CONTENT,MSG_DATE,CHAT_ROOM_NUM) values (104,'romero','ㅋㅋㅋㅋㅋㅋㅋㅋㅋㅋㅋㅋㅋㅋㅋㅋㅋㅋㅋㅋㅋㅋㅋㅋㅋㅋㅋㅋㅋㅋㅋㅋㅋㅋㅋㅋㅋㅋㅋㅋㅋㅋㅋㅋㅋㅋㅋㅋㅋㅋㅋㅋㅋㅋㅋㅋㅋㅋㅋㅋㅋㅋㅋㅋㅋㅋㅋㅋㅋㅋㅋㅋㅋㅋㅋㅋㅋㅋㅋㅋㅋㅋㅋㅋㅋㅋㅋㅋㅋㅋㅋㅋㅋㅋㅋㅋㅋㅋㅋㅋㅋㅋㅋ',to_timestamp('17/02/10 14:03:07.236000000','RR/MM/DD HH24:MI:SSXFF'),41);
Insert into MSG_LIST (MSG_NUM,MEM_ID,MSG_CONTENT,MSG_DATE,CHAT_ROOM_NUM) values (113,'park','안녕 우진아',to_timestamp('17/02/10 14:04:25.228000000','RR/MM/DD HH24:MI:SSXFF'),41);
Insert into MSG_LIST (MSG_NUM,MEM_ID,MSG_CONTENT,MSG_DATE,CHAT_ROOM_NUM) values (115,'park','은선이야',to_timestamp('17/02/10 14:04:27.818000000','RR/MM/DD HH24:MI:SSXFF'),41);
Insert into MSG_LIST (MSG_NUM,MEM_ID,MSG_CONTENT,MSG_DATE,CHAT_ROOM_NUM) values (123,'park','우진아♥',to_timestamp('17/02/10 14:05:15.360000000','RR/MM/DD HH24:MI:SSXFF'),41);
Insert into MSG_LIST (MSG_NUM,MEM_ID,MSG_CONTENT,MSG_DATE,CHAT_ROOM_NUM) values (161,'park','dhdhdhdhdhdhdhdhdhdhdhdhd',to_timestamp('17/02/13 11:03:20.844000000','RR/MM/DD HH24:MI:SSXFF'),41);
Insert into MSG_LIST (MSG_NUM,MEM_ID,MSG_CONTENT,MSG_DATE,CHAT_ROOM_NUM) values (162,'park','',to_timestamp('17/02/13 11:03:22.178000000','RR/MM/DD HH24:MI:SSXFF'),41);
Insert into MSG_LIST (MSG_NUM,MEM_ID,MSG_CONTENT,MSG_DATE,CHAT_ROOM_NUM) values (163,'park','ㅋㅋㅋㅋㅋㅋㅋㅋㅋㅋㅋㅋ',to_timestamp('17/02/13 11:03:23.678000000','RR/MM/DD HH24:MI:SSXFF'),41);
Insert into MSG_LIST (MSG_NUM,MEM_ID,MSG_CONTENT,MSG_DATE,CHAT_ROOM_NUM) values (164,'park','오오오오ㅗㅋㅋㅋㅋㅋㅋㅋㅋㅋㅋㅋㅋㅋㅋㅋㅋㅋㅋㅋㅋㅋㅋㅋㅋㅋㅋㅋㅋㅋㅋㅋㅋㅋㅋㅋㅋㅋㅋㅋㅋㅋㅋㅋㅋㅋㅋㅋㅋㅋㅋㅋㅋㅋㅋㅋㅋㅋㅋㅋㅋㅋㅋㅋㅋㅋㅋㅋㅋㅋㅋㅋㅋㅋㅋㅋㅋㅋㅋㅋㅋㅋㅋㅋㅋㅋㅋㅋㅋㅋㅋㅋㅋㅋㅋㅋㅋㅋㅋㅋㅋㅋㅋㅋㅋㅋㅋㅋㅋㅋㅋㅋㅋㅋㅋㅋㅋㅋㅋㅋㅋㅋㅋㅋㅋㅋㅋㅋㅋ',to_timestamp('17/02/13 11:03:30.836000000','RR/MM/DD HH24:MI:SSXFF'),41);
Insert into MSG_LIST (MSG_NUM,MEM_ID,MSG_CONTENT,MSG_DATE,CHAT_ROOM_NUM) values (202,'bbibbigi','채팅방 소개',to_timestamp('17/02/21 14:03:00.392000000','RR/MM/DD HH24:MI:SSXFF'),41);
Insert into MSG_LIST (MSG_NUM,MEM_ID,MSG_CONTENT,MSG_DATE,CHAT_ROOM_NUM) values (186,'main','채팅',to_timestamp('17/02/20 17:26:58.150000000','RR/MM/DD HH24:MI:SSXFF'),72);
Insert into MSG_LIST (MSG_NUM,MEM_ID,MSG_CONTENT,MSG_DATE,CHAT_ROOM_NUM) values (201,'bbibbigi','채팅방 소개',to_timestamp('17/02/21 14:02:08.168000000','RR/MM/DD HH24:MI:SSXFF'),41);
Insert into MSG_LIST (MSG_NUM,MEM_ID,MSG_CONTENT,MSG_DATE,CHAT_ROOM_NUM) values (26,'lee32','나 들어왔어',to_timestamp('17/02/10 13:54:48.318000000','RR/MM/DD HH24:MI:SSXFF'),41);
Insert into MSG_LIST (MSG_NUM,MEM_ID,MSG_CONTENT,MSG_DATE,CHAT_ROOM_NUM) values (68,'main','히야',to_timestamp('17/02/10 14:00:38.674000000','RR/MM/DD HH24:MI:SSXFF'),41);
Insert into MSG_LIST (MSG_NUM,MEM_ID,MSG_CONTENT,MSG_DATE,CHAT_ROOM_NUM) values (24,'bbibbigi','내 사진은 다 찌그러지네 ㅜㅜ',to_timestamp('17/02/10 13:54:34.763000000','RR/MM/DD HH24:MI:SSXFF'),41);
Insert into MSG_LIST (MSG_NUM,MEM_ID,MSG_CONTENT,MSG_DATE,CHAT_ROOM_NUM) values (25,'bbibbigi','현호야 드러와',to_timestamp('17/02/10 13:54:43.353000000','RR/MM/DD HH24:MI:SSXFF'),41);
Insert into MSG_LIST (MSG_NUM,MEM_ID,MSG_CONTENT,MSG_DATE,CHAT_ROOM_NUM) values (69,'main','키야',to_timestamp('17/02/10 14:00:39.791000000','RR/MM/DD HH24:MI:SSXFF'),41);
Insert into MSG_LIST (MSG_NUM,MEM_ID,MSG_CONTENT,MSG_DATE,CHAT_ROOM_NUM) values (70,'main','후후',to_timestamp('17/02/10 14:00:40.940000000','RR/MM/DD HH24:MI:SSXFF'),41);
Insert into MSG_LIST (MSG_NUM,MEM_ID,MSG_CONTENT,MSG_DATE,CHAT_ROOM_NUM) values (71,'main','하이',to_timestamp('17/02/10 14:00:43.859000000','RR/MM/DD HH24:MI:SSXFF'),41);
Insert into MSG_LIST (MSG_NUM,MEM_ID,MSG_CONTENT,MSG_DATE,CHAT_ROOM_NUM) values (78,'wjddbfk','??',to_timestamp('17/02/10 14:01:03.744000000','RR/MM/DD HH24:MI:SSXFF'),41);
Insert into MSG_LIST (MSG_NUM,MEM_ID,MSG_CONTENT,MSG_DATE,CHAT_ROOM_NUM) values (79,'dkraktmzl1','누가 자꾸 웃냐',to_timestamp('17/02/10 14:01:11.457000000','RR/MM/DD HH24:MI:SSXFF'),41);
Insert into MSG_LIST (MSG_NUM,MEM_ID,MSG_CONTENT,MSG_DATE,CHAT_ROOM_NUM) values (80,'main','넌 하지마 승우',to_timestamp('17/02/10 14:01:11.764000000','RR/MM/DD HH24:MI:SSXFF'),41);
Insert into MSG_LIST (MSG_NUM,MEM_ID,MSG_CONTENT,MSG_DATE,CHAT_ROOM_NUM) values (81,'dkraktmzl1','말도 없이',to_timestamp('17/02/10 14:01:12.944000000','RR/MM/DD HH24:MI:SSXFF'),41);
Insert into MSG_LIST (MSG_NUM,MEM_ID,MSG_CONTENT,MSG_DATE,CHAT_ROOM_NUM) values (82,'wjddbfk','머야',to_timestamp('17/02/10 14:01:13.937000000','RR/MM/DD HH24:MI:SSXFF'),41);
Insert into MSG_LIST (MSG_NUM,MEM_ID,MSG_CONTENT,MSG_DATE,CHAT_ROOM_NUM) values (83,'lee32','머야',to_timestamp('17/02/10 14:01:17.708000000','RR/MM/DD HH24:MI:SSXFF'),41);
Insert into MSG_LIST (MSG_NUM,MEM_ID,MSG_CONTENT,MSG_DATE,CHAT_ROOM_NUM) values (100,'lee32','7500원',to_timestamp('17/02/10 14:02:12.487000000','RR/MM/DD HH24:MI:SSXFF'),41);
Insert into MSG_LIST (MSG_NUM,MEM_ID,MSG_CONTENT,MSG_DATE,CHAT_ROOM_NUM) values (101,'bbibbigi','승우야',to_timestamp('17/02/10 14:02:50.152000000','RR/MM/DD HH24:MI:SSXFF'),41);
Insert into MSG_LIST (MSG_NUM,MEM_ID,MSG_CONTENT,MSG_DATE,CHAT_ROOM_NUM) values (107,'wjddbfk','안녕',to_timestamp('17/02/10 14:03:55.246000000','RR/MM/DD HH24:MI:SSXFF'),41);
Insert into MSG_LIST (MSG_NUM,MEM_ID,MSG_CONTENT,MSG_DATE,CHAT_ROOM_NUM) values (108,'wjddbfk','대서오빠',to_timestamp('17/02/10 14:03:58.160000000','RR/MM/DD HH24:MI:SSXFF'),41);
Insert into MSG_LIST (MSG_NUM,MEM_ID,MSG_CONTENT,MSG_DATE,CHAT_ROOM_NUM) values (109,'lee32','뭘',to_timestamp('17/02/10 14:03:58.422000000','RR/MM/DD HH24:MI:SSXFF'),41);
Insert into MSG_LIST (MSG_NUM,MEM_ID,MSG_CONTENT,MSG_DATE,CHAT_ROOM_NUM) values (110,'wjddbfk','대성오빠',to_timestamp('17/02/10 14:04:01.315000000','RR/MM/DD HH24:MI:SSXFF'),41);
Insert into MSG_LIST (MSG_NUM,MEM_ID,MSG_CONTENT,MSG_DATE,CHAT_ROOM_NUM) values (112,'wjddbfk','아니',to_timestamp('17/02/10 14:04:20.130000000','RR/MM/DD HH24:MI:SSXFF'),41);
Insert into MSG_LIST (MSG_NUM,MEM_ID,MSG_CONTENT,MSG_DATE,CHAT_ROOM_NUM) values (114,'wjddbfk','ㅂㅂ',to_timestamp('17/02/10 14:04:22.630000000','RR/MM/DD HH24:MI:SSXFF'),41);
Insert into MSG_LIST (MSG_NUM,MEM_ID,MSG_CONTENT,MSG_DATE,CHAT_ROOM_NUM) values (124,'lee32','안녕하세요 이상준 입니다.',to_timestamp('17/02/10 17:28:15.717000000','RR/MM/DD HH24:MI:SSXFF'),41);
Insert into MSG_LIST (MSG_NUM,MEM_ID,MSG_CONTENT,MSG_DATE,CHAT_ROOM_NUM) values (125,'lee32','안녕하세요',to_timestamp('17/02/10 17:30:19.111000000','RR/MM/DD HH24:MI:SSXFF'),41);
Insert into MSG_LIST (MSG_NUM,MEM_ID,MSG_CONTENT,MSG_DATE,CHAT_ROOM_NUM) values (126,'dkraktmzl1','하이',to_timestamp('17/02/10 17:30:21.954000000','RR/MM/DD HH24:MI:SSXFF'),41);
Insert into MSG_LIST (MSG_NUM,MEM_ID,MSG_CONTENT,MSG_DATE,CHAT_ROOM_NUM) values (127,'bbibbigi','ㅋㅋㅋㅋㅋ',to_timestamp('17/02/10 17:30:29.447000000','RR/MM/DD HH24:MI:SSXFF'),41);
Insert into MSG_LIST (MSG_NUM,MEM_ID,MSG_CONTENT,MSG_DATE,CHAT_ROOM_NUM) values (128,'lee32','라프라스입니다',to_timestamp('17/02/10 17:30:29.646000000','RR/MM/DD HH24:MI:SSXFF'),41);
Insert into MSG_LIST (MSG_NUM,MEM_ID,MSG_CONTENT,MSG_DATE,CHAT_ROOM_NUM) values (129,'dkraktmzl1','누구니?',to_timestamp('17/02/10 17:30:30.265000000','RR/MM/DD HH24:MI:SSXFF'),41);
Insert into MSG_LIST (MSG_NUM,MEM_ID,MSG_CONTENT,MSG_DATE,CHAT_ROOM_NUM) values (130,'bbibbigi','안녕',to_timestamp('17/02/10 17:30:31.254000000','RR/MM/DD HH24:MI:SSXFF'),41);
Insert into MSG_LIST (MSG_NUM,MEM_ID,MSG_CONTENT,MSG_DATE,CHAT_ROOM_NUM) values (131,'dkraktmzl1','상준이야?',to_timestamp('17/02/10 17:30:32.178000000','RR/MM/DD HH24:MI:SSXFF'),41);
Insert into MSG_LIST (MSG_NUM,MEM_ID,MSG_CONTENT,MSG_DATE,CHAT_ROOM_NUM) values (132,'dkraktmzl1','ㅋㅋㅋㅋ',to_timestamp('17/02/10 17:30:38.873000000','RR/MM/DD HH24:MI:SSXFF'),41);
Insert into MSG_LIST (MSG_NUM,MEM_ID,MSG_CONTENT,MSG_DATE,CHAT_ROOM_NUM) values (133,'bbibbigi','ㅎㅎㅎ',to_timestamp('17/02/10 17:30:44.861000000','RR/MM/DD HH24:MI:SSXFF'),41);
Insert into MSG_LIST (MSG_NUM,MEM_ID,MSG_CONTENT,MSG_DATE,CHAT_ROOM_NUM) values (134,'lee32','ㅋㅋㅋ',to_timestamp('17/02/10 17:30:46.880000000','RR/MM/DD HH24:MI:SSXFF'),41);
Insert into MSG_LIST (MSG_NUM,MEM_ID,MSG_CONTENT,MSG_DATE,CHAT_ROOM_NUM) values (135,'dkraktmzl1','잘하고있다',to_timestamp('17/02/10 17:30:48.166000000','RR/MM/DD HH24:MI:SSXFF'),41);
Insert into MSG_LIST (MSG_NUM,MEM_ID,MSG_CONTENT,MSG_DATE,CHAT_ROOM_NUM) values (136,'dkraktmzl1','화이팅!!',to_timestamp('17/02/10 17:30:49.532000000','RR/MM/DD HH24:MI:SSXFF'),41);
Insert into MSG_LIST (MSG_NUM,MEM_ID,MSG_CONTENT,MSG_DATE,CHAT_ROOM_NUM) values (137,'id32','사칭하지마라',to_timestamp('17/02/10 17:31:07.343000000','RR/MM/DD HH24:MI:SSXFF'),41);
Insert into MSG_LIST (MSG_NUM,MEM_ID,MSG_CONTENT,MSG_DATE,CHAT_ROOM_NUM) values (138,'dkraktmzl1','쩡터프',to_timestamp('17/02/10 17:31:16.056000000','RR/MM/DD HH24:MI:SSXFF'),41);
Insert into MSG_LIST (MSG_NUM,MEM_ID,MSG_CONTENT,MSG_DATE,CHAT_ROOM_NUM) values (139,'dkraktmzl1','쩡터프?',to_timestamp('17/02/10 17:31:17.869000000','RR/MM/DD HH24:MI:SSXFF'),41);
Insert into MSG_LIST (MSG_NUM,MEM_ID,MSG_CONTENT,MSG_DATE,CHAT_ROOM_NUM) values (140,'id32','키f',to_timestamp('17/02/10 17:31:25.210000000','RR/MM/DD HH24:MI:SSXFF'),41);
Insert into MSG_LIST (MSG_NUM,MEM_ID,MSG_CONTENT,MSG_DATE,CHAT_ROOM_NUM) values (141,'dkraktmzl1','히히',to_timestamp('17/02/10 17:32:12.067000000','RR/MM/DD HH24:MI:SSXFF'),41);
Insert into MSG_LIST (MSG_NUM,MEM_ID,MSG_CONTENT,MSG_DATE,CHAT_ROOM_NUM) values (142,'lee32','^^',to_timestamp('17/02/10 17:32:15.280000000','RR/MM/DD HH24:MI:SSXFF'),41);
Insert into MSG_LIST (MSG_NUM,MEM_ID,MSG_CONTENT,MSG_DATE,CHAT_ROOM_NUM) values (143,'dkraktmzl1','ㅅㄱ',to_timestamp('17/02/10 17:32:38.741000000','RR/MM/DD HH24:MI:SSXFF'),41);
Insert into MSG_LIST (MSG_NUM,MEM_ID,MSG_CONTENT,MSG_DATE,CHAT_ROOM_NUM) values (144,'lee32','ㅂㅂ',to_timestamp('17/02/10 17:32:45.440000000','RR/MM/DD HH24:MI:SSXFF'),41);
REM INSERTING into MY_GROUP
SET DEFINE OFF;
Insert into MY_GROUP (MY_GROUP_NUM,GROUP_PER,GROUP_NUM,MEM_ID) values (324,'3',201,'ssw');
Insert into MY_GROUP (MY_GROUP_NUM,GROUP_PER,GROUP_NUM,MEM_ID) values (290,'1',230,'dkraktmzl1');
Insert into MY_GROUP (MY_GROUP_NUM,GROUP_PER,GROUP_NUM,MEM_ID) values (296,'3',187,'bbibbigi');
Insert into MY_GROUP (MY_GROUP_NUM,GROUP_PER,GROUP_NUM,MEM_ID) values (183,'1',161,'bbibbigi');
Insert into MY_GROUP (MY_GROUP_NUM,GROUP_PER,GROUP_NUM,MEM_ID) values (184,'1',162,'dkraktmzl1');
Insert into MY_GROUP (MY_GROUP_NUM,GROUP_PER,GROUP_NUM,MEM_ID) values (185,'3',161,'park');
Insert into MY_GROUP (MY_GROUP_NUM,GROUP_PER,GROUP_NUM,MEM_ID) values (186,'3',161,'bbibbigi1');
Insert into MY_GROUP (MY_GROUP_NUM,GROUP_PER,GROUP_NUM,MEM_ID) values (187,'3',161,'lee32');
Insert into MY_GROUP (MY_GROUP_NUM,GROUP_PER,GROUP_NUM,MEM_ID) values (188,'3',161,'id32');
Insert into MY_GROUP (MY_GROUP_NUM,GROUP_PER,GROUP_NUM,MEM_ID) values (193,'1',163,'dkraktmzl1');
Insert into MY_GROUP (MY_GROUP_NUM,GROUP_PER,GROUP_NUM,MEM_ID) values (194,'1',164,'dkraktmzl1');
Insert into MY_GROUP (MY_GROUP_NUM,GROUP_PER,GROUP_NUM,MEM_ID) values (201,'1',171,'wjddbfk');
Insert into MY_GROUP (MY_GROUP_NUM,GROUP_PER,GROUP_NUM,MEM_ID) values (202,'1',172,'bbibbigi');
Insert into MY_GROUP (MY_GROUP_NUM,GROUP_PER,GROUP_NUM,MEM_ID) values (207,'1',177,'romero');
Insert into MY_GROUP (MY_GROUP_NUM,GROUP_PER,GROUP_NUM,MEM_ID) values (208,'2',177,'won');
Insert into MY_GROUP (MY_GROUP_NUM,GROUP_PER,GROUP_NUM,MEM_ID) values (210,'1',179,'wjddbfk');
Insert into MY_GROUP (MY_GROUP_NUM,GROUP_PER,GROUP_NUM,MEM_ID) values (214,'1',182,'niemi');
Insert into MY_GROUP (MY_GROUP_NUM,GROUP_PER,GROUP_NUM,MEM_ID) values (220,'3',178,'demetrios');
Insert into MY_GROUP (MY_GROUP_NUM,GROUP_PER,GROUP_NUM,MEM_ID) values (219,'2',178,'dkraktmzl1');
Insert into MY_GROUP (MY_GROUP_NUM,GROUP_PER,GROUP_NUM,MEM_ID) values (222,'1',187,'dkraktmzl1');
Insert into MY_GROUP (MY_GROUP_NUM,GROUP_PER,GROUP_NUM,MEM_ID) values (223,'1',188,'dkraktmzl1');
Insert into MY_GROUP (MY_GROUP_NUM,GROUP_PER,GROUP_NUM,MEM_ID) values (303,'3',241,'t-aitch');
Insert into MY_GROUP (MY_GROUP_NUM,GROUP_PER,GROUP_NUM,MEM_ID) values (229,'1',192,'t-aitch');
Insert into MY_GROUP (MY_GROUP_NUM,GROUP_PER,GROUP_NUM,MEM_ID) values (230,'3',192,'lee32');
Insert into MY_GROUP (MY_GROUP_NUM,GROUP_PER,GROUP_NUM,MEM_ID) values (301,'2',189,'demetrios');
Insert into MY_GROUP (MY_GROUP_NUM,GROUP_PER,GROUP_NUM,MEM_ID) values (212,'1',181,'bbibbigi');
Insert into MY_GROUP (MY_GROUP_NUM,GROUP_PER,GROUP_NUM,MEM_ID) values (213,'3',181,'bbibbigi1');
Insert into MY_GROUP (MY_GROUP_NUM,GROUP_PER,GROUP_NUM,MEM_ID) values (283,'1',223,'main');
Insert into MY_GROUP (MY_GROUP_NUM,GROUP_PER,GROUP_NUM,MEM_ID) values (226,'1',189,'ssw');
Insert into MY_GROUP (MY_GROUP_NUM,GROUP_PER,GROUP_NUM,MEM_ID) values (203,'1',173,'romero');
Insert into MY_GROUP (MY_GROUP_NUM,GROUP_PER,GROUP_NUM,MEM_ID) values (281,'1',221,'main');
Insert into MY_GROUP (MY_GROUP_NUM,GROUP_PER,GROUP_NUM,MEM_ID) values (241,'1',201,'main');
Insert into MY_GROUP (MY_GROUP_NUM,GROUP_PER,GROUP_NUM,MEM_ID) values (282,'1',222,'main');
Insert into MY_GROUP (MY_GROUP_NUM,GROUP_PER,GROUP_NUM,MEM_ID) values (284,'1',224,'main');
Insert into MY_GROUP (MY_GROUP_NUM,GROUP_PER,GROUP_NUM,MEM_ID) values (285,'1',225,'main');
Insert into MY_GROUP (MY_GROUP_NUM,GROUP_PER,GROUP_NUM,MEM_ID) values (286,'1',226,'main');
Insert into MY_GROUP (MY_GROUP_NUM,GROUP_PER,GROUP_NUM,MEM_ID) values (287,'1',227,'dkraktmzl1');
Insert into MY_GROUP (MY_GROUP_NUM,GROUP_PER,GROUP_NUM,MEM_ID) values (288,'1',228,'dkraktmzl1');
Insert into MY_GROUP (MY_GROUP_NUM,GROUP_PER,GROUP_NUM,MEM_ID) values (289,'1',229,'dkraktmzl1');
Insert into MY_GROUP (MY_GROUP_NUM,GROUP_PER,GROUP_NUM,MEM_ID) values (291,'1',231,'dkraktmzl1');
Insert into MY_GROUP (MY_GROUP_NUM,GROUP_PER,GROUP_NUM,MEM_ID) values (295,'1',235,'dkraktmzl1');
Insert into MY_GROUP (MY_GROUP_NUM,GROUP_PER,GROUP_NUM,MEM_ID) values (321,'3',192,'main');
Insert into MY_GROUP (MY_GROUP_NUM,GROUP_PER,GROUP_NUM,MEM_ID) values (305,'3',192,'gildong');
Insert into MY_GROUP (MY_GROUP_NUM,GROUP_PER,GROUP_NUM,MEM_ID) values (191,'3',161,'wjddbfk');
Insert into MY_GROUP (MY_GROUP_NUM,GROUP_PER,GROUP_NUM,MEM_ID) values (293,'1',233,'dkraktmzl1');
Insert into MY_GROUP (MY_GROUP_NUM,GROUP_PER,GROUP_NUM,MEM_ID) values (196,'1',166,'dkraktmzl1');
Insert into MY_GROUP (MY_GROUP_NUM,GROUP_PER,GROUP_NUM,MEM_ID) values (197,'1',167,'dkraktmzl1');
Insert into MY_GROUP (MY_GROUP_NUM,GROUP_PER,GROUP_NUM,MEM_ID) values (198,'1',168,'dkraktmzl1');
Insert into MY_GROUP (MY_GROUP_NUM,GROUP_PER,GROUP_NUM,MEM_ID) values (199,'1',169,'dkraktmzl1');
Insert into MY_GROUP (MY_GROUP_NUM,GROUP_PER,GROUP_NUM,MEM_ID) values (200,'1',170,'dkraktmzl1');
Insert into MY_GROUP (MY_GROUP_NUM,GROUP_PER,GROUP_NUM,MEM_ID) values (205,'1',175,'bbibbigi');
Insert into MY_GROUP (MY_GROUP_NUM,GROUP_PER,GROUP_NUM,MEM_ID) values (209,'1',178,'wjddbfk');
Insert into MY_GROUP (MY_GROUP_NUM,GROUP_PER,GROUP_NUM,MEM_ID) values (231,'3',161,'won');
Insert into MY_GROUP (MY_GROUP_NUM,GROUP_PER,GROUP_NUM,MEM_ID) values (218,'3',179,'dkraktmzl1');
Insert into MY_GROUP (MY_GROUP_NUM,GROUP_PER,GROUP_NUM,MEM_ID) values (302,'1',241,'lee32');
Insert into MY_GROUP (MY_GROUP_NUM,GROUP_PER,GROUP_NUM,MEM_ID) values (304,'3',241,'gildong');
Insert into MY_GROUP (MY_GROUP_NUM,GROUP_PER,GROUP_NUM,MEM_ID) values (190,'2',161,'dkraktmzl1');
Insert into MY_GROUP (MY_GROUP_NUM,GROUP_PER,GROUP_NUM,MEM_ID) values (306,'3',192,'ssw');
Insert into MY_GROUP (MY_GROUP_NUM,GROUP_PER,GROUP_NUM,MEM_ID) values (307,'3',192,'demetrios');
REM INSERTING into NOTI_BOARD
SET DEFINE OFF;
Insert into NOTI_BOARD (NOTI_NUM,NOTI_TITLE,NOTI_CONTENT,NOTI_DATE,NOTI_HIT,MANAGER_ID) values (1,'새해복 많이 받으세요.','돈도 많이 받으세요.',to_timestamp('17/01/26 10:26:21.332000000','RR/MM/DD HH24:MI:SSXFF'),2,'admin');
Insert into NOTI_BOARD (NOTI_NUM,NOTI_TITLE,NOTI_CONTENT,NOTI_DATE,NOTI_HIT,MANAGER_ID) values (43,'연어?','ㅎㅎㅎ',to_timestamp('17/02/10 17:41:49.441000000','RR/MM/DD HH24:MI:SSXFF'),6,'main');
Insert into NOTI_BOARD (NOTI_NUM,NOTI_TITLE,NOTI_CONTENT,NOTI_DATE,NOTI_HIT,MANAGER_ID) values (5,'공지요','  참고해주세요',to_timestamp('17/01/26 16:05:56.411000000','RR/MM/DD HH24:MI:SSXFF'),24,'admin');
Insert into NOTI_BOARD (NOTI_NUM,NOTI_TITLE,NOTI_CONTENT,NOTI_DATE,NOTI_HIT,MANAGER_ID) values (3,'2017년 1월 26일 공지사항입니다.',' 금일은 모여 운영진이 홈페이지 시연에 대한 발표를 시작한 역사적인 날임을 선언합니다. ',to_timestamp('17/01/26 15:40:56.405000000','RR/MM/DD HH24:MI:SSXFF'),7,'admin');
Insert into NOTI_BOARD (NOTI_NUM,NOTI_TITLE,NOTI_CONTENT,NOTI_DATE,NOTI_HIT,MANAGER_ID) values (4,'2017년 1월 26일 두번째 공지사항입니다.','본 운영진은 금일, 모여 홈페이지 시연을 행함에 있어 눈물을 흘린 날임을 선언합니다.',to_timestamp('17/01/26 15:41:58.421000000','RR/MM/DD HH24:MI:SSXFF'),10,'admin');
Insert into NOTI_BOARD (NOTI_NUM,NOTI_TITLE,NOTI_CONTENT,NOTI_DATE,NOTI_HIT,MANAGER_ID) values (61,'20일 공지입니다.','공지사항',to_timestamp('17/02/20 12:44:41.522000000','RR/MM/DD HH24:MI:SSXFF'),0,'admin');
Insert into NOTI_BOARD (NOTI_NUM,NOTI_TITLE,NOTI_CONTENT,NOTI_DATE,NOTI_HIT,MANAGER_ID) values (41,'2017년 2월 10일 PM6시 연어상회 정모안내','모임멤버들 다들 모여주세요!! 3차 발표 완료 기념 뒷풀이입니다',to_timestamp('17/02/10 14:15:09.576000000','RR/MM/DD HH24:MI:SSXFF'),12,'bbibbigi');
Insert into NOTI_BOARD (NOTI_NUM,NOTI_TITLE,NOTI_CONTENT,NOTI_DATE,NOTI_HIT,MANAGER_ID) values (42,'연어상어?','나도 갈래',to_timestamp('17/02/10 14:15:36.488000000','RR/MM/DD HH24:MI:SSXFF'),18,'won');
REM INSERTING into ORDER_LIST
SET DEFINE OFF;
Insert into ORDER_LIST (ORDER_NUM,ORDER_DATE,ORDER_QTY,MEM_ID,PRODUCT_NUM,ORDER_STATUS,PAYMENT_NUM,CONSULT_TITLE,CONSULT_CONTENT,DEPOSITOR,ACCOUNT_NUMBER,BANK) values (1,to_timestamp('17/02/20 11:47:49.182000000','RR/MM/DD HH24:MI:SSXFF'),1,'bbibbigi',49,'결제전',1,null,null,null,null,null);
Insert into ORDER_LIST (ORDER_NUM,ORDER_DATE,ORDER_QTY,MEM_ID,PRODUCT_NUM,ORDER_STATUS,PAYMENT_NUM,CONSULT_TITLE,CONSULT_CONTENT,DEPOSITOR,ACCOUNT_NUMBER,BANK) values (2,to_timestamp('17/02/20 14:14:53.366000000','RR/MM/DD HH24:MI:SSXFF'),1,'main',53,'결제전',2,null,null,null,null,null);
Insert into ORDER_LIST (ORDER_NUM,ORDER_DATE,ORDER_QTY,MEM_ID,PRODUCT_NUM,ORDER_STATUS,PAYMENT_NUM,CONSULT_TITLE,CONSULT_CONTENT,DEPOSITOR,ACCOUNT_NUMBER,BANK) values (3,to_timestamp('17/02/20 14:16:34.488000000','RR/MM/DD HH24:MI:SSXFF'),1,'main',55,'결제전',3,null,null,null,null,null);
Insert into ORDER_LIST (ORDER_NUM,ORDER_DATE,ORDER_QTY,MEM_ID,PRODUCT_NUM,ORDER_STATUS,PAYMENT_NUM,CONSULT_TITLE,CONSULT_CONTENT,DEPOSITOR,ACCOUNT_NUMBER,BANK) values (4,to_timestamp('17/02/20 14:41:54.987000000','RR/MM/DD HH24:MI:SSXFF'),4,'bbibbigi',61,'결제전',4,null,null,null,null,null);
Insert into ORDER_LIST (ORDER_NUM,ORDER_DATE,ORDER_QTY,MEM_ID,PRODUCT_NUM,ORDER_STATUS,PAYMENT_NUM,CONSULT_TITLE,CONSULT_CONTENT,DEPOSITOR,ACCOUNT_NUMBER,BANK) values (5,to_timestamp('17/02/20 14:48:36.077000000','RR/MM/DD HH24:MI:SSXFF'),1,'bbibbigi',61,'결제전',5,null,null,null,null,null);
Insert into ORDER_LIST (ORDER_NUM,ORDER_DATE,ORDER_QTY,MEM_ID,PRODUCT_NUM,ORDER_STATUS,PAYMENT_NUM,CONSULT_TITLE,CONSULT_CONTENT,DEPOSITOR,ACCOUNT_NUMBER,BANK) values (21,to_timestamp('17/02/21 17:44:46.581000000','RR/MM/DD HH24:MI:SSXFF'),1,'bbibbigi',54,'결제전',21,null,null,null,null,null);
REM INSERTING into PAYMENT_LIST
SET DEFINE OFF;
Insert into PAYMENT_LIST (PAYMENT_NUM,RECEIVER_NAME,ADDRESS,TEL1,TEL2,DELIVERY_REQUEST,PAYMENT_MEANS,PAYMENT_AMOUNT,MEM_ID) values (1,'하대성','(우:03767)서울특별시 서대문구 이화여대2나길 11 102호','010-4576-7172','010-4576-7172','부재시 경비실에','휴대폰 결제',12500,'bbibbigi');
Insert into PAYMENT_LIST (PAYMENT_NUM,RECEIVER_NAME,ADDRESS,TEL1,TEL2,DELIVERY_REQUEST,PAYMENT_MEANS,PAYMENT_AMOUNT,MEM_ID) values (2,'수령자','(우:04129)서울특별시 마포구 마포대로 195 중앙','010-9930-1994','032-2445-1230','ㄹ','신용카드',987500,'main');
Insert into PAYMENT_LIST (PAYMENT_NUM,RECEIVER_NAME,ADDRESS,TEL1,TEL2,DELIVERY_REQUEST,PAYMENT_MEANS,PAYMENT_AMOUNT,MEM_ID) values (3,'수령자','(우:21596)인천광역시 남동구 장승남로 34 대동','0102-2004-0203','123-124-1251','1','신용카드',1046500,'main');
Insert into PAYMENT_LIST (PAYMENT_NUM,RECEIVER_NAME,ADDRESS,TEL1,TEL2,DELIVERY_REQUEST,PAYMENT_MEANS,PAYMENT_AMOUNT,MEM_ID) values (4,'하대성','(우:04043)서울특별시 마포구 양화로 86 102호','010-444-4444','010-111-1111','부재시 경비실에 맡겨주새요','휴대폰 결제',102500,'bbibbigi');
Insert into PAYMENT_LIST (PAYMENT_NUM,RECEIVER_NAME,ADDRESS,TEL1,TEL2,DELIVERY_REQUEST,PAYMENT_MEANS,PAYMENT_AMOUNT,MEM_ID) values (5,'하대성','(우:03767)서울특별시 서대문구 이화여대2나길 11 102호','010-4444-4567','010-4444-4575','123','휴대폰 결제',102500,'bbibbigi');
Insert into PAYMENT_LIST (PAYMENT_NUM,RECEIVER_NAME,ADDRESS,TEL1,TEL2,DELIVERY_REQUEST,PAYMENT_MEANS,PAYMENT_AMOUNT,MEM_ID) values (21,'하대성','(우:03767)서울특별시 서대문구 이화여대2나길 11 102호','010-4756-7172','010-4756-7172','부재시 경비실에','휴대폰 결제',311900,'bbibbigi');
REM INSERTING into PLACE_INFO
SET DEFINE OFF;
Insert into PLACE_INFO (PLACE_NUM,PLACE_NAME,PLACE_ADDRESS,PLACE_DETAIL,PLACE_LINK) values (64,'수국밭','부산광역시 남구 ㅇㅇㅇㅇㅇㅇ',null,null);
Insert into PLACE_INFO (PLACE_NUM,PLACE_NAME,PLACE_ADDRESS,PLACE_DETAIL,PLACE_LINK) values (65,'독도','경상북도 울릉군 독도리',null,null);
Insert into PLACE_INFO (PLACE_NUM,PLACE_NAME,PLACE_ADDRESS,PLACE_DETAIL,PLACE_LINK) values (63,'사막','제주특별자치도 제주시 성산봉','사막입니다',null);
Insert into PLACE_INFO (PLACE_NUM,PLACE_NAME,PLACE_ADDRESS,PLACE_DETAIL,PLACE_LINK) values (66,'유리동물원','서울특별시 관악구 신림동',null,null);
Insert into PLACE_INFO (PLACE_NUM,PLACE_NAME,PLACE_ADDRESS,PLACE_DETAIL,PLACE_LINK) values (67,'중앙정보처리학원','서울특별시 마포구 서울 마포구 대흥동 중앙빌딩 12-20','40년 전통의 IT 학원','http://www.choongang.pe.kr');
Insert into PLACE_INFO (PLACE_NUM,PLACE_NAME,PLACE_ADDRESS,PLACE_DETAIL,PLACE_LINK) values (68,'속초해수욕장','강원도 속초시 일장리','일출 풍경',null);
Insert into PLACE_INFO (PLACE_NUM,PLACE_NAME,PLACE_ADDRESS,PLACE_DETAIL,PLACE_LINK) values (81,'해운대 해수욕장','부산광역시 해운대구 달맞이길62번길 47','총 길이 1.5㎞에 58㎢의 백사장을 자랑하는 해운대해수욕장은 수심이 얕고 모래의 질이 좋아 많은 피서객들이 찾는 국내 최대의 해수욕장이다. 부산하면 제일 먼저 떠올리는 곳이 해운대해수욕장이라고 할 만큼 부산을 대표하는 명소이며, 해마다 여름철 피서객을 가늠하는 척도로 이용될 만큼 국내 최대 인파가 몰리는 곳이기도 하다.','http://www.haeundae.go.kr');
Insert into PLACE_INFO (PLACE_NUM,PLACE_NAME,PLACE_ADDRESS,PLACE_DETAIL,PLACE_LINK) values (62,'당진등대','충청남도 당진시 바닷가','등대입니다',null);
REM INSERTING into PLACE_LIKE
SET DEFINE OFF;
Insert into PLACE_LIKE (PLALIKE_NUM,RECPLA_NUM,MEM_ID) values (69,63,'demetrios');
Insert into PLACE_LIKE (PLALIKE_NUM,RECPLA_NUM,MEM_ID) values (82,64,'demetrios');
Insert into PLACE_LIKE (PLALIKE_NUM,RECPLA_NUM,MEM_ID) values (62,62,'romero');
Insert into PLACE_LIKE (PLALIKE_NUM,RECPLA_NUM,MEM_ID) values (63,62,'demetrios');
Insert into PLACE_LIKE (PLALIKE_NUM,RECPLA_NUM,MEM_ID) values (65,63,'ssw');
Insert into PLACE_LIKE (PLALIKE_NUM,RECPLA_NUM,MEM_ID) values (66,64,'ssw');
Insert into PLACE_LIKE (PLALIKE_NUM,RECPLA_NUM,MEM_ID) values (67,65,'ssw');
Insert into PLACE_LIKE (PLALIKE_NUM,RECPLA_NUM,MEM_ID) values (68,66,'ssw');
Insert into PLACE_LIKE (PLALIKE_NUM,RECPLA_NUM,MEM_ID) values (70,67,'main');
Insert into PLACE_LIKE (PLALIKE_NUM,RECPLA_NUM,MEM_ID) values (102,121,'ssw');
Insert into PLACE_LIKE (PLALIKE_NUM,RECPLA_NUM,MEM_ID) values (81,62,'dkraktmzl1');
Insert into PLACE_LIKE (PLALIKE_NUM,RECPLA_NUM,MEM_ID) values (104,63,'main');
Insert into PLACE_LIKE (PLALIKE_NUM,RECPLA_NUM,MEM_ID) values (103,62,'ssw');
Insert into PLACE_LIKE (PLALIKE_NUM,RECPLA_NUM,MEM_ID) values (121,67,'bbibbigi');
REM INSERTING into PLACE_PIC
SET DEFINE OFF;
Insert into PLACE_PIC (PLACE_PIC_NUM,PLACE_PIC_PATH,PLACE_PIC_NAME,PLACE_NUM) values (64,'/placeImgPath','3d04e8e5-dc37-449d-9960-98a80619721a.jpg',64);
Insert into PLACE_PIC (PLACE_PIC_NUM,PLACE_PIC_PATH,PLACE_PIC_NAME,PLACE_NUM) values (65,'/placeImgPath','9f1f52bd-8e91-4698-adf7-ac99e7320448.jpg',65);
Insert into PLACE_PIC (PLACE_PIC_NUM,PLACE_PIC_PATH,PLACE_PIC_NAME,PLACE_NUM) values (63,'/placeImgPath','b608f4b9-d073-4ee2-951f-62a6e6f1d78f.jpg',63);
Insert into PLACE_PIC (PLACE_PIC_NUM,PLACE_PIC_PATH,PLACE_PIC_NAME,PLACE_NUM) values (66,'/placeImgPath','3c0e0ff8-863c-40a7-b03b-cb8958f08e8b.jpg',66);
Insert into PLACE_PIC (PLACE_PIC_NUM,PLACE_PIC_PATH,PLACE_PIC_NAME,PLACE_NUM) values (67,'/placeImgPath','dd8d520b-8b93-4582-b4da-9921e83b9497.jpg',67);
Insert into PLACE_PIC (PLACE_PIC_NUM,PLACE_PIC_PATH,PLACE_PIC_NAME,PLACE_NUM) values (68,'/placeImgPath','6b08ffaa-2c6f-4187-8eb6-ddb6af99f253.jpg',68);
Insert into PLACE_PIC (PLACE_PIC_NUM,PLACE_PIC_PATH,PLACE_PIC_NAME,PLACE_NUM) values (81,'/placeImgPath','4a291844-2dc1-43f1-8008-dd71dce58f6c.jpg',81);
Insert into PLACE_PIC (PLACE_PIC_NUM,PLACE_PIC_PATH,PLACE_PIC_NAME,PLACE_NUM) values (62,'/placeImgPath','d269e6e0-e28f-4ff3-981e-ac6feea58ec7.jpg',62);
REM INSERTING into POST_PICTURES
SET DEFINE OFF;
Insert into POST_PICTURES (PIC_NUM,PIC_PATH,PIC_NAME,MEM_ID,GROUP_NUM,POST_NUM) values (161,'/postImgPath','760a0e5c-5965-495c-89d0-f62b217f19bd.jpg','main',201,181);
Insert into POST_PICTURES (PIC_NUM,PIC_PATH,PIC_NAME,MEM_ID,GROUP_NUM,POST_NUM) values (162,'/postImgPath','1942017c-5e82-40ec-b0d5-314257c0f4a8.jpg','main',201,181);
Insert into POST_PICTURES (PIC_NUM,PIC_PATH,PIC_NAME,MEM_ID,GROUP_NUM,POST_NUM) values (163,'/postImgPath','6d9f9a26-cc02-4804-bf41-a3e3b521e126.JPG','main',201,182);
Insert into POST_PICTURES (PIC_NUM,PIC_PATH,PIC_NAME,MEM_ID,GROUP_NUM,POST_NUM) values (164,'/postImgPath','10a9aacd-4e7a-461c-92d7-94c50b61511b.jpg','main',201,182);
Insert into POST_PICTURES (PIC_NUM,PIC_PATH,PIC_NAME,MEM_ID,GROUP_NUM,POST_NUM) values (181,'/postImgPath','f1b2ad1a-2447-485a-b8ef-c59613ee0358.png','bbibbigi',161,201);
Insert into POST_PICTURES (PIC_NUM,PIC_PATH,PIC_NAME,MEM_ID,GROUP_NUM,POST_NUM) values (182,'/postImgPath','9814adbf-b1f4-4556-baeb-56e03a097c28.jpg','ssw',189,202);
Insert into POST_PICTURES (PIC_NUM,PIC_PATH,PIC_NAME,MEM_ID,GROUP_NUM,POST_NUM) values (143,'/postImgPath','757538b4-ee19-4897-8edc-5d04395a31ce.png','main',201,164);
Insert into POST_PICTURES (PIC_NUM,PIC_PATH,PIC_NAME,MEM_ID,GROUP_NUM,POST_NUM) values (147,'/postImgPath','bb89af01-f8c8-4c48-b038-a381496978f4.jpg','main',201,165);
Insert into POST_PICTURES (PIC_NUM,PIC_PATH,PIC_NAME,MEM_ID,GROUP_NUM,POST_NUM) values (145,'/postImgPath','6781f107-0b24-48c3-a3fd-ec82b3b36883.jpg','main',201,165);
Insert into POST_PICTURES (PIC_NUM,PIC_PATH,PIC_NAME,MEM_ID,GROUP_NUM,POST_NUM) values (146,'/postImgPath','49350688-5d97-4b7c-967b-a8041b42ac72.jpg','main',201,165);
Insert into POST_PICTURES (PIC_NUM,PIC_PATH,PIC_NAME,MEM_ID,GROUP_NUM,POST_NUM) values (141,'/postImgPath','96ebe488-7512-4030-9d42-f84fbdea5ffa.png','main',201,164);
Insert into POST_PICTURES (PIC_NUM,PIC_PATH,PIC_NAME,MEM_ID,GROUP_NUM,POST_NUM) values (142,'/postImgPath','912127c8-105c-43b3-88e4-ad7e51c17838.png','main',201,164);
Insert into POST_PICTURES (PIC_NUM,PIC_PATH,PIC_NAME,MEM_ID,GROUP_NUM,POST_NUM) values (148,'/postImgPath','f42b0c23-3338-41f4-9b51-962cbbc9aa78.jpg','main',201,165);
Insert into POST_PICTURES (PIC_NUM,PIC_PATH,PIC_NAME,MEM_ID,GROUP_NUM,POST_NUM) values (149,'/postImgPath','b8d94d67-1ad2-412b-8074-99649ff61034.jpg','main',201,165);
Insert into POST_PICTURES (PIC_NUM,PIC_PATH,PIC_NAME,MEM_ID,GROUP_NUM,POST_NUM) values (150,'/postImgPath','b3d83d88-fe15-4c8e-a50f-496a5e271779.jpg','main',201,165);
Insert into POST_PICTURES (PIC_NUM,PIC_PATH,PIC_NAME,MEM_ID,GROUP_NUM,POST_NUM) values (151,'/postImgPath','ed78b14d-2865-4e7b-b8a1-ab1880b8463d.jpg','main',201,165);
Insert into POST_PICTURES (PIC_NUM,PIC_PATH,PIC_NAME,MEM_ID,GROUP_NUM,POST_NUM) values (152,'/postImgPath','6075f424-922d-419f-8984-50dc2969aed8.jpg','main',201,165);
Insert into POST_PICTURES (PIC_NUM,PIC_PATH,PIC_NAME,MEM_ID,GROUP_NUM,POST_NUM) values (153,'/postImgPath','a7134a03-bcc4-442e-8601-b999f2e5bae5.jpg','main',201,165);
Insert into POST_PICTURES (PIC_NUM,PIC_PATH,PIC_NAME,MEM_ID,GROUP_NUM,POST_NUM) values (154,'/postImgPath','988428e0-92d9-47ff-a8c9-63f0880fa9c9.jpg','main',201,165);
Insert into POST_PICTURES (PIC_NUM,PIC_PATH,PIC_NAME,MEM_ID,GROUP_NUM,POST_NUM) values (155,'/postImgPath','50542519-9cff-4d09-be95-6465ac537c82.jpg','main',201,165);
Insert into POST_PICTURES (PIC_NUM,PIC_PATH,PIC_NAME,MEM_ID,GROUP_NUM,POST_NUM) values (156,'/postImgPath','93591a9b-6676-4d77-9f8b-932d02227cdb.jpg','main',201,165);
Insert into POST_PICTURES (PIC_NUM,PIC_PATH,PIC_NAME,MEM_ID,GROUP_NUM,POST_NUM) values (106,'/postImgPath','e4a45933-8f87-4ebc-845b-b6bb1d207052.jpg','bbibbigi',172,143);
Insert into POST_PICTURES (PIC_NUM,PIC_PATH,PIC_NAME,MEM_ID,GROUP_NUM,POST_NUM) values (107,'/postImgPath','ba3a3489-a635-473d-8622-3e83f848a391.png','bbibbigi',172,143);
Insert into POST_PICTURES (PIC_NUM,PIC_PATH,PIC_NAME,MEM_ID,GROUP_NUM,POST_NUM) values (108,'/postImgPath','23985787-b955-47b3-9a5e-4af6cc95c00c.png','bbibbigi',175,144);
Insert into POST_PICTURES (PIC_NUM,PIC_PATH,PIC_NAME,MEM_ID,GROUP_NUM,POST_NUM) values (109,'/postImgPath','10c5867c-6045-4473-8bb1-6653b94662f3.jpg','bbibbigi',175,144);
Insert into POST_PICTURES (PIC_NUM,PIC_PATH,PIC_NAME,MEM_ID,GROUP_NUM,POST_NUM) values (110,'/postImgPath','fbbed4f2-3d30-4022-9fb2-daeb66d2626a.jpg','bbibbigi',175,145);
Insert into POST_PICTURES (PIC_NUM,PIC_PATH,PIC_NAME,MEM_ID,GROUP_NUM,POST_NUM) values (111,'/postImgPath','305eab28-708b-48e3-8ca0-b783990eb8b1.jpg','bbibbigi',175,145);
Insert into POST_PICTURES (PIC_NUM,PIC_PATH,PIC_NAME,MEM_ID,GROUP_NUM,POST_NUM) values (112,'/postImgPath','a26b0c7e-bb8f-4dae-be17-42240dd49b5b.jpg','bbibbigi',175,145);
Insert into POST_PICTURES (PIC_NUM,PIC_PATH,PIC_NAME,MEM_ID,GROUP_NUM,POST_NUM) values (113,'/postImgPath','e614fb48-259b-488b-a6af-a235d71ac04b.jpg','wjddbfk',171,146);
Insert into POST_PICTURES (PIC_NUM,PIC_PATH,PIC_NAME,MEM_ID,GROUP_NUM,POST_NUM) values (114,'/postImgPath','6dd9e2a2-7081-4215-a277-1c6b1f6493cc.jpg','wjddbfk',171,146);
Insert into POST_PICTURES (PIC_NUM,PIC_PATH,PIC_NAME,MEM_ID,GROUP_NUM,POST_NUM) values (115,'/postImgPath','b18abec4-5486-45a3-a3f0-de0dae4681a7.jpg','wjddbfk',171,146);
Insert into POST_PICTURES (PIC_NUM,PIC_PATH,PIC_NAME,MEM_ID,GROUP_NUM,POST_NUM) values (104,'/postImgPath','68e75abc-2fcb-4c4c-8f10-a9c0e44b6207.jpg','bbibbigi',172,143);
Insert into POST_PICTURES (PIC_NUM,PIC_PATH,PIC_NAME,MEM_ID,GROUP_NUM,POST_NUM) values (105,'/postImgPath','4c84611a-36b7-47d9-ab31-6cac2dc5b339.jpg','bbibbigi',172,143);
Insert into POST_PICTURES (PIC_NUM,PIC_PATH,PIC_NAME,MEM_ID,GROUP_NUM,POST_NUM) values (116,'/postImgPath','3fceec89-27b7-450f-99da-26d1ea530a18.jpg','wjddbfk',171,146);
Insert into POST_PICTURES (PIC_NUM,PIC_PATH,PIC_NAME,MEM_ID,GROUP_NUM,POST_NUM) values (117,'/postImgPath','250eadee-fae0-4d70-a44a-5d9d6b8ec4f4.jpg','wjddbfk',171,146);
Insert into POST_PICTURES (PIC_NUM,PIC_PATH,PIC_NAME,MEM_ID,GROUP_NUM,POST_NUM) values (118,'/postImgPath','c027daa5-06e7-46e1-953b-405b547a0fcf.jpg','wjddbfk',171,146);
Insert into POST_PICTURES (PIC_NUM,PIC_PATH,PIC_NAME,MEM_ID,GROUP_NUM,POST_NUM) values (119,'/postImgPath','b9f28047-eb4f-46fa-9b42-3c0ebfd30e6a.jpg','wjddbfk',171,146);
Insert into POST_PICTURES (PIC_NUM,PIC_PATH,PIC_NAME,MEM_ID,GROUP_NUM,POST_NUM) values (120,'/postImgPath','ce6fb2f9-463e-4f1d-b993-a5eff3d4d205.jpg','wjddbfk',171,146);
Insert into POST_PICTURES (PIC_NUM,PIC_PATH,PIC_NAME,MEM_ID,GROUP_NUM,POST_NUM) values (121,'/postImgPath','d7efdd7e-cef2-4582-85fa-d0977a9c1997.jpg','wjddbfk',171,146);
Insert into POST_PICTURES (PIC_NUM,PIC_PATH,PIC_NAME,MEM_ID,GROUP_NUM,POST_NUM) values (122,'/postImgPath','c9e33224-30e4-4f58-ac1c-8cca6e5b5a60.jpg','wjddbfk',171,146);
Insert into POST_PICTURES (PIC_NUM,PIC_PATH,PIC_NAME,MEM_ID,GROUP_NUM,POST_NUM) values (123,'/postImgPath','3b63638a-191b-41b7-96b6-cd9fe744cfb4.jpg','wjddbfk',178,147);
Insert into POST_PICTURES (PIC_NUM,PIC_PATH,PIC_NAME,MEM_ID,GROUP_NUM,POST_NUM) values (124,'/postImgPath','fcdc0a4b-cf21-42a5-b0ff-c169e2b445b1.jpg','wjddbfk',178,147);
Insert into POST_PICTURES (PIC_NUM,PIC_PATH,PIC_NAME,MEM_ID,GROUP_NUM,POST_NUM) values (125,'/postImgPath','695a1476-a276-4ce2-bfea-555e6ca7ab67.jpg','wjddbfk',178,147);
Insert into POST_PICTURES (PIC_NUM,PIC_PATH,PIC_NAME,MEM_ID,GROUP_NUM,POST_NUM) values (126,'/postImgPath','f004f946-77ee-4b5d-8685-c4d0bf91086a.jpg','wjddbfk',178,147);
Insert into POST_PICTURES (PIC_NUM,PIC_PATH,PIC_NAME,MEM_ID,GROUP_NUM,POST_NUM) values (127,'/postImgPath','ff5f23d8-6dad-4048-8d43-26ae8ef0e7db.jpg','wjddbfk',178,147);
Insert into POST_PICTURES (PIC_NUM,PIC_PATH,PIC_NAME,MEM_ID,GROUP_NUM,POST_NUM) values (128,'/postImgPath','53b21985-936d-401a-adcc-b28552407812.jpg','wjddbfk',178,147);
Insert into POST_PICTURES (PIC_NUM,PIC_PATH,PIC_NAME,MEM_ID,GROUP_NUM,POST_NUM) values (129,'/postImgPath','ef6bf0f6-9130-4627-bb60-18c3225b196e.jpg','wjddbfk',179,148);
Insert into POST_PICTURES (PIC_NUM,PIC_PATH,PIC_NAME,MEM_ID,GROUP_NUM,POST_NUM) values (130,'/postImgPath','58e99ff8-abff-423a-9af7-c4f252fc585a.jpg','wjddbfk',179,148);
Insert into POST_PICTURES (PIC_NUM,PIC_PATH,PIC_NAME,MEM_ID,GROUP_NUM,POST_NUM) values (131,'/postImgPath','cfcbf1f4-d36f-4d5b-86ad-d82d4aed4435.jpg','wjddbfk',179,148);
Insert into POST_PICTURES (PIC_NUM,PIC_PATH,PIC_NAME,MEM_ID,GROUP_NUM,POST_NUM) values (132,'/postImgPath','48d60e95-14de-4427-8e81-c8154995e724.jpg','wjddbfk',179,148);
Insert into POST_PICTURES (PIC_NUM,PIC_PATH,PIC_NAME,MEM_ID,GROUP_NUM,POST_NUM) values (133,'/postImgPath','271bc69e-719d-465a-b8a5-2cf509ddc9c5.jpg','wjddbfk',179,148);
Insert into POST_PICTURES (PIC_NUM,PIC_PATH,PIC_NAME,MEM_ID,GROUP_NUM,POST_NUM) values (134,'/postImgPath','88018f78-2bd9-444b-aa50-0f378b7ef602.jpg','wjddbfk',179,148);
Insert into POST_PICTURES (PIC_NUM,PIC_PATH,PIC_NAME,MEM_ID,GROUP_NUM,POST_NUM) values (135,'/postImgPath','0b77b699-aad6-46a4-9dd3-9539d486c300.jpg','bbibbigi',161,155);
Insert into POST_PICTURES (PIC_NUM,PIC_PATH,PIC_NAME,MEM_ID,GROUP_NUM,POST_NUM) values (136,'/postImgPath','34af1cf1-510c-4269-94c1-a9ac2d15e45f.jpg','bbibbigi',161,155);
Insert into POST_PICTURES (PIC_NUM,PIC_PATH,PIC_NAME,MEM_ID,GROUP_NUM,POST_NUM) values (137,'/postImgPath','a22dbf4e-a7e1-41ad-8dc9-74273dcc8b2c.jpg','bbibbigi',161,155);
Insert into POST_PICTURES (PIC_NUM,PIC_PATH,PIC_NAME,MEM_ID,GROUP_NUM,POST_NUM) values (138,'/postImgPath','84031423-8ebd-454b-bd28-076fa16d8356.jpg','bbibbigi',161,155);
REM INSERTING into POST_VIDEO
SET DEFINE OFF;
Insert into POST_VIDEO (VIDEO_NUM,VIDEO_PATH,VIDEO_NAME,MEM_ID,GROUP_NUM,POST_NUM) values (82,'/postVideoPath','146ed9aa-f1c6-4515-be5e-184f8376f13b.mp4','bbibbigi',161,150);
Insert into POST_VIDEO (VIDEO_NUM,VIDEO_PATH,VIDEO_NAME,MEM_ID,GROUP_NUM,POST_NUM) values (83,'/postVideoPath','5c98a8a6-db03-4f3b-84c5-0f6f86a7f018.mp4','dkraktmzl1',187,151);
Insert into POST_VIDEO (VIDEO_NUM,VIDEO_PATH,VIDEO_NAME,MEM_ID,GROUP_NUM,POST_NUM) values (84,'/postVideoPath','4b4a154c-f653-4512-9dc6-3c1aa5ad6be2.mp4','dkraktmzl1',188,152);
Insert into POST_VIDEO (VIDEO_NUM,VIDEO_PATH,VIDEO_NAME,MEM_ID,GROUP_NUM,POST_NUM) values (85,'/postVideoPath','a183fabf-539e-4b57-89a4-fcad02262af5.mp4','bbibbigi',175,153);
Insert into POST_VIDEO (VIDEO_NUM,VIDEO_PATH,VIDEO_NAME,MEM_ID,GROUP_NUM,POST_NUM) values (86,'/postVideoPath','79645808-ddb6-434a-a58b-b1a0a731cb42.mp4','dkraktmzl1',178,154);
Insert into POST_VIDEO (VIDEO_NUM,VIDEO_PATH,VIDEO_NAME,MEM_ID,GROUP_NUM,POST_NUM) values (102,'/postVideoPath','42cd921a-6fd6-47ee-81cc-c25b7d96be35.mp4','main',201,164);
Insert into POST_VIDEO (VIDEO_NUM,VIDEO_PATH,VIDEO_NAME,MEM_ID,GROUP_NUM,POST_NUM) values (105,'/postVideoPath','9f75cac0-7a02-4d59-a6d2-9e929f62c80b.mp4','main',201,166);
Insert into POST_VIDEO (VIDEO_NUM,VIDEO_PATH,VIDEO_NAME,MEM_ID,GROUP_NUM,POST_NUM) values (106,'/postVideoPath','ec2bd86b-cd2f-48aa-a02a-a2c29a3a2f0c.mp4','main',201,166);
Insert into POST_VIDEO (VIDEO_NUM,VIDEO_PATH,VIDEO_NAME,MEM_ID,GROUP_NUM,POST_NUM) values (107,'/postVideoPath','ea83b328-ada3-42be-b64f-aeb6000e11d8.mp4','main',201,166);
Insert into POST_VIDEO (VIDEO_NUM,VIDEO_PATH,VIDEO_NAME,MEM_ID,GROUP_NUM,POST_NUM) values (108,'/postVideoPath','f882ad4c-0016-4a02-a19b-3b12df297cd9.mp4','main',201,166);
Insert into POST_VIDEO (VIDEO_NUM,VIDEO_PATH,VIDEO_NAME,MEM_ID,GROUP_NUM,POST_NUM) values (109,'/postVideoPath','4f6e64c9-3e95-4a88-ae5a-606cd0be23af.mp4','main',201,166);
Insert into POST_VIDEO (VIDEO_NUM,VIDEO_PATH,VIDEO_NAME,MEM_ID,GROUP_NUM,POST_NUM) values (110,'/postVideoPath','637b7bbf-177e-4733-903b-c968e8915786.mp4','main',201,166);
Insert into POST_VIDEO (VIDEO_NUM,VIDEO_PATH,VIDEO_NAME,MEM_ID,GROUP_NUM,POST_NUM) values (111,'/postVideoPath','da83f47b-87fa-4a08-a018-df73e004e47e.mp4','main',201,166);
Insert into POST_VIDEO (VIDEO_NUM,VIDEO_PATH,VIDEO_NAME,MEM_ID,GROUP_NUM,POST_NUM) values (113,'/postVideoPath','92dca390-70f2-4b02-85cd-942064d6ccb2.mp4','main',201,166);
Insert into POST_VIDEO (VIDEO_NUM,VIDEO_PATH,VIDEO_NAME,MEM_ID,GROUP_NUM,POST_NUM) values (114,'/postVideoPath','5550789a-338e-49c5-a549-d4dc69af2300.mp4','main',201,166);
Insert into POST_VIDEO (VIDEO_NUM,VIDEO_PATH,VIDEO_NAME,MEM_ID,GROUP_NUM,POST_NUM) values (115,'/postVideoPath','f222306d-b207-499c-a7f9-7cd66101f782.mp4','main',201,166);
Insert into POST_VIDEO (VIDEO_NUM,VIDEO_PATH,VIDEO_NAME,MEM_ID,GROUP_NUM,POST_NUM) values (116,'/postVideoPath','99227963-cacf-457d-af28-472be358d68f.mp4','main',201,166);
Insert into POST_VIDEO (VIDEO_NUM,VIDEO_PATH,VIDEO_NAME,MEM_ID,GROUP_NUM,POST_NUM) values (117,'/postVideoPath','7dd25965-6795-4e45-8852-d4dca3210c7c.mp4','main',201,166);
Insert into POST_VIDEO (VIDEO_NUM,VIDEO_PATH,VIDEO_NAME,MEM_ID,GROUP_NUM,POST_NUM) values (118,'/postVideoPath','c6846276-77d9-45ff-8d5d-7755631db49b.mp4','main',201,166);
Insert into POST_VIDEO (VIDEO_NUM,VIDEO_PATH,VIDEO_NAME,MEM_ID,GROUP_NUM,POST_NUM) values (119,'/postVideoPath','950653aa-aaa8-445a-863a-a5fb4f960ce0.mp4','main',201,166);
Insert into POST_VIDEO (VIDEO_NUM,VIDEO_PATH,VIDEO_NAME,MEM_ID,GROUP_NUM,POST_NUM) values (81,'/postVideoPath','89ae48a3-3c87-4aa5-88cc-34a986c9c16a.mp4','dkraktmzl1',167,149);
Insert into POST_VIDEO (VIDEO_NUM,VIDEO_PATH,VIDEO_NAME,MEM_ID,GROUP_NUM,POST_NUM) values (88,'/postVideoPath','89fe41b1-a618-4ea7-91d5-d1e9a3cf48e9.mp4','bbibbigi',161,155);
REM INSERTING into PRESENT_PER_LIST
SET DEFINE OFF;
Insert into PRESENT_PER_LIST (PRE_PER_NUM,MEM_ID,MEETING_NUM) values (84,'bbibbigi',103);
Insert into PRESENT_PER_LIST (PRE_PER_NUM,MEM_ID,MEETING_NUM) values (105,'lee32',106);
Insert into PRESENT_PER_LIST (PRE_PER_NUM,MEM_ID,MEETING_NUM) values (85,'bbibbigi1',104);
Insert into PRESENT_PER_LIST (PRE_PER_NUM,MEM_ID,MEETING_NUM) values (143,'bbibbigi1',106);
Insert into PRESENT_PER_LIST (PRE_PER_NUM,MEM_ID,MEETING_NUM) values (86,'dkraktmzl1',106);
Insert into PRESENT_PER_LIST (PRE_PER_NUM,MEM_ID,MEETING_NUM) values (87,'bbibbigi',106);
Insert into PRESENT_PER_LIST (PRE_PER_NUM,MEM_ID,MEETING_NUM) values (104,'id32',106);
REM INSERTING into PRODUCT_ANS
SET DEFINE OFF;
REM INSERTING into PRODUCT_COMMENTS
SET DEFINE OFF;
Insert into PRODUCT_COMMENTS (COMMENTS_NUM,COMMENTS_CONTENT,COMMENTS_DATE,STAR_POINTS,PRODUCT_NUM,MEM_ID,COMMENTS_TITLE) values (1,'dddd',to_timestamp('17/02/20 10:22:31.768000000','RR/MM/DD HH24:MI:SSXFF'),5,48,'main','dd');
Insert into PRODUCT_COMMENTS (COMMENTS_NUM,COMMENTS_CONTENT,COMMENTS_DATE,STAR_POINTS,PRODUCT_NUM,MEM_ID,COMMENTS_TITLE) values (21,'배송은 별로',to_timestamp('17/02/21 14:58:35.911000000','RR/MM/DD HH24:MI:SSXFF'),3,54,'bbibbigi','만족합니다');
Insert into PRODUCT_COMMENTS (COMMENTS_NUM,COMMENTS_CONTENT,COMMENTS_DATE,STAR_POINTS,PRODUCT_NUM,MEM_ID,COMMENTS_TITLE) values (5,'ㅜㅜ',to_timestamp('17/02/20 14:37:52.277000000','RR/MM/DD HH24:MI:SSXFF'),1,61,'mail','가성비 별로...');
REM INSERTING into PRODUCT_INFO
SET DEFINE OFF;
Insert into PRODUCT_INFO (PRODUCT_NUM,PRODUCT_NAME,PRODUCT_PRICE,PRODUCT_QTY,PRODUCT_DETAIL,SELLER_ID,PRODUCT_CAT1,PRODUCT_CAT2) values (43,'젤리피시',20000,20,'맛도 좋고 몸에도 좋은 젤리피시!','main','취미/반려동물','관상어/수족관');
Insert into PRODUCT_INFO (PRODUCT_NUM,PRODUCT_NAME,PRODUCT_PRICE,PRODUCT_QTY,PRODUCT_DETAIL,SELLER_ID,PRODUCT_CAT1,PRODUCT_CAT2) values (45,'에티오피아 수프리모 커피',15000,50,'에티오피아(Ethiopia)에서는 커피를 부나(Buna) 또는 분나(Bunna)라고 부르며 반가운 손님을 맞이하거나 행사가 열릴때면 커피 세레모니(Coffee Ceremony)라하여 최고의 커피를 대접하는 의식이 남아있다. 커피를 배우고 있거나 관련된 일을 하고있는 사람이라면 한번쯤은 가보고 싶은 에티오피아(Ethiopia)는 아라비카 커피(Arabica Coffee)의 고향이자 커피가 발견될 당시의 아라비카 커피(Arabica Coffee)가 자라는 유일한 곳으로서 최고의 커피를 생산하는 국가이다.','main','식품','음료');
Insert into PRODUCT_INFO (PRODUCT_NUM,PRODUCT_NAME,PRODUCT_PRICE,PRODUCT_QTY,PRODUCT_DETAIL,SELLER_ID,PRODUCT_CAT1,PRODUCT_CAT2) values (46,'치코리타 인형',20000,50,'2세대 풀타입 스타팅 포켓몬 중 최초 형태. 주로 답이 없는 성능으로 유명하다. 속칭 잘타는 쓰레기','ssw','취미/반려동물','취미');
Insert into PRODUCT_INFO (PRODUCT_NUM,PRODUCT_NAME,PRODUCT_PRICE,PRODUCT_QTY,PRODUCT_DETAIL,SELLER_ID,PRODUCT_CAT1,PRODUCT_CAT2) values (47,'이브이 인형',20000,60,'레드의 포켓몬으로 등장. 로켓단의 실험에 의해 쥬피썬더, 샤미드, 부스터로 자유롭게 진화하거나 원래대로 돌아가는 능력이 있었지만, 에브이로 진화한 뒤에는 그 능력이 사라져버렸다.','ssw','취미/반려동물','취미');
Insert into PRODUCT_INFO (PRODUCT_NUM,PRODUCT_NAME,PRODUCT_PRICE,PRODUCT_QTY,PRODUCT_DETAIL,SELLER_ID,PRODUCT_CAT1,PRODUCT_CAT2) values (48,'윷',30000,20,'윷 가락은 각 참가자가 던지는 소품이다. 단면이 반달 모양인 네개의 가락(막대기) 또는 콩알 반쪽을 사용한다. 현대에 와서는 놀이 상품으로서의 윷은 나무막대기가 일반적이며 콩알을 파는 경우는 흔치 않다. 가락 또는 알의 둥근 면을 ''등''(또는 뒤)이라 부르고, 평평한 면을 ''배''(또는 앞)라고 부른다. 등이 나온 결과를 ''엎어졌다''라고 하고, 배가 나온 결과를 ''까졌다고'' 부른다.','ssw','취미/반려동물','기타');
Insert into PRODUCT_INFO (PRODUCT_NUM,PRODUCT_NAME,PRODUCT_PRICE,PRODUCT_QTY,PRODUCT_DETAIL,SELLER_ID,PRODUCT_CAT1,PRODUCT_CAT2) values (49,'방향제',10000,86,'방향제(芳香劑, Air Freshener)는 사람에게 향수를 뿌리듯 특정 공간에 좋은 향이 퍼지게 하여 기분을 산뜻하게 하는 약제를 일컫는다. 일상적으로는 가장 유명한 상품명대로 페브리즈라고 부르기도 한다. 관련된 물품으로는 향, 향초, 디퓨저 등이 있으며 전문 매장들도 속속 생겨나는 추세.','ssw','생활/건강',null);
Insert into PRODUCT_INFO (PRODUCT_NUM,PRODUCT_NAME,PRODUCT_PRICE,PRODUCT_QTY,PRODUCT_DETAIL,SELLER_ID,PRODUCT_CAT1,PRODUCT_CAT2) values (50,'라쿠텐 동물 인형',40000,40,'후드 부분의 입체감과 입의 위치에, 색 ? 디자인 ? 물론 꼬리 또는 외투, 리본 등 세세 한 부분을 엄선 한 디자인입니다. 크기는 어른 용의 프리 사이즈. 머리부터 다리까지 푹 저고리 매 스타일의 캐릭터와 동물에 대 변신! 또한 소매와 옷자락에 리브 확장 재질을 사용하여, 팔 다리의 방해가 되지 않고 실루엣을 표현 되어 매우 큐트!','ssw','의류/잡화','여성의류');
Insert into PRODUCT_INFO (PRODUCT_NUM,PRODUCT_NAME,PRODUCT_PRICE,PRODUCT_QTY,PRODUCT_DETAIL,SELLER_ID,PRODUCT_CAT1,PRODUCT_CAT2) values (51,'빅사이즈남자옷 봄신상니트',25000,43,'산뜻한 그린컬러의 빅사이즈남자옷 불규칙 스트라이프무늬의 니트스웨터 입니다.
봄신상답게 가볍고 산뜻하게 착용가능한 덩치큰남성의류 입니다.','ssw','의류/잡화','남성의류');
Insert into PRODUCT_INFO (PRODUCT_NUM,PRODUCT_NAME,PRODUCT_PRICE,PRODUCT_QTY,PRODUCT_DETAIL,SELLER_ID,PRODUCT_CAT1,PRODUCT_CAT2) values (52,'닥스숙녀 와인 배색 디테일 카라 티셔츠 DLE06D091WN',140000,70,'와인 컬러에 배색 카라와 배색 소매가 포인트인 티셔츠입니다. 심플하지만 밋밋하지 않은 실용적인 데일리한 아이템입니다.','ssw','브랜드패션','브랜드 여성의류');
Insert into PRODUCT_INFO (PRODUCT_NUM,PRODUCT_NAME,PRODUCT_PRICE,PRODUCT_QTY,PRODUCT_DETAIL,SELLER_ID,PRODUCT_CAT1,PRODUCT_CAT2) values (53,'프라다 NUNC 남성 MONTAG',985000,76,'.','main','브랜드패션','브랜드 남성가방');
Insert into PRODUCT_INFO (PRODUCT_NUM,PRODUCT_NAME,PRODUCT_PRICE,PRODUCT_QTY,PRODUCT_DETAIL,SELLER_ID,PRODUCT_CAT1,PRODUCT_CAT2) values (54,'폴스미스 레이저 엣지 남성 반지갑 ',309400,63,'소가죽 위에 입체적으로 엣지 처리된 남성 반지갑입니다.','main','브랜드패션','브랜드 지갑/벨트');
Insert into PRODUCT_INFO (PRODUCT_NUM,PRODUCT_NAME,PRODUCT_PRICE,PRODUCT_QTY,PRODUCT_DETAIL,SELLER_ID,PRODUCT_CAT1,PRODUCT_CAT2) values (55,'아크네 램스킨 원피스 1AH136 900 36 블랙 ',1044000,42,'100% 램스킨 소재, 사이즈 : 36','main','브랜드패션','브랜드 여성의류');
Insert into PRODUCT_INFO (PRODUCT_NUM,PRODUCT_NAME,PRODUCT_PRICE,PRODUCT_QTY,PRODUCT_DETAIL,SELLER_ID,PRODUCT_CAT1,PRODUCT_CAT2) values (56,'아임미미 멀티스틱/섀도/틴트/립메이크업',28900,64,'5만원 이상 구매하신 분들께 아임 리퀴드 아이라이너를 드립니다','main','뷰티','뷰티소품');
Insert into PRODUCT_INFO (PRODUCT_NUM,PRODUCT_NAME,PRODUCT_PRICE,PRODUCT_QTY,PRODUCT_DETAIL,SELLER_ID,PRODUCT_CAT1,PRODUCT_CAT2) values (57,'봄신상 청바지/남자슬림일자/빅사이즈',13800,300,'믿을 수 있는 100% 자체 제작','main','의류/잡화','남성의류');
Insert into PRODUCT_INFO (PRODUCT_NUM,PRODUCT_NAME,PRODUCT_PRICE,PRODUCT_QTY,PRODUCT_DETAIL,SELLER_ID,PRODUCT_CAT1,PRODUCT_CAT2) values (58,'하나일 수 없는 역사',23000,74,'세계의 역사 교과서를 통해 주체적으로 읽는 20세기 세계사!

우리는 어떻게 역사를 읽고 이해해야 할까? 그동안 깊이 있는 분석과 참신한 문제제기로 현대 세계의 시사를 다루어온 르몽드 디플로마티크가 이번에는 『하나일 수 없는 역사』를 통해 역사를 어떻게 읽고 기억해야 하는지에 주목하면서 세계의 역사 교과서를 파헤쳤다. 이 책은 21개국의 중ㆍ고등학교 역사 교과서 내용을 소개함으로써 역사를 이해하는 서로 다른 시선을 제시함과 동시에 주체적인 역사 인식을 돕는다. 

현대 세계를 만든 토대가 된 19세기 산업혁명부터 다가올 미래까지 세계사의 주요 사건에 대한 서로 다른 관점을 밝혀 보이는 이 책은 기존의 상식을 뒤흔든다. 또한 21개국의 역사 교과서 서술을 비교함으로써 역사를 이해하는 다른 시선들을 소개한다. 즉, 단편적이고 보편적인 역사를 전달하는 것이 아니라, 상식에 도전하는 질문과 관점의 차이를 보여주는 서술, 사실의 검증에 필요한 다양한 자료를 통해 독자 스스로 역사를 읽고 비판하고 이해할 것을 제안한다.','main','도서/여행/e쿠폰','도서');
Insert into PRODUCT_INFO (PRODUCT_NUM,PRODUCT_NAME,PRODUCT_PRICE,PRODUCT_QTY,PRODUCT_DETAIL,SELLER_ID,PRODUCT_CAT1,PRODUCT_CAT2) values (59,'Maltese Falcon (몰타의 매)',10000,75,'Sam Spade is hired by the fragrant Miss Wonderley to track down her sister, who has eloped with a louse called Floyd Thursby. But Miss Wonderley is in fact the beautiful and treacherous Brigid O''Shaughnessy, and when Spade''s partner Miles Archer is shot while on Thursby''s trail, Spade finds himself both hunter and hunted: can he track down the jewel-encrusted bird, a treasure worth killing for, before the Fat Man finds him?','main','도서/여행/e쿠폰','도서');
Insert into PRODUCT_INFO (PRODUCT_NUM,PRODUCT_NAME,PRODUCT_PRICE,PRODUCT_QTY,PRODUCT_DETAIL,SELLER_ID,PRODUCT_CAT1,PRODUCT_CAT2) values (60,'전담',30000,100,'굳굳','dkraktmzl1','해외직구','HOME&LIFE');
Insert into PRODUCT_INFO (PRODUCT_NUM,PRODUCT_NAME,PRODUCT_PRICE,PRODUCT_QTY,PRODUCT_DETAIL,SELLER_ID,PRODUCT_CAT1,PRODUCT_CAT2) values (61,'전자담배',100000,15,' 몸에는 안좋아요','mail','생활/건강','세탁용품');
Insert into PRODUCT_INFO (PRODUCT_NUM,PRODUCT_NAME,PRODUCT_PRICE,PRODUCT_QTY,PRODUCT_DETAIL,SELLER_ID,PRODUCT_CAT1,PRODUCT_CAT2) values (81,'마우스',20000,3,'내구성이 좋은 마우스입니다.','bbibbigi','디지털/가전/컴퓨터','컴퓨터주변기기');
REM INSERTING into PRODUCT_PIC
SET DEFINE OFF;
Insert into PRODUCT_PIC (PIC_NUM,PIC_PATH,PIC_NAME,PRODUCT_NUM,PIC_TYPE) values (48,'/productImg','f743e95a-b6ea-42ff-a6da-596ed35cc892.jpg',45,1);
Insert into PRODUCT_PIC (PIC_NUM,PIC_PATH,PIC_NAME,PRODUCT_NUM,PIC_TYPE) values (44,'/productImg','2914e95c-b0d7-496c-b106-16e7f675134f.jpg',43,1);
Insert into PRODUCT_PIC (PIC_NUM,PIC_PATH,PIC_NAME,PRODUCT_NUM,PIC_TYPE) values (45,'/productImg','329eddf1-ae14-456e-97cd-2c6b9634d9d5.jpg',43,1);
Insert into PRODUCT_PIC (PIC_NUM,PIC_PATH,PIC_NAME,PRODUCT_NUM,PIC_TYPE) values (49,'/productImg','47ba72e6-0703-4df8-90b5-2128c5ca88e1.JPG',45,1);
Insert into PRODUCT_PIC (PIC_NUM,PIC_PATH,PIC_NAME,PRODUCT_NUM,PIC_TYPE) values (50,'/productImg','95be1a8d-8104-4e22-ab1f-17fdd4b13bb2.jpg',46,1);
Insert into PRODUCT_PIC (PIC_NUM,PIC_PATH,PIC_NAME,PRODUCT_NUM,PIC_TYPE) values (51,'/productImg','1afbb891-dbf0-4e4a-a3f7-491e35ded220.jpg',46,1);
Insert into PRODUCT_PIC (PIC_NUM,PIC_PATH,PIC_NAME,PRODUCT_NUM,PIC_TYPE) values (52,'/productImg','ed7e2432-b465-4e0d-9a51-ebced2e25f68.jpg',47,1);
Insert into PRODUCT_PIC (PIC_NUM,PIC_PATH,PIC_NAME,PRODUCT_NUM,PIC_TYPE) values (53,'/productImg','751a2f56-8f84-435a-b7e2-2e0c2709899b.png',47,1);
Insert into PRODUCT_PIC (PIC_NUM,PIC_PATH,PIC_NAME,PRODUCT_NUM,PIC_TYPE) values (54,'/productImg','7340b6ea-1623-46f7-9e99-4a9d6e1bb498.jpg',48,1);
Insert into PRODUCT_PIC (PIC_NUM,PIC_PATH,PIC_NAME,PRODUCT_NUM,PIC_TYPE) values (55,'/productImg','5e9b8558-3a94-4236-a10a-bce6a8523244.jpg',48,1);
Insert into PRODUCT_PIC (PIC_NUM,PIC_PATH,PIC_NAME,PRODUCT_NUM,PIC_TYPE) values (56,'/productImg','bab75ebe-5bec-4e22-9eb2-099ec291c532.jpg',49,1);
Insert into PRODUCT_PIC (PIC_NUM,PIC_PATH,PIC_NAME,PRODUCT_NUM,PIC_TYPE) values (57,'/productImg','1961ea5c-3a18-4925-b0d1-997accc368e1.jpg',49,1);
Insert into PRODUCT_PIC (PIC_NUM,PIC_PATH,PIC_NAME,PRODUCT_NUM,PIC_TYPE) values (58,'/productImg','8900bb00-56e4-450d-9f54-52ed504ba4e0.jpg',50,1);
Insert into PRODUCT_PIC (PIC_NUM,PIC_PATH,PIC_NAME,PRODUCT_NUM,PIC_TYPE) values (59,'/productImg','06509082-f7bc-4333-9b6e-e2ecb1e05c2d.jpg',50,1);
Insert into PRODUCT_PIC (PIC_NUM,PIC_PATH,PIC_NAME,PRODUCT_NUM,PIC_TYPE) values (60,'/productImg','d186b27b-6ca9-433c-8b9c-b1c002f4b9ba.jpg',51,1);
Insert into PRODUCT_PIC (PIC_NUM,PIC_PATH,PIC_NAME,PRODUCT_NUM,PIC_TYPE) values (61,'/productImg','5db534df-0d41-4f0f-83cf-ab00fb5817c3.jpg',51,1);
Insert into PRODUCT_PIC (PIC_NUM,PIC_PATH,PIC_NAME,PRODUCT_NUM,PIC_TYPE) values (62,'/productImg','eceff0e6-d663-43a6-be23-9e34f234d78c.jpg',52,1);
Insert into PRODUCT_PIC (PIC_NUM,PIC_PATH,PIC_NAME,PRODUCT_NUM,PIC_TYPE) values (63,'/productImg','d7af29a6-e43c-48ff-ada4-d10b34b486cb.jpg',52,1);
Insert into PRODUCT_PIC (PIC_NUM,PIC_PATH,PIC_NAME,PRODUCT_NUM,PIC_TYPE) values (64,'/productImg','625b227c-3717-4376-9985-baa807f100b4.jpg',53,1);
Insert into PRODUCT_PIC (PIC_NUM,PIC_PATH,PIC_NAME,PRODUCT_NUM,PIC_TYPE) values (65,'/productImg','76183646-ec72-43aa-b0bc-2be351fb0398.jpg',53,1);
Insert into PRODUCT_PIC (PIC_NUM,PIC_PATH,PIC_NAME,PRODUCT_NUM,PIC_TYPE) values (66,'/productImg','d45a2fd3-35b6-48f4-95a8-4f7ec07caf5b.jpg',54,1);
Insert into PRODUCT_PIC (PIC_NUM,PIC_PATH,PIC_NAME,PRODUCT_NUM,PIC_TYPE) values (67,'/productImg','071d9eb9-0033-47e8-ab7b-a299b4c2a4bc.jpg',54,1);
Insert into PRODUCT_PIC (PIC_NUM,PIC_PATH,PIC_NAME,PRODUCT_NUM,PIC_TYPE) values (68,'/productImg','34362772-e5d5-4ec1-b818-508cde2f97f5.jpg',55,1);
Insert into PRODUCT_PIC (PIC_NUM,PIC_PATH,PIC_NAME,PRODUCT_NUM,PIC_TYPE) values (69,'/productImg','9addc3b5-c3af-4172-a0d5-bdcf6e047f93.PNG',55,1);
Insert into PRODUCT_PIC (PIC_NUM,PIC_PATH,PIC_NAME,PRODUCT_NUM,PIC_TYPE) values (70,'/productImg','034cc0a3-e2bf-4763-89bd-c06a957e335f.jpg',56,1);
Insert into PRODUCT_PIC (PIC_NUM,PIC_PATH,PIC_NAME,PRODUCT_NUM,PIC_TYPE) values (71,'/productImg','ff2e600e-d0c3-4649-a4a4-97af2d61bd9f.PNG',56,1);
Insert into PRODUCT_PIC (PIC_NUM,PIC_PATH,PIC_NAME,PRODUCT_NUM,PIC_TYPE) values (72,'/productImg','2176715e-aca1-4191-9310-92a2bb079b0b.PNG',57,1);
Insert into PRODUCT_PIC (PIC_NUM,PIC_PATH,PIC_NAME,PRODUCT_NUM,PIC_TYPE) values (73,'/productImg','4f6d83d2-7edb-4971-ba02-4157a02f9fb3.PNG',57,1);
Insert into PRODUCT_PIC (PIC_NUM,PIC_PATH,PIC_NAME,PRODUCT_NUM,PIC_TYPE) values (74,'/productImg','45bee9e2-e6a1-4f15-b4af-1df88ad4ff89.jpg',58,1);
Insert into PRODUCT_PIC (PIC_NUM,PIC_PATH,PIC_NAME,PRODUCT_NUM,PIC_TYPE) values (75,'/productImg','8c5050c2-0460-40b9-a226-5806b27c9bb2.PNG',58,1);
Insert into PRODUCT_PIC (PIC_NUM,PIC_PATH,PIC_NAME,PRODUCT_NUM,PIC_TYPE) values (76,'/productImg','c4ba50fb-6c7a-435d-927b-94069c9f2ae2.jpg',59,1);
Insert into PRODUCT_PIC (PIC_NUM,PIC_PATH,PIC_NAME,PRODUCT_NUM,PIC_TYPE) values (77,'/productImg','31bc4228-9cbf-4569-b164-481ddcde8692.jpg',59,1);
Insert into PRODUCT_PIC (PIC_NUM,PIC_PATH,PIC_NAME,PRODUCT_NUM,PIC_TYPE) values (78,'/productImg','cef0d6d6-4088-4938-8f53-a65b40675d01.png',60,1);
Insert into PRODUCT_PIC (PIC_NUM,PIC_PATH,PIC_NAME,PRODUCT_NUM,PIC_TYPE) values (79,'/productImg','5f719c04-330c-4c27-847a-8901061627c5.png',60,1);
Insert into PRODUCT_PIC (PIC_NUM,PIC_PATH,PIC_NAME,PRODUCT_NUM,PIC_TYPE) values (80,'/productImg','0d4a263a-0acc-4016-a6fb-6468f898bac6.png',61,1);
Insert into PRODUCT_PIC (PIC_NUM,PIC_PATH,PIC_NAME,PRODUCT_NUM,PIC_TYPE) values (81,'/productImg','a7507331-019c-4f8d-954d-83f1c32772c0.jpg',61,1);
Insert into PRODUCT_PIC (PIC_NUM,PIC_PATH,PIC_NAME,PRODUCT_NUM,PIC_TYPE) values (101,'/productImg','bc06fe0a-f625-4f83-a430-33a0a3e5af78.jpg',81,1);
Insert into PRODUCT_PIC (PIC_NUM,PIC_PATH,PIC_NAME,PRODUCT_NUM,PIC_TYPE) values (102,'/productImg','a736d368-b152-40ce-9f0c-9214ca9b855e.jpg',81,1);
REM INSERTING into PRODUCT_QUE
SET DEFINE OFF;
Insert into PRODUCT_QUE (QUE_NUM,QUE_TITLE,QUE_CONTENT,QUE_DATE,MEM_ID,PRODUCT_NUM,QUE_TYPE,VISIBLE) values (2,'가격할인이 끝났나요?','ㅜㅜ',to_timestamp('17/02/20 14:38:53.214000000','RR/MM/DD HH24:MI:SSXFF'),'mail',61,'가격','no');
Insert into PRODUCT_QUE (QUE_NUM,QUE_TITLE,QUE_CONTENT,QUE_DATE,MEM_ID,PRODUCT_NUM,QUE_TYPE,VISIBLE) values (21,'배송은 언제부터 시작되나요?','이번주 안에 받을 수 있나요?',to_timestamp('17/02/21 14:57:56.633000000','RR/MM/DD HH24:MI:SSXFF'),'bbibbigi',54,'배송','no');
REM INSERTING into QNA
SET DEFINE OFF;
Insert into QNA (QBOARD_NUM,TITLE,CONTENT,WRITE_DATE,HIT,STATUS,MEM_ID) values (42,'하하하','123',to_timestamp('17/02/10 17:42:12.922000000','RR/MM/DD HH24:MI:SSXFF'),4,'YES','main');
Insert into QNA (QBOARD_NUM,TITLE,CONTENT,WRITE_DATE,HIT,STATUS,MEM_ID) values (61,'질문합니다.','질문',to_timestamp('17/02/20 12:45:25.444000000','RR/MM/DD HH24:MI:SSXFF'),3,'YES','main');
Insert into QNA (QBOARD_NUM,TITLE,CONTENT,WRITE_DATE,HIT,STATUS,MEM_ID) values (41,'연어상어?','연어랑 상어//?111',to_timestamp('17/02/10 14:17:13.012000000','RR/MM/DD HH24:MI:SSXFF'),6,'YES','won');
REM INSERTING into QNA_REPLY
SET DEFINE OFF;
Insert into QNA_REPLY (REPLY_NUM,REPLY_CONTENT,MANAGER_ID,WRITE_DATE,QBOARD_NUM) values (81,'연어상회!','admin',to_timestamp('17/02/17 15:48:09.446000000','RR/MM/DD HH24:MI:SSXFF'),41);
Insert into QNA_REPLY (REPLY_NUM,REPLY_CONTENT,MANAGER_ID,WRITE_DATE,QBOARD_NUM) values (61,'관리자입니다.','admin',to_timestamp('17/02/10 17:42:26.856000000','RR/MM/DD HH24:MI:SSXFF'),42);
Insert into QNA_REPLY (REPLY_NUM,REPLY_CONTENT,MANAGER_ID,WRITE_DATE,QBOARD_NUM) values (101,'답변합니다.','admin',to_timestamp('17/02/20 12:46:05.869000000','RR/MM/DD HH24:MI:SSXFF'),61);
REM INSERTING into REC_PLACE
SET DEFINE OFF;
Insert into REC_PLACE (RECPLA_NUM,RECPLA_TITLE,RECPLA_CONTENT,RECPLA_CATEGORY1,RECPLA_CATEGORY2,PLACE_NUM,MEM_ID,RECPLA_TAG) values (63,'추천합니다 ㅎㅎ','ㅇㅇ','자유주제','취업스터디',67,'ssw',null);
Insert into REC_PLACE (RECPLA_NUM,RECPLA_TITLE,RECPLA_CONTENT,RECPLA_CATEGORY1,RECPLA_CATEGORY2,PLACE_NUM,MEM_ID,RECPLA_TAG) values (64,'유리동물원','유리유리','반려동물','고양이',66,'ssw',null);
Insert into REC_PLACE (RECPLA_NUM,RECPLA_TITLE,RECPLA_CONTENT,RECPLA_CATEGORY1,RECPLA_CATEGORY2,PLACE_NUM,MEM_ID,RECPLA_TAG) values (65,'독도는 우리땅','우리땅!','사교/인맥','지역',65,'ssw',null);
Insert into REC_PLACE (RECPLA_NUM,RECPLA_TITLE,RECPLA_CONTENT,RECPLA_CATEGORY1,RECPLA_CATEGORY2,PLACE_NUM,MEM_ID,RECPLA_TAG) values (66,'덥다','ㄷㄷㄷ','야구관람','넥센히어로즈',63,'ssw',null);
Insert into REC_PLACE (RECPLA_NUM,RECPLA_TITLE,RECPLA_CONTENT,RECPLA_CATEGORY1,RECPLA_CATEGORY2,PLACE_NUM,MEM_ID,RECPLA_TAG) values (62,'멋져요','ㅇㅇ','공예/만들기','플라워아트',62,'romero',null);
Insert into REC_PLACE (RECPLA_NUM,RECPLA_TITLE,RECPLA_CONTENT,RECPLA_CATEGORY1,RECPLA_CATEGORY2,PLACE_NUM,MEM_ID,RECPLA_TAG) values (67,'후기입니다.','정말 좋아요','문화/공연','뮤지컬/오페라',68,'main','태그');
Insert into REC_PLACE (RECPLA_NUM,RECPLA_TITLE,RECPLA_CONTENT,RECPLA_CATEGORY1,RECPLA_CATEGORY2,PLACE_NUM,MEM_ID,RECPLA_TAG) values (121,'등대 라이딩','좋았어요','아웃도어/여행','산책/트래킹',62,'main','산책,트래킹');
Insert into REC_PLACE (RECPLA_NUM,RECPLA_TITLE,RECPLA_CONTENT,RECPLA_CATEGORY1,RECPLA_CATEGORY2,PLACE_NUM,MEM_ID,RECPLA_TAG) values (81,'독도는 일본땅?','인줄 알았지?','아웃도어/여행','국내여행',65,'demetrios','독도,다케시마');
Insert into REC_PLACE (RECPLA_NUM,RECPLA_TITLE,RECPLA_CONTENT,RECPLA_CATEGORY1,RECPLA_CATEGORY2,PLACE_NUM,MEM_ID,RECPLA_TAG) values (101,'저도 가봤는데 정말 이뻐요','저도 가봤는데 정말 이뻐요','음악/악기','재즈',68,'bbibbigi',null);
Insert into REC_PLACE (RECPLA_NUM,RECPLA_TITLE,RECPLA_CONTENT,RECPLA_CATEGORY1,RECPLA_CATEGORY2,PLACE_NUM,MEM_ID,RECPLA_TAG) values (141,'멋져요!','푸산하면 해운대 아이가','자유주제','스피치/발성',81,'bbibbigi',null);
REM INSERTING into REPORT_GROUP
SET DEFINE OFF;
Insert into REPORT_GROUP (REPORT_NUM,REPORT_TITLE,REPORT_CONTENT,REPORT_DATE,SOL_CONTENT,SOL_STATUS,SOL_DATE,MANAGER_ID,PIC_PATH,PIC_NAME,MEM_ID,GROUP_NUM) values (81,'신고합니다.','너무 불순해요',to_timestamp('17/02/16 15:52:12.303000000','RR/MM/DD HH24:MI:SSXFF'),'처리완료~^^','YES',to_timestamp('17/02/16 15:53:06.347000000','RR/MM/DD HH24:MI:SSXFF'),'admin2','/reportImgPath','8e05719c-c37c-404e-89fc-ea79bdf07572.png','dkraktmzl1',201);
Insert into REPORT_GROUP (REPORT_NUM,REPORT_TITLE,REPORT_CONTENT,REPORT_DATE,SOL_CONTENT,SOL_STATUS,SOL_DATE,MANAGER_ID,PIC_PATH,PIC_NAME,MEM_ID,GROUP_NUM) values (64,'불순합니다','진짜에요',to_timestamp('17/02/10 17:21:50.058000000','RR/MM/DD HH24:MI:SSXFF'),'처리했습니다.','YES',to_timestamp('17/02/10 17:38:57.392000000','RR/MM/DD HH24:MI:SSXFF'),'admin','/reportImgPath','14886293-9cf6-4b62-aa03-ebf80ed542de.jpg','bbibbigi',161);
Insert into REPORT_GROUP (REPORT_NUM,REPORT_TITLE,REPORT_CONTENT,REPORT_DATE,SOL_CONTENT,SOL_STATUS,SOL_DATE,MANAGER_ID,PIC_PATH,PIC_NAME,MEM_ID,GROUP_NUM) values (102,'불법 모의가 의심됩니다.','건전하지 않은 분위기가 보입니다.',to_timestamp('17/02/17 14:54:25.582000000','RR/MM/DD HH24:MI:SSXFF'),'네 접수 감사합니다. 적당한 조치를 취하겠습니다.^^','YES',to_timestamp('17/02/17 15:21:25.463000000','RR/MM/DD HH24:MI:SSXFF'),'admin','/reportImgPath','1acd5a0e-0ba3-4e38-9bbe-1448e78aef46.png','id123',161);
Insert into REPORT_GROUP (REPORT_NUM,REPORT_TITLE,REPORT_CONTENT,REPORT_DATE,SOL_CONTENT,SOL_STATUS,SOL_DATE,MANAGER_ID,PIC_PATH,PIC_NAME,MEM_ID,GROUP_NUM) values (103,'불법 모의가 의심됩니다.','불법의 모의가 의심됩니다. 적당한 조치가 필요할 것으로 보입니다.',to_timestamp('17/02/17 15:23:52.495000000','RR/MM/DD HH24:MI:SSXFF'),'그런거 없음','YES',to_timestamp('17/02/17 16:23:52.757000000','RR/MM/DD HH24:MI:SSXFF'),'admin','/reportImgPath','efce447e-98ac-4ecd-8a64-af7cb8a76380.png','id123',161);
REM INSERTING into SELLER_INFO
SET DEFINE OFF;
Insert into SELLER_INFO (SELLER_ID,TEL,ADDRESS,COMP_NAME,BANK,ACCOUNT_NUMBER,DEPOSITOR,REASON,REG_DATE,BC_PATH,BC_NAME,RECOGNITION) values ('main','010-000-0000','서울특별시 강남구 삼성로 566 어딘가','모여맨','국민은행','345-6623-332283','양우진','물건을 팔아보는게 꿈입니다.',to_timestamp('17/02/16 14:31:48.783000000','RR/MM/DD HH24:MI:SSXFF'),'/bcImg','81b832a2-da37-4e13-a2ed-13bdc203ba3d.jpg','06');
Insert into SELLER_INFO (SELLER_ID,TEL,ADDRESS,COMP_NAME,BANK,ACCOUNT_NUMBER,DEPOSITOR,REASON,REG_DATE,BC_PATH,BC_NAME,RECOGNITION) values ('dkraktmzl1','010-4444-4444','경기도 광명시 목감로 292 402호','양두리','국민은행','111-1111-1111','양우진','^^',to_timestamp('17/02/16 14:44:11.424000000','RR/MM/DD HH24:MI:SSXFF'),'/bcImg','7b0e75d1-9fe2-4140-9058-fd64222e0763.jpg','20');
Insert into SELLER_INFO (SELLER_ID,TEL,ADDRESS,COMP_NAME,BANK,ACCOUNT_NUMBER,DEPOSITOR,REASON,REG_DATE,BC_PATH,BC_NAME,RECOGNITION) values ('won','010-1111-1111','서울특별시 서초구 동광로27길 59 방배동','우리회사','신한','110-283-113231','김누구','123',to_timestamp('17/02/16 14:51:42.315000000','RR/MM/DD HH24:MI:SSXFF'),'/bcImg','d06b8973-4fe9-4e67-959d-6dd0f38a84a3.png','15');
Insert into SELLER_INFO (SELLER_ID,TEL,ADDRESS,COMP_NAME,BANK,ACCOUNT_NUMBER,DEPOSITOR,REASON,REG_DATE,BC_PATH,BC_NAME,RECOGNITION) values ('bbibbigi','010-4756-1721','서울특별시 서대문구 이화여대2나길 11 102호','대성샵','수협','032-1123311-232141','하대성','물건팔려고',to_timestamp('17/02/16 14:26:10.854000000','RR/MM/DD HH24:MI:SSXFF'),'/bcImg','62f547a1-b9db-47fb-831b-1a60737cc84f.jpg','06');
Insert into SELLER_INFO (SELLER_ID,TEL,ADDRESS,COMP_NAME,BANK,ACCOUNT_NUMBER,DEPOSITOR,REASON,REG_DATE,BC_PATH,BC_NAME,RECOGNITION) values ('dkraktmzl11','010-0000-0000','경기도 광명시 목감로 292 402호','대성빌라','신협','111-1111-1111','야무진','정말 팔고싶어요',to_timestamp('17/02/21 16:37:12.908000000','RR/MM/DD HH24:MI:SSXFF'),'/bcImg','13f1fccb-771d-4138-a57c-67f2f1e18439.jpg','06');
Insert into SELLER_INFO (SELLER_ID,TEL,ADDRESS,COMP_NAME,BANK,ACCOUNT_NUMBER,DEPOSITOR,REASON,REG_DATE,BC_PATH,BC_NAME,RECOGNITION) values ('ssw','010-5575-1353','서울특별시 서대문구 이화여대2나길 11 2010호','덕천물산','신한','57346-3463463-4443','덕천물산','좋은 물건을 팔겠습니다.',to_timestamp('17/02/20 10:06:55.523000000','RR/MM/DD HH24:MI:SSXFF'),'/bcImg','645d0e89-7ca3-43ab-b9ef-b70ab4778295.jpg','06');
Insert into SELLER_INFO (SELLER_ID,TEL,ADDRESS,COMP_NAME,BANK,ACCOUNT_NUMBER,DEPOSITOR,REASON,REG_DATE,BC_PATH,BC_NAME,RECOGNITION) values ('demetrios','010-7646-4744','충청남도 천안시 동남구 목천읍 삼방로 95 기념품판매처','독립기념관','KEB하나','46346-845845-3234','독립기념관','독립운동과 관련된 기념품을 팔고자 합니다.',to_timestamp('17/02/20 12:55:11.662000000','RR/MM/DD HH24:MI:SSXFF'),'/bcImg','7ab0a96e-368f-4897-938a-5491829d132e.jpg','91');
Insert into SELLER_INFO (SELLER_ID,TEL,ADDRESS,COMP_NAME,BANK,ACCOUNT_NUMBER,DEPOSITOR,REASON,REG_DATE,BC_PATH,BC_NAME,RECOGNITION) values ('mail','010-0000-0000','서울특별시 서대문구 이화여대2나길 11 102호','대성샵','우리','1002-1111-111111','하대성','전자담배를 팔려고 합니다',to_timestamp('17/02/20 14:32:17.505000000','RR/MM/DD HH24:MI:SSXFF'),'/bcImg','ef7c7aa3-51b0-4d03-bfb5-c218d690f8b1.jpg','06');
REM INSERTING into SELLER_NOTI
SET DEFINE OFF;
REM INSERTING into SUGGESTION
SET DEFINE OFF;
Insert into SUGGESTION (SUG_NUM,SUG_TITLE,SUG_CONTENT,SUG_DATE,RE_EMAIL,SUG_STATUS,MANAGER_ID,SOL_CONTENT,SOL_DATE,MEM_ID) values (21,'ㅋㅋㅋㅋㅋㅋㅋㅋㅋㅋㅋㅋ','ㅋㅋㅋㅋㅋㅋㅋㅋㅋ',to_timestamp('17/02/10 15:27:07.000000000','RR/MM/DD HH24:MI:SSXFF'),'aeta@wetawe.com','Y','admin','OK',to_timestamp('17/02/17 16:44:27.000000000','RR/MM/DD HH24:MI:SSXFF'),null);
Insert into SUGGESTION (SUG_NUM,SUG_TITLE,SUG_CONTENT,SUG_DATE,RE_EMAIL,SUG_STATUS,MANAGER_ID,SOL_CONTENT,SOL_DATE,MEM_ID) values (41,'건의사항 테스트','esrhserh',to_timestamp('17/02/16 17:51:44.000000000','RR/MM/DD HH24:MI:SSXFF'),'a@a.com','Y','admin','dd',to_timestamp('17/02/17 16:40:41.000000000','RR/MM/DD HH24:MI:SSXFF'),'ssw');
Insert into SUGGESTION (SUG_NUM,SUG_TITLE,SUG_CONTENT,SUG_DATE,RE_EMAIL,SUG_STATUS,MANAGER_ID,SOL_CONTENT,SOL_DATE,MEM_ID) values (81,'??','???',to_timestamp('17/02/20 10:32:47.000000000','RR/MM/DD HH24:MI:SSXFF'),'anjdi@handmeo.com','N',null,null,null,'main');
Insert into SUGGESTION (SUG_NUM,SUG_TITLE,SUG_CONTENT,SUG_DATE,RE_EMAIL,SUG_STATUS,MANAGER_ID,SOL_CONTENT,SOL_DATE,MEM_ID) values (61,'인기모임에는 모임활동비를 지급하는 이벤트를 열면 어떨까요?','사이트가 더욱 활성화될 듯 합니다.',to_timestamp('17/02/17 17:13:49.000000000','RR/MM/DD HH24:MI:SSXFF'),'aet@etwq.com','N',null,null,null,'demetrios');
REM INSERTING into TEMPPASSWD_LIST
SET DEFINE OFF;
Insert into TEMPPASSWD_LIST (MEM_ID,TEMP_PASSWD) values ('bbibbigi','a304760994014a2');
Insert into TEMPPASSWD_LIST (MEM_ID,TEMP_PASSWD) values ('main','48c997d45814412');
Insert into TEMPPASSWD_LIST (MEM_ID,TEMP_PASSWD) values ('woo','1e507b4f1dc649a');
Insert into TEMPPASSWD_LIST (MEM_ID,TEMP_PASSWD) values ('id123','7e71f536a03d4de');
REM INSERTING into WINNING_PER_LIST
SET DEFINE OFF;
Insert into WINNING_PER_LIST (WIN_PER_NUM,MEM_ID,WINNING_NUM) values (41,'t-aitch',41);
Insert into WINNING_PER_LIST (WIN_PER_NUM,MEM_ID,WINNING_NUM) values (61,'woo',61);
Insert into WINNING_PER_LIST (WIN_PER_NUM,MEM_ID,WINNING_NUM) values (62,'dkraktmzl2',61);
Insert into WINNING_PER_LIST (WIN_PER_NUM,MEM_ID,WINNING_NUM) values (21,'main',21);
Insert into WINNING_PER_LIST (WIN_PER_NUM,MEM_ID,WINNING_NUM) values (22,'bbibbigi',22);
Insert into WINNING_PER_LIST (WIN_PER_NUM,MEM_ID,WINNING_NUM) values (63,'ssw',61);
Insert into WINNING_PER_LIST (WIN_PER_NUM,MEM_ID,WINNING_NUM) values (64,'main',62);
Insert into WINNING_PER_LIST (WIN_PER_NUM,MEM_ID,WINNING_NUM) values (65,'lee32',63);
Insert into WINNING_PER_LIST (WIN_PER_NUM,MEM_ID,WINNING_NUM) values (66,'t-aitch',63);
Insert into WINNING_PER_LIST (WIN_PER_NUM,MEM_ID,WINNING_NUM) values (67,'bbibbigi',63);
Insert into WINNING_PER_LIST (WIN_PER_NUM,MEM_ID,WINNING_NUM) values (68,'main',63);
REM INSERTING into WORDCLOUD_LIST
SET DEFINE OFF;
Insert into WORDCLOUD_LIST (WORD,COUNT,PART_OF_SPEECH,UPDATE_DATE,REG_DATE) values ('#아주좋아',1,'Hashtag',to_timestamp('17/02/14 10:28:00.495000000','RR/MM/DD HH24:MI:SSXFF'),to_timestamp('17/02/14 10:28:00.495000000','RR/MM/DD HH24:MI:SSXFF'));
Insert into WORDCLOUD_LIST (WORD,COUNT,PART_OF_SPEECH,UPDATE_DATE,REG_DATE) values ('요',1,'Noun',to_timestamp('17/02/14 10:28:00.495000000','RR/MM/DD HH24:MI:SSXFF'),to_timestamp('17/02/14 10:28:00.495000000','RR/MM/DD HH24:MI:SSXFF'));
Insert into WORDCLOUD_LIST (WORD,COUNT,PART_OF_SPEECH,UPDATE_DATE,REG_DATE) values ('#맛있어',1,'Hashtag',to_timestamp('17/02/14 10:28:00.495000000','RR/MM/DD HH24:MI:SSXFF'),to_timestamp('17/02/14 10:28:00.495000000','RR/MM/DD HH24:MI:SSXFF'));
Insert into WORDCLOUD_LIST (WORD,COUNT,PART_OF_SPEECH,UPDATE_DATE,REG_DATE) values ('맛',1,'Noun',to_timestamp('17/02/14 10:28:00.495000000','RR/MM/DD HH24:MI:SSXFF'),to_timestamp('17/02/14 10:28:00.495000000','RR/MM/DD HH24:MI:SSXFF'));
Insert into WORDCLOUD_LIST (WORD,COUNT,PART_OF_SPEECH,UPDATE_DATE,REG_DATE) values ('#베리굿',1,'Hashtag',to_timestamp('17/02/14 10:28:00.495000000','RR/MM/DD HH24:MI:SSXFF'),to_timestamp('17/02/14 10:28:00.495000000','RR/MM/DD HH24:MI:SSXFF'));
Insert into WORDCLOUD_LIST (WORD,COUNT,PART_OF_SPEECH,UPDATE_DATE,REG_DATE) values ('먹다',3,'Verb',to_timestamp('17/02/16 15:43:47.114000000','RR/MM/DD HH24:MI:SSXFF'),to_timestamp('17/02/14 10:28:00.495000000','RR/MM/DD HH24:MI:SSXFF'));
Insert into WORDCLOUD_LIST (WORD,COUNT,PART_OF_SPEECH,UPDATE_DATE,REG_DATE) values ('#피자',1,'Hashtag',to_timestamp('17/02/14 10:28:00.495000000','RR/MM/DD HH24:MI:SSXFF'),to_timestamp('17/02/14 10:28:00.495000000','RR/MM/DD HH24:MI:SSXFF'));
Insert into WORDCLOUD_LIST (WORD,COUNT,PART_OF_SPEECH,UPDATE_DATE,REG_DATE) values ('#굿',1,'Hashtag',to_timestamp('17/02/14 10:28:00.495000000','RR/MM/DD HH24:MI:SSXFF'),to_timestamp('17/02/14 10:28:00.495000000','RR/MM/DD HH24:MI:SSXFF'));
Insert into WORDCLOUD_LIST (WORD,COUNT,PART_OF_SPEECH,UPDATE_DATE,REG_DATE) values ('피자',2,'Noun',to_timestamp('17/02/14 10:28:00.495000000','RR/MM/DD HH24:MI:SSXFF'),to_timestamp('17/02/14 10:28:00.495000000','RR/MM/DD HH24:MI:SSXFF'));
Insert into WORDCLOUD_LIST (WORD,COUNT,PART_OF_SPEECH,UPDATE_DATE,REG_DATE) values ('#생면',1,'Hashtag',to_timestamp('17/02/14 10:28:27.202000000','RR/MM/DD HH24:MI:SSXFF'),to_timestamp('17/02/14 10:28:27.202000000','RR/MM/DD HH24:MI:SSXFF'));
Insert into WORDCLOUD_LIST (WORD,COUNT,PART_OF_SPEECH,UPDATE_DATE,REG_DATE) values ('#파스타',1,'Hashtag',to_timestamp('17/02/14 10:28:27.202000000','RR/MM/DD HH24:MI:SSXFF'),to_timestamp('17/02/14 10:28:27.202000000','RR/MM/DD HH24:MI:SSXFF'));
Insert into WORDCLOUD_LIST (WORD,COUNT,PART_OF_SPEECH,UPDATE_DATE,REG_DATE) values ('#맛남',1,'Hashtag',to_timestamp('17/02/14 10:28:27.202000000','RR/MM/DD HH24:MI:SSXFF'),to_timestamp('17/02/14 10:28:27.202000000','RR/MM/DD HH24:MI:SSXFF'));
Insert into WORDCLOUD_LIST (WORD,COUNT,PART_OF_SPEECH,UPDATE_DATE,REG_DATE) values ('파스타',2,'ProperNoun',to_timestamp('17/02/14 10:28:27.202000000','RR/MM/DD HH24:MI:SSXFF'),to_timestamp('17/02/14 10:28:27.202000000','RR/MM/DD HH24:MI:SSXFF'));
Insert into WORDCLOUD_LIST (WORD,COUNT,PART_OF_SPEECH,UPDATE_DATE,REG_DATE) values ('#쫄깃',1,'Hashtag',to_timestamp('17/02/14 10:28:27.202000000','RR/MM/DD HH24:MI:SSXFF'),to_timestamp('17/02/14 10:28:27.202000000','RR/MM/DD HH24:MI:SSXFF'));
Insert into WORDCLOUD_LIST (WORD,COUNT,PART_OF_SPEECH,UPDATE_DATE,REG_DATE) values ('도대체',1,'Noun',to_timestamp('17/02/16 15:43:47.114000000','RR/MM/DD HH24:MI:SSXFF'),to_timestamp('17/02/16 15:43:47.114000000','RR/MM/DD HH24:MI:SSXFF'));
Insert into WORDCLOUD_LIST (WORD,COUNT,PART_OF_SPEECH,UPDATE_DATE,REG_DATE) values ('무슨',1,'Noun',to_timestamp('17/02/16 15:43:47.114000000','RR/MM/DD HH24:MI:SSXFF'),to_timestamp('17/02/16 15:43:47.114000000','RR/MM/DD HH24:MI:SSXFF'));
Insert into WORDCLOUD_LIST (WORD,COUNT,PART_OF_SPEECH,UPDATE_DATE,REG_DATE) values ('나무',2,'Noun',to_timestamp('17/02/17 14:22:09.758000000','RR/MM/DD HH24:MI:SSXFF'),to_timestamp('17/02/17 14:22:09.696000000','RR/MM/DD HH24:MI:SSXFF'));
Insert into WORDCLOUD_LIST (WORD,COUNT,PART_OF_SPEECH,UPDATE_DATE,REG_DATE) values ('개웅산',2,'Noun',to_timestamp('17/02/10 13:50:30.280000000','RR/MM/DD HH24:MI:SSXFF'),to_timestamp('17/02/10 13:50:30.280000000','RR/MM/DD HH24:MI:SSXFF'));
Insert into WORDCLOUD_LIST (WORD,COUNT,PART_OF_SPEECH,UPDATE_DATE,REG_DATE) values ('해보다',3,'Verb',to_timestamp('17/02/10 14:04:51.262000000','RR/MM/DD HH24:MI:SSXFF'),to_timestamp('17/02/10 13:50:30.280000000','RR/MM/DD HH24:MI:SSXFF'));
Insert into WORDCLOUD_LIST (WORD,COUNT,PART_OF_SPEECH,UPDATE_DATE,REG_DATE) values ('산',7,'Noun',to_timestamp('17/02/10 14:03:21.007000000','RR/MM/DD HH24:MI:SSXFF'),to_timestamp('17/02/10 14:03:04.687000000','RR/MM/DD HH24:MI:SSXFF'));
Insert into WORDCLOUD_LIST (WORD,COUNT,PART_OF_SPEECH,UPDATE_DATE,REG_DATE) values ('막걸리',1,'Noun',to_timestamp('17/02/10 14:03:04.687000000','RR/MM/DD HH24:MI:SSXFF'),to_timestamp('17/02/10 14:03:04.687000000','RR/MM/DD HH24:MI:SSXFF'));
Insert into WORDCLOUD_LIST (WORD,COUNT,PART_OF_SPEECH,UPDATE_DATE,REG_DATE) values ('개봉',2,'Noun',to_timestamp('17/02/10 14:03:04.687000000','RR/MM/DD HH24:MI:SSXFF'),to_timestamp('17/02/10 14:03:04.687000000','RR/MM/DD HH24:MI:SSXFF'));
Insert into WORDCLOUD_LIST (WORD,COUNT,PART_OF_SPEECH,UPDATE_DATE,REG_DATE) values ('타',1,'Noun',to_timestamp('17/02/10 14:03:21.007000000','RR/MM/DD HH24:MI:SSXFF'),to_timestamp('17/02/10 14:03:21.007000000','RR/MM/DD HH24:MI:SSXFF'));
Insert into WORDCLOUD_LIST (WORD,COUNT,PART_OF_SPEECH,UPDATE_DATE,REG_DATE) values ('타다',1,'Verb',to_timestamp('17/02/10 14:03:21.007000000','RR/MM/DD HH24:MI:SSXFF'),to_timestamp('17/02/10 14:03:21.007000000','RR/MM/DD HH24:MI:SSXFF'));
Insert into WORDCLOUD_LIST (WORD,COUNT,PART_OF_SPEECH,UPDATE_DATE,REG_DATE) values ('몰르다',1,'Verb',to_timestamp('17/02/10 14:08:22.737000000','RR/MM/DD HH24:MI:SSXFF'),to_timestamp('17/02/10 14:08:22.737000000','RR/MM/DD HH24:MI:SSXFF'));
Insert into WORDCLOUD_LIST (WORD,COUNT,PART_OF_SPEECH,UPDATE_DATE,REG_DATE) values ('캬캬',1,'ProperNoun',to_timestamp('17/02/10 14:08:22.737000000','RR/MM/DD HH24:MI:SSXFF'),to_timestamp('17/02/10 14:08:22.737000000','RR/MM/DD HH24:MI:SSXFF'));
Insert into WORDCLOUD_LIST (WORD,COUNT,PART_OF_SPEECH,UPDATE_DATE,REG_DATE) values ('탐험',4,'Noun',to_timestamp('17/02/10 15:16:30.282000000','RR/MM/DD HH24:MI:SSXFF'),to_timestamp('17/02/10 14:08:42.270000000','RR/MM/DD HH24:MI:SSXFF'));
Insert into WORDCLOUD_LIST (WORD,COUNT,PART_OF_SPEECH,UPDATE_DATE,REG_DATE) values ('고궁',1,'Noun',to_timestamp('17/02/10 14:08:42.270000000','RR/MM/DD HH24:MI:SSXFF'),to_timestamp('17/02/10 14:08:42.270000000','RR/MM/DD HH24:MI:SSXFF'));
Insert into WORDCLOUD_LIST (WORD,COUNT,PART_OF_SPEECH,UPDATE_DATE,REG_DATE) values ('갈래',1,'Noun',to_timestamp('17/02/10 14:08:42.270000000','RR/MM/DD HH24:MI:SSXFF'),to_timestamp('17/02/10 14:08:42.270000000','RR/MM/DD HH24:MI:SSXFF'));
Insert into WORDCLOUD_LIST (WORD,COUNT,PART_OF_SPEECH,UPDATE_DATE,REG_DATE) values ('경복궁',2,'Noun',to_timestamp('17/02/10 14:32:49.752000000','RR/MM/DD HH24:MI:SSXFF'),to_timestamp('17/02/10 14:08:42.270000000','RR/MM/DD HH24:MI:SSXFF'));
Insert into WORDCLOUD_LIST (WORD,COUNT,PART_OF_SPEECH,UPDATE_DATE,REG_DATE) values ('다',1,'ProperNoun',to_timestamp('17/02/17 15:45:35.309000000','RR/MM/DD HH24:MI:SSXFF'),to_timestamp('17/02/17 15:45:35.309000000','RR/MM/DD HH24:MI:SSXFF'));
Insert into WORDCLOUD_LIST (WORD,COUNT,PART_OF_SPEECH,UPDATE_DATE,REG_DATE) values ('해',1,'Noun',to_timestamp('17/02/17 15:45:35.309000000','RR/MM/DD HH24:MI:SSXFF'),to_timestamp('17/02/17 15:45:35.309000000','RR/MM/DD HH24:MI:SSXFF'));
Insert into WORDCLOUD_LIST (WORD,COUNT,PART_OF_SPEECH,UPDATE_DATE,REG_DATE) values ('법도',1,'Noun',to_timestamp('17/02/17 15:45:35.309000000','RR/MM/DD HH24:MI:SSXFF'),to_timestamp('17/02/17 15:45:35.309000000','RR/MM/DD HH24:MI:SSXFF'));
Insert into WORDCLOUD_LIST (WORD,COUNT,PART_OF_SPEECH,UPDATE_DATE,REG_DATE) values ('관리',1,'Noun',to_timestamp('17/02/17 15:45:35.309000000','RR/MM/DD HH24:MI:SSXFF'),to_timestamp('17/02/17 15:45:35.309000000','RR/MM/DD HH24:MI:SSXFF'));
Insert into WORDCLOUD_LIST (WORD,COUNT,PART_OF_SPEECH,UPDATE_DATE,REG_DATE) values ('산책',1,'Noun',to_timestamp('17/02/17 15:45:35.309000000','RR/MM/DD HH24:MI:SSXFF'),to_timestamp('17/02/17 15:45:35.309000000','RR/MM/DD HH24:MI:SSXFF'));
Insert into WORDCLOUD_LIST (WORD,COUNT,PART_OF_SPEECH,UPDATE_DATE,REG_DATE) values ('키우다',1,'Verb',to_timestamp('17/02/17 15:45:35.309000000','RR/MM/DD HH24:MI:SSXFF'),to_timestamp('17/02/17 15:45:35.309000000','RR/MM/DD HH24:MI:SSXFF'));
Insert into WORDCLOUD_LIST (WORD,COUNT,PART_OF_SPEECH,UPDATE_DATE,REG_DATE) values ('떠나다',3,'Verb',to_timestamp('17/02/10 14:03:58.346000000','RR/MM/DD HH24:MI:SSXFF'),to_timestamp('17/02/10 13:45:09.156000000','RR/MM/DD HH24:MI:SSXFF'));
Insert into WORDCLOUD_LIST (WORD,COUNT,PART_OF_SPEECH,UPDATE_DATE,REG_DATE) values ('등산',7,'Noun',to_timestamp('17/02/20 12:23:36.403000000','RR/MM/DD HH24:MI:SSXFF'),to_timestamp('17/02/10 13:45:09.156000000','RR/MM/DD HH24:MI:SSXFF'));
Insert into WORDCLOUD_LIST (WORD,COUNT,PART_OF_SPEECH,UPDATE_DATE,REG_DATE) values ('회식',1,'Noun',to_timestamp('17/02/17 11:07:52.676000000','RR/MM/DD HH24:MI:SSXFF'),to_timestamp('17/02/17 11:07:52.676000000','RR/MM/DD HH24:MI:SSXFF'));
Insert into WORDCLOUD_LIST (WORD,COUNT,PART_OF_SPEECH,UPDATE_DATE,REG_DATE) values ('전',2,'Noun',to_timestamp('17/02/17 14:22:09.758000000','RR/MM/DD HH24:MI:SSXFF'),to_timestamp('17/02/17 14:22:09.696000000','RR/MM/DD HH24:MI:SSXFF'));
Insert into WORDCLOUD_LIST (WORD,COUNT,PART_OF_SPEECH,UPDATE_DATE,REG_DATE) values ('일반',2,'Noun',to_timestamp('17/02/17 14:22:09.758000000','RR/MM/DD HH24:MI:SSXFF'),to_timestamp('17/02/17 14:22:09.696000000','RR/MM/DD HH24:MI:SSXFF'));
Insert into WORDCLOUD_LIST (WORD,COUNT,PART_OF_SPEECH,UPDATE_DATE,REG_DATE) values ('허다',2,'Verb',to_timestamp('17/02/17 14:22:09.758000000','RR/MM/DD HH24:MI:SSXFF'),to_timestamp('17/02/17 14:22:09.696000000','RR/MM/DD HH24:MI:SSXFF'));
Insert into WORDCLOUD_LIST (WORD,COUNT,PART_OF_SPEECH,UPDATE_DATE,REG_DATE) values ('우지',4,'ProperNoun',to_timestamp('17/02/17 14:22:09.758000000','RR/MM/DD HH24:MI:SSXFF'),to_timestamp('17/02/17 14:22:09.696000000','RR/MM/DD HH24:MI:SSXFF'));
Insert into WORDCLOUD_LIST (WORD,COUNT,PART_OF_SPEECH,UPDATE_DATE,REG_DATE) values ('근처',2,'Noun',to_timestamp('17/02/17 14:22:09.758000000','RR/MM/DD HH24:MI:SSXFF'),to_timestamp('17/02/17 14:22:09.696000000','RR/MM/DD HH24:MI:SSXFF'));
Insert into WORDCLOUD_LIST (WORD,COUNT,PART_OF_SPEECH,UPDATE_DATE,REG_DATE) values ('장서',2,'Noun',to_timestamp('17/02/17 14:22:09.758000000','RR/MM/DD HH24:MI:SSXFF'),to_timestamp('17/02/17 14:22:09.696000000','RR/MM/DD HH24:MI:SSXFF'));
Insert into WORDCLOUD_LIST (WORD,COUNT,PART_OF_SPEECH,UPDATE_DATE,REG_DATE) values ('편지',2,'Noun',to_timestamp('17/02/17 14:22:09.758000000','RR/MM/DD HH24:MI:SSXFF'),to_timestamp('17/02/17 14:22:09.696000000','RR/MM/DD HH24:MI:SSXFF'));
Insert into WORDCLOUD_LIST (WORD,COUNT,PART_OF_SPEECH,UPDATE_DATE,REG_DATE) values ('상사',2,'Noun',to_timestamp('17/02/17 14:22:09.758000000','RR/MM/DD HH24:MI:SSXFF'),to_timestamp('17/02/17 14:22:09.696000000','RR/MM/DD HH24:MI:SSXFF'));
Insert into WORDCLOUD_LIST (WORD,COUNT,PART_OF_SPEECH,UPDATE_DATE,REG_DATE) values ('그리다',2,'Verb',to_timestamp('17/02/17 14:22:09.758000000','RR/MM/DD HH24:MI:SSXFF'),to_timestamp('17/02/17 14:22:09.696000000','RR/MM/DD HH24:MI:SSXFF'));
Insert into WORDCLOUD_LIST (WORD,COUNT,PART_OF_SPEECH,UPDATE_DATE,REG_DATE) values ('여인',2,'Noun',to_timestamp('17/02/17 14:22:09.758000000','RR/MM/DD HH24:MI:SSXFF'),to_timestamp('17/02/17 14:22:09.696000000','RR/MM/DD HH24:MI:SSXFF'));
Insert into WORDCLOUD_LIST (WORD,COUNT,PART_OF_SPEECH,UPDATE_DATE,REG_DATE) values ('비만',2,'Noun',to_timestamp('17/02/17 14:22:09.758000000','RR/MM/DD HH24:MI:SSXFF'),to_timestamp('17/02/17 14:22:09.696000000','RR/MM/DD HH24:MI:SSXFF'));
Insert into WORDCLOUD_LIST (WORD,COUNT,PART_OF_SPEECH,UPDATE_DATE,REG_DATE) values ('눈물',4,'Noun',to_timestamp('17/02/17 14:22:09.758000000','RR/MM/DD HH24:MI:SSXFF'),to_timestamp('17/02/17 14:22:09.696000000','RR/MM/DD HH24:MI:SSXFF'));
Insert into WORDCLOUD_LIST (WORD,COUNT,PART_OF_SPEECH,UPDATE_DATE,REG_DATE) values ('기기',3,'Noun',to_timestamp('17/02/13 09:27:18.531000000','RR/MM/DD HH24:MI:SSXFF'),to_timestamp('17/02/06 13:49:11.266000000','RR/MM/DD HH24:MI:SSXFF'));
Insert into WORDCLOUD_LIST (WORD,COUNT,PART_OF_SPEECH,UPDATE_DATE,REG_DATE) values ('하다',78,'Verb',to_timestamp('17/02/20 12:23:36.403000000','RR/MM/DD HH24:MI:SSXFF'),to_timestamp('17/02/06 13:49:11.266000000','RR/MM/DD HH24:MI:SSXFF'));
Insert into WORDCLOUD_LIST (WORD,COUNT,PART_OF_SPEECH,UPDATE_DATE,REG_DATE) values ('옥',2,'Noun',to_timestamp('17/02/17 14:22:09.758000000','RR/MM/DD HH24:MI:SSXFF'),to_timestamp('17/02/17 14:22:09.696000000','RR/MM/DD HH24:MI:SSXFF'));
Insert into WORDCLOUD_LIST (WORD,COUNT,PART_OF_SPEECH,UPDATE_DATE,REG_DATE) values ('나르다',4,'Verb',to_timestamp('17/02/17 14:22:09.758000000','RR/MM/DD HH24:MI:SSXFF'),to_timestamp('17/02/17 14:22:09.696000000','RR/MM/DD HH24:MI:SSXFF'));
Insert into WORDCLOUD_LIST (WORD,COUNT,PART_OF_SPEECH,UPDATE_DATE,REG_DATE) values ('만일',2,'Noun',to_timestamp('17/02/17 14:22:09.758000000','RR/MM/DD HH24:MI:SSXFF'),to_timestamp('17/02/17 14:22:09.696000000','RR/MM/DD HH24:MI:SSXFF'));
Insert into WORDCLOUD_LIST (WORD,COUNT,PART_OF_SPEECH,UPDATE_DATE,REG_DATE) values ('계궁',2,'Noun',to_timestamp('17/02/17 14:22:09.758000000','RR/MM/DD HH24:MI:SSXFF'),to_timestamp('17/02/17 14:22:09.696000000','RR/MM/DD HH24:MI:SSXFF'));
Insert into WORDCLOUD_LIST (WORD,COUNT,PART_OF_SPEECH,UPDATE_DATE,REG_DATE) values ('막히다',2,'Verb',to_timestamp('17/02/17 14:22:09.758000000','RR/MM/DD HH24:MI:SSXFF'),to_timestamp('17/02/17 14:22:09.696000000','RR/MM/DD HH24:MI:SSXFF'));
Insert into WORDCLOUD_LIST (WORD,COUNT,PART_OF_SPEECH,UPDATE_DATE,REG_DATE) values ('비치다',2,'Verb',to_timestamp('17/02/17 14:22:09.758000000','RR/MM/DD HH24:MI:SSXFF'),to_timestamp('17/02/17 14:22:09.696000000','RR/MM/DD HH24:MI:SSXFF'));
Insert into WORDCLOUD_LIST (WORD,COUNT,PART_OF_SPEECH,UPDATE_DATE,REG_DATE) values ('간장',2,'Noun',to_timestamp('17/02/17 14:22:09.758000000','RR/MM/DD HH24:MI:SSXFF'),to_timestamp('17/02/17 14:22:09.696000000','RR/MM/DD HH24:MI:SSXFF'));
Insert into WORDCLOUD_LIST (WORD,COUNT,PART_OF_SPEECH,UPDATE_DATE,REG_DATE) values ('귀신',2,'Noun',to_timestamp('17/02/17 14:22:09.758000000','RR/MM/DD HH24:MI:SSXFF'),to_timestamp('17/02/17 14:22:09.696000000','RR/MM/DD HH24:MI:SSXFF'));
Insert into WORDCLOUD_LIST (WORD,COUNT,PART_OF_SPEECH,UPDATE_DATE,REG_DATE) values ('호접몽',2,'ProperNoun',to_timestamp('17/02/17 14:22:09.758000000','RR/MM/DD HH24:MI:SSXFF'),to_timestamp('17/02/17 14:22:09.696000000','RR/MM/DD HH24:MI:SSXFF'));
Insert into WORDCLOUD_LIST (WORD,COUNT,PART_OF_SPEECH,UPDATE_DATE,REG_DATE) values ('꾸다',2,'Verb',to_timestamp('17/02/17 14:22:09.758000000','RR/MM/DD HH24:MI:SSXFF'),to_timestamp('17/02/17 14:22:09.696000000','RR/MM/DD HH24:MI:SSXFF'));
Insert into WORDCLOUD_LIST (WORD,COUNT,PART_OF_SPEECH,UPDATE_DATE,REG_DATE) values ('령',2,'Noun',to_timestamp('17/02/17 14:22:09.758000000','RR/MM/DD HH24:MI:SSXFF'),to_timestamp('17/02/17 14:22:09.696000000','RR/MM/DD HH24:MI:SSXFF'));
Insert into WORDCLOUD_LIST (WORD,COUNT,PART_OF_SPEECH,UPDATE_DATE,REG_DATE) values ('피',2,'Noun',to_timestamp('17/02/17 14:22:09.758000000','RR/MM/DD HH24:MI:SSXFF'),to_timestamp('17/02/17 14:22:09.696000000','RR/MM/DD HH24:MI:SSXFF'));
Insert into WORDCLOUD_LIST (WORD,COUNT,PART_OF_SPEECH,UPDATE_DATE,REG_DATE) values ('솟다',2,'Verb',to_timestamp('17/02/17 14:22:09.758000000','RR/MM/DD HH24:MI:SSXFF'),to_timestamp('17/02/17 14:22:09.696000000','RR/MM/DD HH24:MI:SSXFF'));
Insert into WORDCLOUD_LIST (WORD,COUNT,PART_OF_SPEECH,UPDATE_DATE,REG_DATE) values ('부용',2,'Noun',to_timestamp('17/02/17 14:22:09.758000000','RR/MM/DD HH24:MI:SSXFF'),to_timestamp('17/02/17 14:22:09.696000000','RR/MM/DD HH24:MI:SSXFF'));
Insert into WORDCLOUD_LIST (WORD,COUNT,PART_OF_SPEECH,UPDATE_DATE,REG_DATE) values ('부모',2,'Noun',to_timestamp('17/02/17 14:22:09.758000000','RR/MM/DD HH24:MI:SSXFF'),to_timestamp('17/02/17 14:22:09.696000000','RR/MM/DD HH24:MI:SSXFF'));
Insert into WORDCLOUD_LIST (WORD,COUNT,PART_OF_SPEECH,UPDATE_DATE,REG_DATE) values ('임의',2,'Noun',to_timestamp('17/02/17 14:22:09.758000000','RR/MM/DD HH24:MI:SSXFF'),to_timestamp('17/02/17 14:22:09.696000000','RR/MM/DD HH24:MI:SSXFF'));
Insert into WORDCLOUD_LIST (WORD,COUNT,PART_OF_SPEECH,UPDATE_DATE,REG_DATE) values ('뉘',2,'Noun',to_timestamp('17/02/17 14:22:09.758000000','RR/MM/DD HH24:MI:SSXFF'),to_timestamp('17/02/17 14:22:09.696000000','RR/MM/DD HH24:MI:SSXFF'));
Insert into WORDCLOUD_LIST (WORD,COUNT,PART_OF_SPEECH,UPDATE_DATE,REG_DATE) values ('앞',2,'Noun',to_timestamp('17/02/17 14:22:09.758000000','RR/MM/DD HH24:MI:SSXFF'),to_timestamp('17/02/17 14:22:09.696000000','RR/MM/DD HH24:MI:SSXFF'));
Insert into WORDCLOUD_LIST (WORD,COUNT,PART_OF_SPEECH,UPDATE_DATE,REG_DATE) values ('성의',2,'Noun',to_timestamp('17/02/17 14:22:09.758000000','RR/MM/DD HH24:MI:SSXFF'),to_timestamp('17/02/17 14:22:09.696000000','RR/MM/DD HH24:MI:SSXFF'));
Insert into WORDCLOUD_LIST (WORD,COUNT,PART_OF_SPEECH,UPDATE_DATE,REG_DATE) values ('뿌리다',2,'Verb',to_timestamp('17/02/17 14:22:09.758000000','RR/MM/DD HH24:MI:SSXFF'),to_timestamp('17/02/17 14:22:09.696000000','RR/MM/DD HH24:MI:SSXFF'));
Insert into WORDCLOUD_LIST (WORD,COUNT,PART_OF_SPEECH,UPDATE_DATE,REG_DATE) values ('이르다',8,'Verb',to_timestamp('17/02/17 14:22:09.758000000','RR/MM/DD HH24:MI:SSXFF'),to_timestamp('17/02/17 14:22:09.696000000','RR/MM/DD HH24:MI:SSXFF'));
Insert into WORDCLOUD_LIST (WORD,COUNT,PART_OF_SPEECH,UPDATE_DATE,REG_DATE) values ('항아',2,'ProperNoun',to_timestamp('17/02/17 14:22:09.758000000','RR/MM/DD HH24:MI:SSXFF'),to_timestamp('17/02/17 14:22:09.696000000','RR/MM/DD HH24:MI:SSXFF'));
Insert into WORDCLOUD_LIST (WORD,COUNT,PART_OF_SPEECH,UPDATE_DATE,REG_DATE) values ('낭군',4,'Noun',to_timestamp('17/02/17 14:22:09.758000000','RR/MM/DD HH24:MI:SSXFF'),to_timestamp('17/02/17 14:22:09.696000000','RR/MM/DD HH24:MI:SSXFF'));
Insert into WORDCLOUD_LIST (WORD,COUNT,PART_OF_SPEECH,UPDATE_DATE,REG_DATE) values ('#쑥대머리',2,'Hashtag',to_timestamp('17/02/17 14:22:09.758000000','RR/MM/DD HH24:MI:SSXFF'),to_timestamp('17/02/17 14:22:09.696000000','RR/MM/DD HH24:MI:SSXFF'));
Insert into WORDCLOUD_LIST (WORD,COUNT,PART_OF_SPEECH,UPDATE_DATE,REG_DATE) values ('를',2,'Noun',to_timestamp('17/02/17 14:22:09.758000000','RR/MM/DD HH24:MI:SSXFF'),to_timestamp('17/02/17 14:22:09.696000000','RR/MM/DD HH24:MI:SSXFF'));
Insert into WORDCLOUD_LIST (WORD,COUNT,PART_OF_SPEECH,UPDATE_DATE,REG_DATE) values ('채련',2,'ProperNoun',to_timestamp('17/02/17 14:22:09.758000000','RR/MM/DD HH24:MI:SSXFF'),to_timestamp('17/02/17 14:22:09.696000000','RR/MM/DD HH24:MI:SSXFF'));
Insert into WORDCLOUD_LIST (WORD,COUNT,PART_OF_SPEECH,UPDATE_DATE,REG_DATE) values ('사후',2,'Noun',to_timestamp('17/02/17 14:22:09.758000000','RR/MM/DD HH24:MI:SSXFF'),to_timestamp('17/02/17 14:22:09.696000000','RR/MM/DD HH24:MI:SSXFF'));
Insert into WORDCLOUD_LIST (WORD,COUNT,PART_OF_SPEECH,UPDATE_DATE,REG_DATE) values ('잊다',4,'Verb',to_timestamp('17/02/17 14:22:09.758000000','RR/MM/DD HH24:MI:SSXFF'),to_timestamp('17/02/17 14:22:09.696000000','RR/MM/DD HH24:MI:SSXFF'));
Insert into WORDCLOUD_LIST (WORD,COUNT,PART_OF_SPEECH,UPDATE_DATE,REG_DATE) values ('것',2,'Noun',to_timestamp('17/02/17 14:22:09.758000000','RR/MM/DD HH24:MI:SSXFF'),to_timestamp('17/02/17 14:22:09.696000000','RR/MM/DD HH24:MI:SSXFF'));
Insert into WORDCLOUD_LIST (WORD,COUNT,PART_OF_SPEECH,UPDATE_DATE,REG_DATE) values ('썩다',2,'Verb',to_timestamp('17/02/17 14:22:09.758000000','RR/MM/DD HH24:MI:SSXFF'),to_timestamp('17/02/17 14:22:09.696000000','RR/MM/DD HH24:MI:SSXFF'));
Insert into WORDCLOUD_LIST (WORD,COUNT,PART_OF_SPEECH,UPDATE_DATE,REG_DATE) values ('임',2,'Noun',to_timestamp('17/02/17 14:22:09.758000000','RR/MM/DD HH24:MI:SSXFF'),to_timestamp('17/02/17 14:22:09.696000000','RR/MM/DD HH24:MI:SSXFF'));
Insert into WORDCLOUD_LIST (WORD,COUNT,PART_OF_SPEECH,UPDATE_DATE,REG_DATE) values ('글공부',2,'Noun',to_timestamp('17/02/17 14:22:09.758000000','RR/MM/DD HH24:MI:SSXFF'),to_timestamp('17/02/17 14:22:09.696000000','RR/MM/DD HH24:MI:SSXFF'));
Insert into WORDCLOUD_LIST (WORD,COUNT,PART_OF_SPEECH,UPDATE_DATE,REG_DATE) values ('전반',2,'Noun',to_timestamp('17/02/17 14:22:09.758000000','RR/MM/DD HH24:MI:SSXFF'),to_timestamp('17/02/17 14:22:09.696000000','RR/MM/DD HH24:MI:SSXFF'));
Insert into WORDCLOUD_LIST (WORD,COUNT,PART_OF_SPEECH,UPDATE_DATE,REG_DATE) values ('돌다',2,'Verb',to_timestamp('17/02/17 14:22:09.758000000','RR/MM/DD HH24:MI:SSXFF'),to_timestamp('17/02/17 14:22:09.696000000','RR/MM/DD HH24:MI:SSXFF'));
Insert into WORDCLOUD_LIST (WORD,COUNT,PART_OF_SPEECH,UPDATE_DATE,REG_DATE) values ('연인',4,'Noun',to_timestamp('17/02/17 14:22:09.758000000','RR/MM/DD HH24:MI:SSXFF'),to_timestamp('17/02/17 14:22:09.696000000','RR/MM/DD HH24:MI:SSXFF'));
Insert into WORDCLOUD_LIST (WORD,COUNT,PART_OF_SPEECH,UPDATE_DATE,REG_DATE) values ('우문',2,'ProperNoun',to_timestamp('17/02/17 14:22:09.758000000','RR/MM/DD HH24:MI:SSXFF'),to_timestamp('17/02/17 14:22:09.696000000','RR/MM/DD HH24:MI:SSXFF'));
Insert into WORDCLOUD_LIST (WORD,COUNT,PART_OF_SPEECH,UPDATE_DATE,REG_DATE) values ('서방',2,'Noun',to_timestamp('17/02/17 14:22:09.758000000','RR/MM/DD HH24:MI:SSXFF'),to_timestamp('17/02/17 14:22:09.696000000','RR/MM/DD HH24:MI:SSXFF'));
Insert into WORDCLOUD_LIST (WORD,COUNT,PART_OF_SPEECH,UPDATE_DATE,REG_DATE) values ('님',2,'ProperNoun',to_timestamp('17/02/17 14:22:09.758000000','RR/MM/DD HH24:MI:SSXFF'),to_timestamp('17/02/17 14:22:09.696000000','RR/MM/DD HH24:MI:SSXFF'));
Insert into WORDCLOUD_LIST (WORD,COUNT,PART_OF_SPEECH,UPDATE_DATE,REG_DATE) values ('일지',2,'Noun',to_timestamp('17/02/17 14:22:09.758000000','RR/MM/DD HH24:MI:SSXFF'),to_timestamp('17/02/17 14:22:09.696000000','RR/MM/DD HH24:MI:SSXFF'));
Insert into WORDCLOUD_LIST (WORD,COUNT,PART_OF_SPEECH,UPDATE_DATE,REG_DATE) values ('생전',2,'Noun',to_timestamp('17/02/17 14:22:09.758000000','RR/MM/DD HH24:MI:SSXFF'),to_timestamp('17/02/17 14:22:09.696000000','RR/MM/DD HH24:MI:SSXFF'));
Insert into WORDCLOUD_LIST (WORD,COUNT,PART_OF_SPEECH,UPDATE_DATE,REG_DATE) values ('손가락',2,'Noun',to_timestamp('17/02/17 14:22:09.758000000','RR/MM/DD HH24:MI:SSXFF'),to_timestamp('17/02/17 14:22:09.696000000','RR/MM/DD HH24:MI:SSXFF'));
Insert into WORDCLOUD_LIST (WORD,COUNT,PART_OF_SPEECH,UPDATE_DATE,REG_DATE) values ('팔자',2,'Noun',to_timestamp('17/02/17 14:22:09.758000000','RR/MM/DD HH24:MI:SSXFF'),to_timestamp('17/02/17 14:22:09.696000000','RR/MM/DD HH24:MI:SSXFF'));
Insert into WORDCLOUD_LIST (WORD,COUNT,PART_OF_SPEECH,UPDATE_DATE,REG_DATE) values ('망부석',2,'Noun',to_timestamp('17/02/17 14:22:09.758000000','RR/MM/DD HH24:MI:SSXFF'),to_timestamp('17/02/17 14:22:09.696000000','RR/MM/DD HH24:MI:SSXFF'));
Insert into WORDCLOUD_LIST (WORD,COUNT,PART_OF_SPEECH,UPDATE_DATE,REG_DATE) values ('#판소리',2,'Hashtag',to_timestamp('17/02/17 14:22:09.758000000','RR/MM/DD HH24:MI:SSXFF'),to_timestamp('17/02/17 14:22:09.696000000','RR/MM/DD HH24:MI:SSXFF'));
Insert into WORDCLOUD_LIST (WORD,COUNT,PART_OF_SPEECH,UPDATE_DATE,REG_DATE) values ('연',2,'Noun',to_timestamp('17/02/17 14:22:09.758000000','RR/MM/DD HH24:MI:SSXFF'),to_timestamp('17/02/17 14:22:09.696000000','RR/MM/DD HH24:MI:SSXFF'));
Insert into WORDCLOUD_LIST (WORD,COUNT,PART_OF_SPEECH,UPDATE_DATE,REG_DATE) values ('사정',2,'Noun',to_timestamp('17/02/17 14:22:09.758000000','RR/MM/DD HH24:MI:SSXFF'),to_timestamp('17/02/17 14:22:09.696000000','RR/MM/DD HH24:MI:SSXFF'));
Insert into WORDCLOUD_LIST (WORD,COUNT,PART_OF_SPEECH,UPDATE_DATE,REG_DATE) values ('화상',2,'Noun',to_timestamp('17/02/17 14:22:09.758000000','RR/MM/DD HH24:MI:SSXFF'),to_timestamp('17/02/17 14:22:09.696000000','RR/MM/DD HH24:MI:SSXFF'));
Insert into WORDCLOUD_LIST (WORD,COUNT,PART_OF_SPEECH,UPDATE_DATE,REG_DATE) values ('원통',2,'Noun',to_timestamp('17/02/17 14:22:09.758000000','RR/MM/DD HH24:MI:SSXFF'),to_timestamp('17/02/17 14:22:09.696000000','RR/MM/DD HH24:MI:SSXFF'));
Insert into WORDCLOUD_LIST (WORD,COUNT,PART_OF_SPEECH,UPDATE_DATE,REG_DATE) values ('줄이다',2,'Verb',to_timestamp('17/02/17 14:22:09.758000000','RR/MM/DD HH24:MI:SSXFF'),to_timestamp('17/02/17 14:22:09.696000000','RR/MM/DD HH24:MI:SSXFF'));
Insert into WORDCLOUD_LIST (WORD,COUNT,PART_OF_SPEECH,UPDATE_DATE,REG_DATE) values ('되다',9,'Verb',to_timestamp('17/02/17 14:22:09.758000000','RR/MM/DD HH24:MI:SSXFF'),to_timestamp('17/02/06 13:49:11.266000000','RR/MM/DD HH24:MI:SSXFF'));
Insert into WORDCLOUD_LIST (WORD,COUNT,PART_OF_SPEECH,UPDATE_DATE,REG_DATE) values ('이다',2,'Verb',to_timestamp('17/02/15 16:56:44.022000000','RR/MM/DD HH24:MI:SSXFF'),to_timestamp('17/02/06 13:49:11.266000000','RR/MM/DD HH24:MI:SSXFF'));
Insert into WORDCLOUD_LIST (WORD,COUNT,PART_OF_SPEECH,UPDATE_DATE,REG_DATE) values ('이',5,'Noun',to_timestamp('17/02/16 15:43:47.114000000','RR/MM/DD HH24:MI:SSXFF'),to_timestamp('17/02/06 13:49:11.266000000','RR/MM/DD HH24:MI:SSXFF'));
Insert into WORDCLOUD_LIST (WORD,COUNT,PART_OF_SPEECH,UPDATE_DATE,REG_DATE) values ('롯데',5,'Noun',to_timestamp('17/02/10 15:15:29.728000000','RR/MM/DD HH24:MI:SSXFF'),to_timestamp('17/02/10 14:46:41.750000000','RR/MM/DD HH24:MI:SSXFF'));
Insert into WORDCLOUD_LIST (WORD,COUNT,PART_OF_SPEECH,UPDATE_DATE,REG_DATE) values ('야구',3,'Noun',to_timestamp('17/02/10 15:14:03.774000000','RR/MM/DD HH24:MI:SSXFF'),to_timestamp('17/02/10 14:46:41.750000000','RR/MM/DD HH24:MI:SSXFF'));
Insert into WORDCLOUD_LIST (WORD,COUNT,PART_OF_SPEECH,UPDATE_DATE,REG_DATE) values ('짝짝',2,'Noun',to_timestamp('17/02/10 14:46:41.750000000','RR/MM/DD HH24:MI:SSXFF'),to_timestamp('17/02/10 14:46:41.750000000','RR/MM/DD HH24:MI:SSXFF'));
Insert into WORDCLOUD_LIST (WORD,COUNT,PART_OF_SPEECH,UPDATE_DATE,REG_DATE) values ('팬',1,'Noun',to_timestamp('17/02/10 14:46:41.750000000','RR/MM/DD HH24:MI:SSXFF'),to_timestamp('17/02/10 14:46:41.750000000','RR/MM/DD HH24:MI:SSXFF'));
Insert into WORDCLOUD_LIST (WORD,COUNT,PART_OF_SPEECH,UPDATE_DATE,REG_DATE) values ('구경',1,'Noun',to_timestamp('17/02/10 15:14:03.774000000','RR/MM/DD HH24:MI:SSXFF'),to_timestamp('17/02/10 15:14:03.774000000','RR/MM/DD HH24:MI:SSXFF'));
Insert into WORDCLOUD_LIST (WORD,COUNT,PART_OF_SPEECH,UPDATE_DATE,REG_DATE) values ('옴',1,'Noun',to_timestamp('17/02/10 15:14:03.774000000','RR/MM/DD HH24:MI:SSXFF'),to_timestamp('17/02/10 15:14:03.774000000','RR/MM/DD HH24:MI:SSXFF'));
Insert into WORDCLOUD_LIST (WORD,COUNT,PART_OF_SPEECH,UPDATE_DATE,REG_DATE) values ('자이언츠',1,'ProperNoun',to_timestamp('17/02/10 15:14:33.242000000','RR/MM/DD HH24:MI:SSXFF'),to_timestamp('17/02/10 15:14:33.242000000','RR/MM/DD HH24:MI:SSXFF'));
Insert into WORDCLOUD_LIST (WORD,COUNT,PART_OF_SPEECH,UPDATE_DATE,REG_DATE) values ('짱',3,'Noun',to_timestamp('17/02/10 15:14:33.242000000','RR/MM/DD HH24:MI:SSXFF'),to_timestamp('17/02/10 15:14:33.242000000','RR/MM/DD HH24:MI:SSXFF'));
Insert into WORDCLOUD_LIST (WORD,COUNT,PART_OF_SPEECH,UPDATE_DATE,REG_DATE) values ('마',4,'Noun',to_timestamp('17/02/10 15:14:33.242000000','RR/MM/DD HH24:MI:SSXFF'),to_timestamp('17/02/10 15:14:33.242000000','RR/MM/DD HH24:MI:SSXFF'));
Insert into WORDCLOUD_LIST (WORD,COUNT,PART_OF_SPEECH,UPDATE_DATE,REG_DATE) values ('탐방',2,'Noun',to_timestamp('17/02/10 15:14:57.616000000','RR/MM/DD HH24:MI:SSXFF'),to_timestamp('17/02/10 15:14:57.616000000','RR/MM/DD HH24:MI:SSXFF'));
Insert into WORDCLOUD_LIST (WORD,COUNT,PART_OF_SPEECH,UPDATE_DATE,REG_DATE) values ('문화',1,'Noun',to_timestamp('17/02/10 15:14:57.616000000','RR/MM/DD HH24:MI:SSXFF'),to_timestamp('17/02/10 15:14:57.616000000','RR/MM/DD HH24:MI:SSXFF'));
Insert into WORDCLOUD_LIST (WORD,COUNT,PART_OF_SPEECH,UPDATE_DATE,REG_DATE) values ('짱짱맨',1,'Noun',to_timestamp('17/02/10 15:15:29.728000000','RR/MM/DD HH24:MI:SSXFF'),to_timestamp('17/02/10 15:15:29.728000000','RR/MM/DD HH24:MI:SSXFF'));
Insert into WORDCLOUD_LIST (WORD,COUNT,PART_OF_SPEECH,UPDATE_DATE,REG_DATE) values ('궁',1,'Noun',to_timestamp('17/02/10 15:16:30.282000000','RR/MM/DD HH24:MI:SSXFF'),to_timestamp('17/02/10 15:16:30.282000000','RR/MM/DD HH24:MI:SSXFF'));
Insert into WORDCLOUD_LIST (WORD,COUNT,PART_OF_SPEECH,UPDATE_DATE,REG_DATE) values ('샤이니',1,'Noun',to_timestamp('17/02/10 15:16:49.551000000','RR/MM/DD HH24:MI:SSXFF'),to_timestamp('17/02/10 15:16:49.551000000','RR/MM/DD HH24:MI:SSXFF'));
Insert into WORDCLOUD_LIST (WORD,COUNT,PART_OF_SPEECH,UPDATE_DATE,REG_DATE) values ('구역',1,'Noun',to_timestamp('17/02/10 15:17:47.900000000','RR/MM/DD HH24:MI:SSXFF'),to_timestamp('17/02/10 15:17:47.900000000','RR/MM/DD HH24:MI:SSXFF'));
Insert into WORDCLOUD_LIST (WORD,COUNT,PART_OF_SPEECH,UPDATE_DATE,REG_DATE) values ('춤짱',1,'ProperNoun',to_timestamp('17/02/10 15:17:47.900000000','RR/MM/DD HH24:MI:SSXFF'),to_timestamp('17/02/10 15:17:47.900000000','RR/MM/DD HH24:MI:SSXFF'));
Insert into WORDCLOUD_LIST (WORD,COUNT,PART_OF_SPEECH,UPDATE_DATE,REG_DATE) values ('누구',2,'Noun',to_timestamp('17/02/10 15:17:47.900000000','RR/MM/DD HH24:MI:SSXFF'),to_timestamp('17/02/10 15:17:47.900000000','RR/MM/DD HH24:MI:SSXFF'));
Insert into WORDCLOUD_LIST (WORD,COUNT,PART_OF_SPEECH,UPDATE_DATE,REG_DATE) values ('돌아다니다',1,'Verb',to_timestamp('17/02/10 15:31:50.480000000','RR/MM/DD HH24:MI:SSXFF'),to_timestamp('17/02/10 15:31:50.480000000','RR/MM/DD HH24:MI:SSXFF'));
Insert into WORDCLOUD_LIST (WORD,COUNT,PART_OF_SPEECH,UPDATE_DATE,REG_DATE) values ('실',1,'Noun',to_timestamp('17/02/10 15:31:50.480000000','RR/MM/DD HH24:MI:SSXFF'),to_timestamp('17/02/10 15:31:50.480000000','RR/MM/DD HH24:MI:SSXFF'));
Insert into WORDCLOUD_LIST (WORD,COUNT,PART_OF_SPEECH,UPDATE_DATE,REG_DATE) values ('개인',1,'Noun',to_timestamp('17/02/10 15:31:50.480000000','RR/MM/DD HH24:MI:SSXFF'),to_timestamp('17/02/10 15:31:50.480000000','RR/MM/DD HH24:MI:SSXFF'));
Insert into WORDCLOUD_LIST (WORD,COUNT,PART_OF_SPEECH,UPDATE_DATE,REG_DATE) values ('전용기',1,'Noun',to_timestamp('17/02/10 15:31:50.480000000','RR/MM/DD HH24:MI:SSXFF'),to_timestamp('17/02/10 15:31:50.480000000','RR/MM/DD HH24:MI:SSXFF'));
Insert into WORDCLOUD_LIST (WORD,COUNT,PART_OF_SPEECH,UPDATE_DATE,REG_DATE) values ('소유',1,'Noun',to_timestamp('17/02/10 15:31:50.480000000','RR/MM/DD HH24:MI:SSXFF'),to_timestamp('17/02/10 15:31:50.480000000','RR/MM/DD HH24:MI:SSXFF'));
Insert into WORDCLOUD_LIST (WORD,COUNT,PART_OF_SPEECH,UPDATE_DATE,REG_DATE) values ('비행기',1,'Noun',to_timestamp('17/02/10 15:31:50.480000000','RR/MM/DD HH24:MI:SSXFF'),to_timestamp('17/02/10 15:31:50.480000000','RR/MM/DD HH24:MI:SSXFF'));
Insert into WORDCLOUD_LIST (WORD,COUNT,PART_OF_SPEECH,UPDATE_DATE,REG_DATE) values ('세계',1,'Noun',to_timestamp('17/02/10 15:31:50.480000000','RR/MM/DD HH24:MI:SSXFF'),to_timestamp('17/02/10 15:31:50.480000000','RR/MM/DD HH24:MI:SSXFF'));
Insert into WORDCLOUD_LIST (WORD,COUNT,PART_OF_SPEECH,UPDATE_DATE,REG_DATE) values ('일주',1,'Noun',to_timestamp('17/02/10 15:31:50.480000000','RR/MM/DD HH24:MI:SSXFF'),to_timestamp('17/02/10 15:31:50.480000000','RR/MM/DD HH24:MI:SSXFF'));
Insert into WORDCLOUD_LIST (WORD,COUNT,PART_OF_SPEECH,UPDATE_DATE,REG_DATE) values ('타고',2,'Noun',to_timestamp('17/02/10 15:31:50.480000000','RR/MM/DD HH24:MI:SSXFF'),to_timestamp('17/02/10 15:31:50.480000000','RR/MM/DD HH24:MI:SSXFF'));
Insert into WORDCLOUD_LIST (WORD,COUNT,PART_OF_SPEECH,UPDATE_DATE,REG_DATE) values ('전용',1,'Noun',to_timestamp('17/02/10 15:31:50.480000000','RR/MM/DD HH24:MI:SSXFF'),to_timestamp('17/02/10 15:31:50.480000000','RR/MM/DD HH24:MI:SSXFF'));
Insert into WORDCLOUD_LIST (WORD,COUNT,PART_OF_SPEECH,UPDATE_DATE,REG_DATE) values ('따라잡다',1,'Verb',to_timestamp('17/02/16 15:37:35.913000000','RR/MM/DD HH24:MI:SSXFF'),to_timestamp('17/02/16 15:37:35.913000000','RR/MM/DD HH24:MI:SSXFF'));
Insert into WORDCLOUD_LIST (WORD,COUNT,PART_OF_SPEECH,UPDATE_DATE,REG_DATE) values ('달다',2,'Verb',to_timestamp('17/02/16 15:37:35.913000000','RR/MM/DD HH24:MI:SSXFF'),to_timestamp('17/02/16 15:37:35.913000000','RR/MM/DD HH24:MI:SSXFF'));
Insert into WORDCLOUD_LIST (WORD,COUNT,PART_OF_SPEECH,UPDATE_DATE,REG_DATE) values ('후기',10,'Noun',to_timestamp('17/02/20 12:31:09.376000000','RR/MM/DD HH24:MI:SSXFF'),to_timestamp('17/02/09 10:13:37.431000000','RR/MM/DD HH24:MI:SSXFF'));
Insert into WORDCLOUD_LIST (WORD,COUNT,PART_OF_SPEECH,UPDATE_DATE,REG_DATE) values ('소품',1,'Noun',to_timestamp('17/02/16 15:38:11.242000000','RR/MM/DD HH24:MI:SSXFF'),to_timestamp('17/02/16 15:38:11.242000000','RR/MM/DD HH24:MI:SSXFF'));
Insert into WORDCLOUD_LIST (WORD,COUNT,PART_OF_SPEECH,UPDATE_DATE,REG_DATE) values ('모임',42,'Noun',to_timestamp('17/02/20 12:31:09.376000000','RR/MM/DD HH24:MI:SSXFF'),to_timestamp('17/02/09 10:13:37.431000000','RR/MM/DD HH24:MI:SSXFF'));
Insert into WORDCLOUD_LIST (WORD,COUNT,PART_OF_SPEECH,UPDATE_DATE,REG_DATE) values ('컵',1,'Noun',to_timestamp('17/02/16 15:38:11.242000000','RR/MM/DD HH24:MI:SSXFF'),to_timestamp('17/02/16 15:38:11.242000000','RR/MM/DD HH24:MI:SSXFF'));
Insert into WORDCLOUD_LIST (WORD,COUNT,PART_OF_SPEECH,UPDATE_DATE,REG_DATE) values ('메이드',1,'ProperNoun',to_timestamp('17/02/16 15:38:11.242000000','RR/MM/DD HH24:MI:SSXFF'),to_timestamp('17/02/16 15:38:11.242000000','RR/MM/DD HH24:MI:SSXFF'));
Insert into WORDCLOUD_LIST (WORD,COUNT,PART_OF_SPEECH,UPDATE_DATE,REG_DATE) values ('테스트',1,'Noun',to_timestamp('17/02/13 09:22:55.938000000','RR/MM/DD HH24:MI:SSXFF'),to_timestamp('17/02/13 09:22:55.938000000','RR/MM/DD HH24:MI:SSXFF'));
Insert into WORDCLOUD_LIST (WORD,COUNT,PART_OF_SPEECH,UPDATE_DATE,REG_DATE) values ('만들기',1,'Noun',to_timestamp('17/02/16 15:38:11.242000000','RR/MM/DD HH24:MI:SSXFF'),to_timestamp('17/02/16 15:38:11.242000000','RR/MM/DD HH24:MI:SSXFF'));
Insert into WORDCLOUD_LIST (WORD,COUNT,PART_OF_SPEECH,UPDATE_DATE,REG_DATE) values ('굿굿',3,'Noun',to_timestamp('17/02/13 09:22:55.938000000','RR/MM/DD HH24:MI:SSXFF'),to_timestamp('17/02/09 14:50:07.613000000','RR/MM/DD HH24:MI:SSXFF'));
Insert into WORDCLOUD_LIST (WORD,COUNT,PART_OF_SPEECH,UPDATE_DATE,REG_DATE) values ('만들다',1,'Verb',to_timestamp('17/02/16 15:38:11.242000000','RR/MM/DD HH24:MI:SSXFF'),to_timestamp('17/02/16 15:38:11.242000000','RR/MM/DD HH24:MI:SSXFF'));
Insert into WORDCLOUD_LIST (WORD,COUNT,PART_OF_SPEECH,UPDATE_DATE,REG_DATE) values ('굿',3,'Noun',to_timestamp('17/02/14 10:28:27.202000000','RR/MM/DD HH24:MI:SSXFF'),to_timestamp('17/02/09 14:50:07.613000000','RR/MM/DD HH24:MI:SSXFF'));
Insert into WORDCLOUD_LIST (WORD,COUNT,PART_OF_SPEECH,UPDATE_DATE,REG_DATE) values ('핸드',1,'ProperNoun',to_timestamp('17/02/16 15:38:11.242000000','RR/MM/DD HH24:MI:SSXFF'),to_timestamp('17/02/16 15:38:11.242000000','RR/MM/DD HH24:MI:SSXFF'));
Insert into WORDCLOUD_LIST (WORD,COUNT,PART_OF_SPEECH,UPDATE_DATE,REG_DATE) values ('제빵',2,'ProperNoun',to_timestamp('17/02/16 15:38:42.057000000','RR/MM/DD HH24:MI:SSXFF'),to_timestamp('17/02/16 15:38:42.057000000','RR/MM/DD HH24:MI:SSXFF'));
Insert into WORDCLOUD_LIST (WORD,COUNT,PART_OF_SPEECH,UPDATE_DATE,REG_DATE) values ('위',1,'Noun',to_timestamp('17/02/16 15:38:42.057000000','RR/MM/DD HH24:MI:SSXFF'),to_timestamp('17/02/16 15:38:42.057000000','RR/MM/DD HH24:MI:SSXFF'));
Insert into WORDCLOUD_LIST (WORD,COUNT,PART_OF_SPEECH,UPDATE_DATE,REG_DATE) values ('제과',1,'Noun',to_timestamp('17/02/16 15:38:42.057000000','RR/MM/DD HH24:MI:SSXFF'),to_timestamp('17/02/16 15:38:42.057000000','RR/MM/DD HH24:MI:SSXFF'));
Insert into WORDCLOUD_LIST (WORD,COUNT,PART_OF_SPEECH,UPDATE_DATE,REG_DATE) values ('외국어',1,'Noun',to_timestamp('17/02/16 15:39:29.256000000','RR/MM/DD HH24:MI:SSXFF'),to_timestamp('17/02/16 15:39:29.256000000','RR/MM/DD HH24:MI:SSXFF'));
Insert into WORDCLOUD_LIST (WORD,COUNT,PART_OF_SPEECH,UPDATE_DATE,REG_DATE) values ('대화',1,'Noun',to_timestamp('17/02/16 15:39:29.256000000','RR/MM/DD HH24:MI:SSXFF'),to_timestamp('17/02/16 15:39:29.256000000','RR/MM/DD HH24:MI:SSXFF'));
Insert into WORDCLOUD_LIST (WORD,COUNT,PART_OF_SPEECH,UPDATE_DATE,REG_DATE) values ('사모',3,'Noun',to_timestamp('17/02/16 15:42:26.433000000','RR/MM/DD HH24:MI:SSXFF'),to_timestamp('17/02/10 10:57:30.625000000','RR/MM/DD HH24:MI:SSXFF'));
Insert into WORDCLOUD_LIST (WORD,COUNT,PART_OF_SPEECH,UPDATE_DATE,REG_DATE) values ('파충류',1,'Noun',to_timestamp('17/02/10 10:57:30.625000000','RR/MM/DD HH24:MI:SSXFF'),to_timestamp('17/02/10 10:57:30.625000000','RR/MM/DD HH24:MI:SSXFF'));
Insert into WORDCLOUD_LIST (WORD,COUNT,PART_OF_SPEECH,UPDATE_DATE,REG_DATE) values ('파',1,'Noun',to_timestamp('17/02/10 10:57:30.625000000','RR/MM/DD HH24:MI:SSXFF'),to_timestamp('17/02/10 10:57:30.625000000','RR/MM/DD HH24:MI:SSXFF'));
Insert into WORDCLOUD_LIST (WORD,COUNT,PART_OF_SPEECH,UPDATE_DATE,REG_DATE) values ('모두',3,'Noun',to_timestamp('17/02/10 14:03:04.687000000','RR/MM/DD HH24:MI:SSXFF'),to_timestamp('17/02/10 10:57:30.625000000','RR/MM/DD HH24:MI:SSXFF'));
Insert into WORDCLOUD_LIST (WORD,COUNT,PART_OF_SPEECH,UPDATE_DATE,REG_DATE) values ('쥐',3,'Noun',to_timestamp('17/02/10 11:08:37.861000000','RR/MM/DD HH24:MI:SSXFF'),to_timestamp('17/02/10 11:08:37.861000000','RR/MM/DD HH24:MI:SSXFF'));
Insert into WORDCLOUD_LIST (WORD,COUNT,PART_OF_SPEECH,UPDATE_DATE,REG_DATE) values ('강',1,'Noun',to_timestamp('17/02/10 11:08:37.861000000','RR/MM/DD HH24:MI:SSXFF'),to_timestamp('17/02/10 11:08:37.861000000','RR/MM/DD HH24:MI:SSXFF'));
Insert into WORDCLOUD_LIST (WORD,COUNT,PART_OF_SPEECH,UPDATE_DATE,REG_DATE) values ('해주다',1,'Verb',to_timestamp('17/02/10 11:09:09.242000000','RR/MM/DD HH24:MI:SSXFF'),to_timestamp('17/02/10 11:09:09.242000000','RR/MM/DD HH24:MI:SSXFF'));
Insert into WORDCLOUD_LIST (WORD,COUNT,PART_OF_SPEECH,UPDATE_DATE,REG_DATE) values ('말티즈',2,'Noun',to_timestamp('17/02/10 11:09:09.242000000','RR/MM/DD HH24:MI:SSXFF'),to_timestamp('17/02/10 11:09:09.242000000','RR/MM/DD HH24:MI:SSXFF'));
Insert into WORDCLOUD_LIST (WORD,COUNT,PART_OF_SPEECH,UPDATE_DATE,REG_DATE) values ('모든',1,'Noun',to_timestamp('17/02/10 11:09:09.242000000','RR/MM/DD HH24:MI:SSXFF'),to_timestamp('17/02/10 11:09:09.242000000','RR/MM/DD HH24:MI:SSXFF'));
Insert into WORDCLOUD_LIST (WORD,COUNT,PART_OF_SPEECH,UPDATE_DATE,REG_DATE) values ('밀어내기',1,'ProperNoun',to_timestamp('17/02/10 11:10:22.096000000','RR/MM/DD HH24:MI:SSXFF'),to_timestamp('17/02/10 11:10:22.096000000','RR/MM/DD HH24:MI:SSXFF'));
Insert into WORDCLOUD_LIST (WORD,COUNT,PART_OF_SPEECH,UPDATE_DATE,REG_DATE) values ('족구',2,'ProperNoun',to_timestamp('17/02/10 11:10:22.096000000','RR/MM/DD HH24:MI:SSXFF'),to_timestamp('17/02/10 11:10:22.096000000','RR/MM/DD HH24:MI:SSXFF'));
Insert into WORDCLOUD_LIST (WORD,COUNT,PART_OF_SPEECH,UPDATE_DATE,REG_DATE) values ('뽐내다',1,'Verb',to_timestamp('17/02/10 11:10:22.096000000','RR/MM/DD HH24:MI:SSXFF'),to_timestamp('17/02/10 11:10:22.096000000','RR/MM/DD HH24:MI:SSXFF'));
Insert into WORDCLOUD_LIST (WORD,COUNT,PART_OF_SPEECH,UPDATE_DATE,REG_DATE) values ('군대',1,'Noun',to_timestamp('17/02/10 11:10:22.096000000','RR/MM/DD HH24:MI:SSXFF'),to_timestamp('17/02/10 11:10:22.096000000','RR/MM/DD HH24:MI:SSXFF'));
Insert into WORDCLOUD_LIST (WORD,COUNT,PART_OF_SPEECH,UPDATE_DATE,REG_DATE) values ('한번',2,'Noun',to_timestamp('17/02/16 15:38:11.242000000','RR/MM/DD HH24:MI:SSXFF'),to_timestamp('17/02/10 11:10:22.096000000','RR/MM/DD HH24:MI:SSXFF'));
Insert into WORDCLOUD_LIST (WORD,COUNT,PART_OF_SPEECH,UPDATE_DATE,REG_DATE) values ('보다',26,'Verb',to_timestamp('17/02/17 14:22:09.758000000','RR/MM/DD HH24:MI:SSXFF'),to_timestamp('17/02/10 11:10:22.096000000','RR/MM/DD HH24:MI:SSXFF'));
Insert into WORDCLOUD_LIST (WORD,COUNT,PART_OF_SPEECH,UPDATE_DATE,REG_DATE) values ('나',3,'Noun',to_timestamp('17/02/16 15:40:11.349000000','RR/MM/DD HH24:MI:SSXFF'),to_timestamp('17/02/10 11:10:22.096000000','RR/MM/DD HH24:MI:SSXFF'));
Insert into WORDCLOUD_LIST (WORD,COUNT,PART_OF_SPEECH,UPDATE_DATE,REG_DATE) values ('f라f',1,'ProperNoun',to_timestamp('17/02/16 15:39:29.256000000','RR/MM/DD HH24:MI:SSXFF'),to_timestamp('17/02/16 15:39:29.256000000','RR/MM/DD HH24:MI:SSXFF'));
Insert into WORDCLOUD_LIST (WORD,COUNT,PART_OF_SPEECH,UPDATE_DATE,REG_DATE) values ('날',13,'Noun',to_timestamp('17/02/17 14:22:09.758000000','RR/MM/DD HH24:MI:SSXFF'),to_timestamp('17/02/09 10:13:37.431000000','RR/MM/DD HH24:MI:SSXFF'));
Insert into WORDCLOUD_LIST (WORD,COUNT,PART_OF_SPEECH,UPDATE_DATE,REG_DATE) values ('실력',1,'Noun',to_timestamp('17/02/10 11:10:22.096000000','RR/MM/DD HH24:MI:SSXFF'),to_timestamp('17/02/10 11:10:22.096000000','RR/MM/DD HH24:MI:SSXFF'));
Insert into WORDCLOUD_LIST (WORD,COUNT,PART_OF_SPEECH,UPDATE_DATE,REG_DATE) values ('붙다',2,'Verb',to_timestamp('17/02/16 15:40:11.349000000','RR/MM/DD HH24:MI:SSXFF'),to_timestamp('17/02/10 11:10:22.096000000','RR/MM/DD HH24:MI:SSXFF'));
Insert into WORDCLOUD_LIST (WORD,COUNT,PART_OF_SPEECH,UPDATE_DATE,REG_DATE) values ('고수',1,'Noun',to_timestamp('17/02/10 11:10:22.096000000','RR/MM/DD HH24:MI:SSXFF'),to_timestamp('17/02/10 11:10:22.096000000','RR/MM/DD HH24:MI:SSXFF'));
Insert into WORDCLOUD_LIST (WORD,COUNT,PART_OF_SPEECH,UPDATE_DATE,REG_DATE) values ('배우다',2,'Verb',to_timestamp('17/02/17 15:45:35.309000000','RR/MM/DD HH24:MI:SSXFF'),to_timestamp('17/02/10 11:10:22.096000000','RR/MM/DD HH24:MI:SSXFF'));
Insert into WORDCLOUD_LIST (WORD,COUNT,PART_OF_SPEECH,UPDATE_DATE,REG_DATE) values ('댄스',7,'Noun',to_timestamp('17/02/10 15:16:49.551000000','RR/MM/DD HH24:MI:SSXFF'),to_timestamp('17/02/10 14:11:44.562000000','RR/MM/DD HH24:MI:SSXFF'));
Insert into WORDCLOUD_LIST (WORD,COUNT,PART_OF_SPEECH,UPDATE_DATE,REG_DATE) values ('가르치다',4,'Verb',to_timestamp('17/02/10 14:58:38.510000000','RR/MM/DD HH24:MI:SSXFF'),to_timestamp('17/02/10 14:58:38.476000000','RR/MM/DD HH24:MI:SSXFF'));
Insert into WORDCLOUD_LIST (WORD,COUNT,PART_OF_SPEECH,UPDATE_DATE,REG_DATE) values ('골키퍼',8,'Noun',to_timestamp('17/02/10 14:58:38.510000000','RR/MM/DD HH24:MI:SSXFF'),to_timestamp('17/02/10 14:58:38.476000000','RR/MM/DD HH24:MI:SSXFF'));
Insert into WORDCLOUD_LIST (WORD,COUNT,PART_OF_SPEECH,UPDATE_DATE,REG_DATE) values ('드리다',4,'Verb',to_timestamp('17/02/10 14:58:38.510000000','RR/MM/DD HH24:MI:SSXFF'),to_timestamp('17/02/10 14:58:38.476000000','RR/MM/DD HH24:MI:SSXFF'));
Insert into WORDCLOUD_LIST (WORD,COUNT,PART_OF_SPEECH,UPDATE_DATE,REG_DATE) values ('출신',4,'Noun',to_timestamp('17/02/10 14:58:38.510000000','RR/MM/DD HH24:MI:SSXFF'),to_timestamp('17/02/10 14:58:38.476000000','RR/MM/DD HH24:MI:SSXFF'));
Insert into WORDCLOUD_LIST (WORD,COUNT,PART_OF_SPEECH,UPDATE_DATE,REG_DATE) values ('국가대표',4,'Noun',to_timestamp('17/02/10 14:58:38.510000000','RR/MM/DD HH24:MI:SSXFF'),to_timestamp('17/02/10 14:58:38.476000000','RR/MM/DD HH24:MI:SSXFF'));
Insert into WORDCLOUD_LIST (WORD,COUNT,PART_OF_SPEECH,UPDATE_DATE,REG_DATE) values ('적막',5,'Noun',to_timestamp('17/02/17 14:22:09.758000000','RR/MM/DD HH24:MI:SSXFF'),to_timestamp('17/02/10 15:23:11.871000000','RR/MM/DD HH24:MI:SSXFF'));
Insert into WORDCLOUD_LIST (WORD,COUNT,PART_OF_SPEECH,UPDATE_DATE,REG_DATE) values ('구신',3,'ProperNoun',to_timestamp('17/02/10 15:23:11.902000000','RR/MM/DD HH24:MI:SSXFF'),to_timestamp('17/02/10 15:23:11.871000000','RR/MM/DD HH24:MI:SSXFF'));
Insert into WORDCLOUD_LIST (WORD,COUNT,PART_OF_SPEECH,UPDATE_DATE,REG_DATE) values ('대머리',10,'Noun',to_timestamp('17/02/17 14:22:09.758000000','RR/MM/DD HH24:MI:SSXFF'),to_timestamp('17/02/10 15:23:11.871000000','RR/MM/DD HH24:MI:SSXFF'));
Insert into WORDCLOUD_LIST (WORD,COUNT,PART_OF_SPEECH,UPDATE_DATE,REG_DATE) values ('쑥',10,'Noun',to_timestamp('17/02/17 14:22:09.758000000','RR/MM/DD HH24:MI:SSXFF'),to_timestamp('17/02/10 15:23:11.871000000','RR/MM/DD HH24:MI:SSXFF'));
Insert into WORDCLOUD_LIST (WORD,COUNT,PART_OF_SPEECH,UPDATE_DATE,REG_DATE) values ('생각나다',5,'Verb',to_timestamp('17/02/17 14:22:09.758000000','RR/MM/DD HH24:MI:SSXFF'),to_timestamp('17/02/10 15:23:11.871000000','RR/MM/DD HH24:MI:SSXFF'));
Insert into WORDCLOUD_LIST (WORD,COUNT,PART_OF_SPEECH,UPDATE_DATE,REG_DATE) values ('옥방',5,'Noun',to_timestamp('17/02/17 14:22:09.758000000','RR/MM/DD HH24:MI:SSXFF'),to_timestamp('17/02/10 15:23:11.871000000','RR/MM/DD HH24:MI:SSXFF'));
Insert into WORDCLOUD_LIST (WORD,COUNT,PART_OF_SPEECH,UPDATE_DATE,REG_DATE) values ('찬',5,'Noun',to_timestamp('17/02/17 14:22:09.758000000','RR/MM/DD HH24:MI:SSXFF'),to_timestamp('17/02/10 15:23:11.871000000','RR/MM/DD HH24:MI:SSXFF'));
Insert into WORDCLOUD_LIST (WORD,COUNT,PART_OF_SPEECH,UPDATE_DATE,REG_DATE) values ('형용',5,'Noun',to_timestamp('17/02/17 14:22:09.758000000','RR/MM/DD HH24:MI:SSXFF'),to_timestamp('17/02/10 15:23:11.871000000','RR/MM/DD HH24:MI:SSXFF'));
Insert into WORDCLOUD_LIST (WORD,COUNT,PART_OF_SPEECH,UPDATE_DATE,REG_DATE) values ('님뿐',3,'ProperNoun',to_timestamp('17/02/10 15:23:11.902000000','RR/MM/DD HH24:MI:SSXFF'),to_timestamp('17/02/10 15:23:11.871000000','RR/MM/DD HH24:MI:SSXFF'));
Insert into WORDCLOUD_LIST (WORD,COUNT,PART_OF_SPEECH,UPDATE_DATE,REG_DATE) values ('끼끼',1,'Noun',to_timestamp('17/02/13 09:23:32.755000000','RR/MM/DD HH24:MI:SSXFF'),to_timestamp('17/02/13 09:23:32.755000000','RR/MM/DD HH24:MI:SSXFF'));
Insert into WORDCLOUD_LIST (WORD,COUNT,PART_OF_SPEECH,UPDATE_DATE,REG_DATE) values ('작성',2,'Noun',to_timestamp('17/02/13 15:54:22.538000000','RR/MM/DD HH24:MI:SSXFF'),to_timestamp('17/02/13 09:23:32.755000000','RR/MM/DD HH24:MI:SSXFF'));
Insert into WORDCLOUD_LIST (WORD,COUNT,PART_OF_SPEECH,UPDATE_DATE,REG_DATE) values ('쿠쿠',1,'Noun',to_timestamp('17/02/13 09:23:32.755000000','RR/MM/DD HH24:MI:SSXFF'),to_timestamp('17/02/13 09:23:32.755000000','RR/MM/DD HH24:MI:SSXFF'));
Insert into WORDCLOUD_LIST (WORD,COUNT,PART_OF_SPEECH,UPDATE_DATE,REG_DATE) values ('키키',2,'Noun',to_timestamp('17/02/13 15:54:37.838000000','RR/MM/DD HH24:MI:SSXFF'),to_timestamp('17/02/13 09:23:32.755000000','RR/MM/DD HH24:MI:SSXFF'));
Insert into WORDCLOUD_LIST (WORD,COUNT,PART_OF_SPEECH,UPDATE_DATE,REG_DATE) values ('랍',1,'ProperNoun',to_timestamp('17/02/13 09:23:32.755000000','RR/MM/DD HH24:MI:SSXFF'),to_timestamp('17/02/13 09:23:32.755000000','RR/MM/DD HH24:MI:SSXFF'));
Insert into WORDCLOUD_LIST (WORD,COUNT,PART_OF_SPEECH,UPDATE_DATE,REG_DATE) values ('기',1,'Noun',to_timestamp('17/02/13 09:27:18.531000000','RR/MM/DD HH24:MI:SSXFF'),to_timestamp('17/02/13 09:27:18.531000000','RR/MM/DD HH24:MI:SSXFF'));
Insert into WORDCLOUD_LIST (WORD,COUNT,PART_OF_SPEECH,UPDATE_DATE,REG_DATE) values ('후',2,'Noun',to_timestamp('17/02/16 15:38:11.242000000','RR/MM/DD HH24:MI:SSXFF'),to_timestamp('17/02/13 09:27:18.531000000','RR/MM/DD HH24:MI:SSXFF'));
Insert into WORDCLOUD_LIST (WORD,COUNT,PART_OF_SPEECH,UPDATE_DATE,REG_DATE) values ('우기',1,'Noun',to_timestamp('17/02/13 09:27:18.531000000','RR/MM/DD HH24:MI:SSXFF'),to_timestamp('17/02/13 09:27:18.531000000','RR/MM/DD HH24:MI:SSXFF'));
Insert into WORDCLOUD_LIST (WORD,COUNT,PART_OF_SPEECH,UPDATE_DATE,REG_DATE) values ('후루루',1,'Noun',to_timestamp('17/02/13 09:27:18.531000000','RR/MM/DD HH24:MI:SSXFF'),to_timestamp('17/02/13 09:27:18.531000000','RR/MM/DD HH24:MI:SSXFF'));
Insert into WORDCLOUD_LIST (WORD,COUNT,PART_OF_SPEECH,UPDATE_DATE,REG_DATE) values ('테스',1,'ProperNoun',to_timestamp('17/02/13 09:31:22.615000000','RR/MM/DD HH24:MI:SSXFF'),to_timestamp('17/02/13 09:31:22.615000000','RR/MM/DD HH24:MI:SSXFF'));
Insert into WORDCLOUD_LIST (WORD,COUNT,PART_OF_SPEECH,UPDATE_DATE,REG_DATE) values ('#싸움',1,'Hashtag',to_timestamp('17/02/13 09:31:22.615000000','RR/MM/DD HH24:MI:SSXFF'),to_timestamp('17/02/13 09:31:22.615000000','RR/MM/DD HH24:MI:SSXFF'));
Insert into WORDCLOUD_LIST (WORD,COUNT,PART_OF_SPEECH,UPDATE_DATE,REG_DATE) values ('#야임마',1,'Hashtag',to_timestamp('17/02/13 09:31:22.615000000','RR/MM/DD HH24:MI:SSXFF'),to_timestamp('17/02/13 09:31:22.615000000','RR/MM/DD HH24:MI:SSXFF'));
Insert into WORDCLOUD_LIST (WORD,COUNT,PART_OF_SPEECH,UPDATE_DATE,REG_DATE) values ('#투기',1,'Hashtag',to_timestamp('17/02/13 09:31:22.615000000','RR/MM/DD HH24:MI:SSXFF'),to_timestamp('17/02/13 09:31:22.615000000','RR/MM/DD HH24:MI:SSXFF'));
Insert into WORDCLOUD_LIST (WORD,COUNT,PART_OF_SPEECH,UPDATE_DATE,REG_DATE) values ('#덤벼',1,'Hashtag',to_timestamp('17/02/13 09:31:22.615000000','RR/MM/DD HH24:MI:SSXFF'),to_timestamp('17/02/13 09:31:22.615000000','RR/MM/DD HH24:MI:SSXFF'));
Insert into WORDCLOUD_LIST (WORD,COUNT,PART_OF_SPEECH,UPDATE_DATE,REG_DATE) values ('투기',2,'Noun',to_timestamp('17/02/13 09:31:22.615000000','RR/MM/DD HH24:MI:SSXFF'),to_timestamp('17/02/13 09:31:22.615000000','RR/MM/DD HH24:MI:SSXFF'));
Insert into WORDCLOUD_LIST (WORD,COUNT,PART_OF_SPEECH,UPDATE_DATE,REG_DATE) values ('#파이리',1,'Hashtag',to_timestamp('17/02/13 09:44:16.131000000','RR/MM/DD HH24:MI:SSXFF'),to_timestamp('17/02/13 09:44:16.131000000','RR/MM/DD HH24:MI:SSXFF'));
Insert into WORDCLOUD_LIST (WORD,COUNT,PART_OF_SPEECH,UPDATE_DATE,REG_DATE) values ('#꼬부기',1,'Hashtag',to_timestamp('17/02/13 09:44:16.131000000','RR/MM/DD HH24:MI:SSXFF'),to_timestamp('17/02/13 09:44:16.131000000','RR/MM/DD HH24:MI:SSXFF'));
Insert into WORDCLOUD_LIST (WORD,COUNT,PART_OF_SPEECH,UPDATE_DATE,REG_DATE) values ('#버터플',1,'Hashtag',to_timestamp('17/02/13 09:44:16.131000000','RR/MM/DD HH24:MI:SSXFF'),to_timestamp('17/02/13 09:44:16.131000000','RR/MM/DD HH24:MI:SSXFF'));
Insert into WORDCLOUD_LIST (WORD,COUNT,PART_OF_SPEECH,UPDATE_DATE,REG_DATE) values ('#냐옹이',1,'Hashtag',to_timestamp('17/02/13 09:44:16.131000000','RR/MM/DD HH24:MI:SSXFF'),to_timestamp('17/02/13 09:44:16.131000000','RR/MM/DD HH24:MI:SSXFF'));
Insert into WORDCLOUD_LIST (WORD,COUNT,PART_OF_SPEECH,UPDATE_DATE,REG_DATE) values ('옹',2,'Noun',to_timestamp('17/02/13 09:44:16.131000000','RR/MM/DD HH24:MI:SSXFF'),to_timestamp('17/02/13 09:44:16.131000000','RR/MM/DD HH24:MI:SSXFF'));
Insert into WORDCLOUD_LIST (WORD,COUNT,PART_OF_SPEECH,UPDATE_DATE,REG_DATE) values ('파이다',1,'Verb',to_timestamp('17/02/13 09:44:16.131000000','RR/MM/DD HH24:MI:SSXFF'),to_timestamp('17/02/13 09:44:16.131000000','RR/MM/DD HH24:MI:SSXFF'));
Insert into WORDCLOUD_LIST (WORD,COUNT,PART_OF_SPEECH,UPDATE_DATE,REG_DATE) values ('#야도란',1,'Hashtag',to_timestamp('17/02/13 09:44:16.131000000','RR/MM/DD HH24:MI:SSXFF'),to_timestamp('17/02/13 09:44:16.131000000','RR/MM/DD HH24:MI:SSXFF'));
Insert into WORDCLOUD_LIST (WORD,COUNT,PART_OF_SPEECH,UPDATE_DATE,REG_DATE) values ('냐옹',1,'ProperNoun',to_timestamp('17/02/13 09:44:16.131000000','RR/MM/DD HH24:MI:SSXFF'),to_timestamp('17/02/13 09:44:16.131000000','RR/MM/DD HH24:MI:SSXFF'));
Insert into WORDCLOUD_LIST (WORD,COUNT,PART_OF_SPEECH,UPDATE_DATE,REG_DATE) values ('데',1,'Noun',to_timestamp('17/02/13 15:54:22.538000000','RR/MM/DD HH24:MI:SSXFF'),to_timestamp('17/02/13 15:54:22.538000000','RR/MM/DD HH24:MI:SSXFF'));
Insert into WORDCLOUD_LIST (WORD,COUNT,PART_OF_SPEECH,UPDATE_DATE,REG_DATE) values ('#구우우쿠쿠',1,'Hashtag',to_timestamp('17/02/13 15:54:22.538000000','RR/MM/DD HH24:MI:SSXFF'),to_timestamp('17/02/13 15:54:22.538000000','RR/MM/DD HH24:MI:SSXFF'));
Insert into WORDCLOUD_LIST (WORD,COUNT,PART_OF_SPEECH,UPDATE_DATE,REG_DATE) values ('시작',1,'Noun',to_timestamp('17/02/13 15:54:22.538000000','RR/MM/DD HH24:MI:SSXFF'),to_timestamp('17/02/13 15:54:22.538000000','RR/MM/DD HH24:MI:SSXFF'));
Insert into WORDCLOUD_LIST (WORD,COUNT,PART_OF_SPEECH,UPDATE_DATE,REG_DATE) values ('디',2,'Noun',to_timestamp('17/02/13 15:54:37.838000000','RR/MM/DD HH24:MI:SSXFF'),to_timestamp('17/02/13 15:54:37.838000000','RR/MM/DD HH24:MI:SSXFF'));
Insert into WORDCLOUD_LIST (WORD,COUNT,PART_OF_SPEECH,UPDATE_DATE,REG_DATE) values ('케케',1,'ProperNoun',to_timestamp('17/02/13 15:54:37.838000000','RR/MM/DD HH24:MI:SSXFF'),to_timestamp('17/02/13 15:54:37.838000000','RR/MM/DD HH24:MI:SSXFF'));
Insert into WORDCLOUD_LIST (WORD,COUNT,PART_OF_SPEECH,UPDATE_DATE,REG_DATE) values ('로리로리',1,'ProperNoun',to_timestamp('17/02/13 15:54:37.838000000','RR/MM/DD HH24:MI:SSXFF'),to_timestamp('17/02/13 15:54:37.838000000','RR/MM/DD HH24:MI:SSXFF'));
Insert into WORDCLOUD_LIST (WORD,COUNT,PART_OF_SPEECH,UPDATE_DATE,REG_DATE) values ('알다',3,'Verb',to_timestamp('17/02/17 14:22:09.758000000','RR/MM/DD HH24:MI:SSXFF'),to_timestamp('17/02/15 16:56:44.022000000','RR/MM/DD HH24:MI:SSXFF'));
Insert into WORDCLOUD_LIST (WORD,COUNT,PART_OF_SPEECH,UPDATE_DATE,REG_DATE) values ('일본',1,'ProperNoun',to_timestamp('17/02/15 16:56:44.022000000','RR/MM/DD HH24:MI:SSXFF'),to_timestamp('17/02/15 16:56:44.022000000','RR/MM/DD HH24:MI:SSXFF'));
Insert into WORDCLOUD_LIST (WORD,COUNT,PART_OF_SPEECH,UPDATE_DATE,REG_DATE) values ('#독도',1,'Hashtag',to_timestamp('17/02/15 16:56:44.022000000','RR/MM/DD HH24:MI:SSXFF'),to_timestamp('17/02/15 16:56:44.022000000','RR/MM/DD HH24:MI:SSXFF'));
Insert into WORDCLOUD_LIST (WORD,COUNT,PART_OF_SPEECH,UPDATE_DATE,REG_DATE) values ('땅',1,'Noun',to_timestamp('17/02/15 16:56:44.022000000','RR/MM/DD HH24:MI:SSXFF'),to_timestamp('17/02/15 16:56:44.022000000','RR/MM/DD HH24:MI:SSXFF'));
Insert into WORDCLOUD_LIST (WORD,COUNT,PART_OF_SPEECH,UPDATE_DATE,REG_DATE) values ('독도',1,'ProperNoun',to_timestamp('17/02/15 16:56:44.022000000','RR/MM/DD HH24:MI:SSXFF'),to_timestamp('17/02/15 16:56:44.022000000','RR/MM/DD HH24:MI:SSXFF'));
Insert into WORDCLOUD_LIST (WORD,COUNT,PART_OF_SPEECH,UPDATE_DATE,REG_DATE) values ('#다케시마',1,'Hashtag',to_timestamp('17/02/15 16:56:44.022000000','RR/MM/DD HH24:MI:SSXFF'),to_timestamp('17/02/15 16:56:44.022000000','RR/MM/DD HH24:MI:SSXFF'));
Insert into WORDCLOUD_LIST (WORD,COUNT,PART_OF_SPEECH,UPDATE_DATE,REG_DATE) values ('붕붕',1,'ProperNoun',to_timestamp('17/02/16 15:37:35.913000000','RR/MM/DD HH24:MI:SSXFF'),to_timestamp('17/02/16 15:37:35.913000000','RR/MM/DD HH24:MI:SSXFF'));
Insert into WORDCLOUD_LIST (WORD,COUNT,PART_OF_SPEECH,UPDATE_DATE,REG_DATE) values ('마음껏',1,'Noun',to_timestamp('17/02/16 15:39:29.256000000','RR/MM/DD HH24:MI:SSXFF'),to_timestamp('17/02/16 15:39:29.256000000','RR/MM/DD HH24:MI:SSXFF'));
Insert into WORDCLOUD_LIST (WORD,COUNT,PART_OF_SPEECH,UPDATE_DATE,REG_DATE) values ('좀',1,'Noun',to_timestamp('17/02/16 15:40:11.349000000','RR/MM/DD HH24:MI:SSXFF'),to_timestamp('17/02/16 15:40:11.349000000','RR/MM/DD HH24:MI:SSXFF'));
Insert into WORDCLOUD_LIST (WORD,COUNT,PART_OF_SPEECH,UPDATE_DATE,REG_DATE) values ('정유',1,'Noun',to_timestamp('17/02/16 15:40:11.349000000','RR/MM/DD HH24:MI:SSXFF'),to_timestamp('17/02/16 15:40:11.349000000','RR/MM/DD HH24:MI:SSXFF'));
Insert into WORDCLOUD_LIST (WORD,COUNT,PART_OF_SPEECH,UPDATE_DATE,REG_DATE) values ('나오다',1,'Verb',to_timestamp('17/02/16 15:40:11.349000000','RR/MM/DD HH24:MI:SSXFF'),to_timestamp('17/02/16 15:40:11.349000000','RR/MM/DD HH24:MI:SSXFF'));
Insert into WORDCLOUD_LIST (WORD,COUNT,PART_OF_SPEECH,UPDATE_DATE,REG_DATE) values ('띠리리',1,'Noun',to_timestamp('17/02/16 15:40:11.349000000','RR/MM/DD HH24:MI:SSXFF'),to_timestamp('17/02/16 15:40:11.349000000','RR/MM/DD HH24:MI:SSXFF'));
Insert into WORDCLOUD_LIST (WORD,COUNT,PART_OF_SPEECH,UPDATE_DATE,REG_DATE) values ('여기',2,'Noun',to_timestamp('17/02/16 15:40:11.349000000','RR/MM/DD HH24:MI:SSXFF'),to_timestamp('17/02/16 15:40:11.349000000','RR/MM/DD HH24:MI:SSXFF'));
Insert into WORDCLOUD_LIST (WORD,COUNT,PART_OF_SPEECH,UPDATE_DATE,REG_DATE) values ('찍다',2,'Verb',to_timestamp('17/02/16 15:40:11.349000000','RR/MM/DD HH24:MI:SSXFF'),to_timestamp('17/02/16 15:40:11.349000000','RR/MM/DD HH24:MI:SSXFF'));
Insert into WORDCLOUD_LIST (WORD,COUNT,PART_OF_SPEECH,UPDATE_DATE,REG_DATE) values ('독서',3,'Noun',to_timestamp('17/02/16 15:40:50.662000000','RR/MM/DD HH24:MI:SSXFF'),to_timestamp('17/02/16 15:40:39.892000000','RR/MM/DD HH24:MI:SSXFF'));
Insert into WORDCLOUD_LIST (WORD,COUNT,PART_OF_SPEECH,UPDATE_DATE,REG_DATE) values ('말다',3,'Verb',to_timestamp('17/02/16 15:45:30.329000000','RR/MM/DD HH24:MI:SSXFF'),to_timestamp('17/02/16 15:40:39.892000000','RR/MM/DD HH24:MI:SSXFF'));
Insert into WORDCLOUD_LIST (WORD,COUNT,PART_OF_SPEECH,UPDATE_DATE,REG_DATE) values ('아무',1,'Noun',to_timestamp('17/02/16 15:40:39.892000000','RR/MM/DD HH24:MI:SSXFF'),to_timestamp('17/02/16 15:40:39.892000000','RR/MM/DD HH24:MI:SSXFF'));
Insert into WORDCLOUD_LIST (WORD,COUNT,PART_OF_SPEECH,UPDATE_DATE,REG_DATE) values ('마음',2,'Noun',to_timestamp('17/02/16 15:44:57.564000000','RR/MM/DD HH24:MI:SSXFF'),to_timestamp('17/02/16 15:40:50.662000000','RR/MM/DD HH24:MI:SSXFF'));
Insert into WORDCLOUD_LIST (WORD,COUNT,PART_OF_SPEECH,UPDATE_DATE,REG_DATE) values ('책',6,'Noun',to_timestamp('17/02/16 15:40:50.662000000','RR/MM/DD HH24:MI:SSXFF'),to_timestamp('17/02/16 15:40:50.662000000','RR/MM/DD HH24:MI:SSXFF'));
Insert into WORDCLOUD_LIST (WORD,COUNT,PART_OF_SPEECH,UPDATE_DATE,REG_DATE) values ('다스리다',1,'Verb',to_timestamp('17/02/16 15:40:50.662000000','RR/MM/DD HH24:MI:SSXFF'),to_timestamp('17/02/16 15:40:50.662000000','RR/MM/DD HH24:MI:SSXFF'));
Insert into WORDCLOUD_LIST (WORD,COUNT,PART_OF_SPEECH,UPDATE_DATE,REG_DATE) values ('음',1,'Noun',to_timestamp('17/02/16 15:40:50.662000000','RR/MM/DD HH24:MI:SSXFF'),to_timestamp('17/02/16 15:40:50.662000000','RR/MM/DD HH24:MI:SSXFF'));
Insert into WORDCLOUD_LIST (WORD,COUNT,PART_OF_SPEECH,UPDATE_DATE,REG_DATE) values ('읽다',3,'Verb',to_timestamp('17/02/16 15:40:50.662000000','RR/MM/DD HH24:MI:SSXFF'),to_timestamp('17/02/16 15:40:50.662000000','RR/MM/DD HH24:MI:SSXFF'));
Insert into WORDCLOUD_LIST (WORD,COUNT,PART_OF_SPEECH,UPDATE_DATE,REG_DATE) values ('삐',3,'Noun',to_timestamp('17/02/16 15:41:51.751000000','RR/MM/DD HH24:MI:SSXFF'),to_timestamp('17/02/16 15:41:51.751000000','RR/MM/DD HH24:MI:SSXFF'));
Insert into WORDCLOUD_LIST (WORD,COUNT,PART_OF_SPEECH,UPDATE_DATE,REG_DATE) values ('에니스',3,'ProperNoun',to_timestamp('17/02/16 15:41:51.751000000','RR/MM/DD HH24:MI:SSXFF'),to_timestamp('17/02/16 15:41:51.751000000','RR/MM/DD HH24:MI:SSXFF'));
Insert into WORDCLOUD_LIST (WORD,COUNT,PART_OF_SPEECH,UPDATE_DATE,REG_DATE) values ('트',3,'ProperNoun',to_timestamp('17/02/16 15:41:51.751000000','RR/MM/DD HH24:MI:SSXFF'),to_timestamp('17/02/16 15:41:51.751000000','RR/MM/DD HH24:MI:SSXFF'));
Insert into WORDCLOUD_LIST (WORD,COUNT,PART_OF_SPEECH,UPDATE_DATE,REG_DATE) values ('걸다',1,'Verb',to_timestamp('17/02/16 15:41:51.751000000','RR/MM/DD HH24:MI:SSXFF'),to_timestamp('17/02/16 15:41:51.751000000','RR/MM/DD HH24:MI:SSXFF'));
Insert into WORDCLOUD_LIST (WORD,COUNT,PART_OF_SPEECH,UPDATE_DATE,REG_DATE) values ('애',1,'Noun',to_timestamp('17/02/16 15:42:26.433000000','RR/MM/DD HH24:MI:SSXFF'),to_timestamp('17/02/16 15:42:26.433000000','RR/MM/DD HH24:MI:SSXFF'));
Insert into WORDCLOUD_LIST (WORD,COUNT,PART_OF_SPEECH,UPDATE_DATE,REG_DATE) values ('나아가다',1,'Verb',to_timestamp('17/02/16 15:42:26.433000000','RR/MM/DD HH24:MI:SSXFF'),to_timestamp('17/02/16 15:42:26.433000000','RR/MM/DD HH24:MI:SSXFF'));
Insert into WORDCLOUD_LIST (WORD,COUNT,PART_OF_SPEECH,UPDATE_DATE,REG_DATE) values ('보',1,'Noun',to_timestamp('17/02/16 15:42:26.433000000','RR/MM/DD HH24:MI:SSXFF'),to_timestamp('17/02/16 15:42:26.433000000','RR/MM/DD HH24:MI:SSXFF'));
Insert into WORDCLOUD_LIST (WORD,COUNT,PART_OF_SPEECH,UPDATE_DATE,REG_DATE) values ('애기',1,'Noun',to_timestamp('17/02/16 15:42:26.433000000','RR/MM/DD HH24:MI:SSXFF'),to_timestamp('17/02/16 15:42:26.433000000','RR/MM/DD HH24:MI:SSXFF'));
Insert into WORDCLOUD_LIST (WORD,COUNT,PART_OF_SPEECH,UPDATE_DATE,REG_DATE) values ('보육원',1,'Noun',to_timestamp('17/02/16 15:42:26.433000000','RR/MM/DD HH24:MI:SSXFF'),to_timestamp('17/02/16 15:42:26.433000000','RR/MM/DD HH24:MI:SSXFF'));
Insert into WORDCLOUD_LIST (WORD,COUNT,PART_OF_SPEECH,UPDATE_DATE,REG_DATE) values ('보여주다',1,'Verb',to_timestamp('17/02/16 15:43:47.114000000','RR/MM/DD HH24:MI:SSXFF'),to_timestamp('17/02/16 15:43:47.114000000','RR/MM/DD HH24:MI:SSXFF'));
Insert into WORDCLOUD_LIST (WORD,COUNT,PART_OF_SPEECH,UPDATE_DATE,REG_DATE) values ('남',2,'Noun',to_timestamp('17/02/16 15:43:47.114000000','RR/MM/DD HH24:MI:SSXFF'),to_timestamp('17/02/16 15:43:47.114000000','RR/MM/DD HH24:MI:SSXFF'));
Insert into WORDCLOUD_LIST (WORD,COUNT,PART_OF_SPEECH,UPDATE_DATE,REG_DATE) values ('아내',1,'Noun',to_timestamp('17/02/16 15:43:47.114000000','RR/MM/DD HH24:MI:SSXFF'),to_timestamp('17/02/16 15:43:47.114000000','RR/MM/DD HH24:MI:SSXFF'));
Insert into WORDCLOUD_LIST (WORD,COUNT,PART_OF_SPEECH,UPDATE_DATE,REG_DATE) values ('나이',1,'Noun',to_timestamp('17/02/16 15:43:47.114000000','RR/MM/DD HH24:MI:SSXFF'),to_timestamp('17/02/16 15:43:47.114000000','RR/MM/DD HH24:MI:SSXFF'));
Insert into WORDCLOUD_LIST (WORD,COUNT,PART_OF_SPEECH,UPDATE_DATE,REG_DATE) values ('녀석',1,'Noun',to_timestamp('17/02/16 15:43:47.114000000','RR/MM/DD HH24:MI:SSXFF'),to_timestamp('17/02/16 15:43:47.114000000','RR/MM/DD HH24:MI:SSXFF'));
Insert into WORDCLOUD_LIST (WORD,COUNT,PART_OF_SPEECH,UPDATE_DATE,REG_DATE) values ('모르다',1,'Verb',to_timestamp('17/02/16 15:43:47.114000000','RR/MM/DD HH24:MI:SSXFF'),to_timestamp('17/02/16 15:43:47.114000000','RR/MM/DD HH24:MI:SSXFF'));
Insert into WORDCLOUD_LIST (WORD,COUNT,PART_OF_SPEECH,UPDATE_DATE,REG_DATE) values ('집',1,'Noun',to_timestamp('17/02/16 15:43:47.114000000','RR/MM/DD HH24:MI:SSXFF'),to_timestamp('17/02/16 15:43:47.114000000','RR/MM/DD HH24:MI:SSXFF'));
Insert into WORDCLOUD_LIST (WORD,COUNT,PART_OF_SPEECH,UPDATE_DATE,REG_DATE) values ('꼴',1,'Noun',to_timestamp('17/02/16 15:43:47.114000000','RR/MM/DD HH24:MI:SSXFF'),to_timestamp('17/02/16 15:43:47.114000000','RR/MM/DD HH24:MI:SSXFF'));
Insert into WORDCLOUD_LIST (WORD,COUNT,PART_OF_SPEECH,UPDATE_DATE,REG_DATE) values ('밖',1,'Noun',to_timestamp('17/02/16 15:43:47.114000000','RR/MM/DD HH24:MI:SSXFF'),to_timestamp('17/02/16 15:43:47.114000000','RR/MM/DD HH24:MI:SSXFF'));
Insert into WORDCLOUD_LIST (WORD,COUNT,PART_OF_SPEECH,UPDATE_DATE,REG_DATE) values ('유부',2,'Noun',to_timestamp('17/02/16 15:43:47.114000000','RR/MM/DD HH24:MI:SSXFF'),to_timestamp('17/02/16 15:43:47.114000000','RR/MM/DD HH24:MI:SSXFF'));
Insert into WORDCLOUD_LIST (WORD,COUNT,PART_OF_SPEECH,UPDATE_DATE,REG_DATE) values ('취급',1,'Noun',to_timestamp('17/02/16 15:43:47.114000000','RR/MM/DD HH24:MI:SSXFF'),to_timestamp('17/02/16 15:43:47.114000000','RR/MM/DD HH24:MI:SSXFF'));
Insert into WORDCLOUD_LIST (WORD,COUNT,PART_OF_SPEECH,UPDATE_DATE,REG_DATE) values ('치',1,'Noun',to_timestamp('17/02/16 15:43:47.114000000','RR/MM/DD HH24:MI:SSXFF'),to_timestamp('17/02/16 15:43:47.114000000','RR/MM/DD HH24:MI:SSXFF'));
Insert into WORDCLOUD_LIST (WORD,COUNT,PART_OF_SPEECH,UPDATE_DATE,REG_DATE) values ('못',1,'Noun',to_timestamp('17/02/16 15:43:47.114000000','RR/MM/DD HH24:MI:SSXFF'),to_timestamp('17/02/16 15:43:47.114000000','RR/MM/DD HH24:MI:SSXFF'));
Insert into WORDCLOUD_LIST (WORD,COUNT,PART_OF_SPEECH,UPDATE_DATE,REG_DATE) values ('받다',1,'Verb',to_timestamp('17/02/16 15:43:47.114000000','RR/MM/DD HH24:MI:SSXFF'),to_timestamp('17/02/16 15:43:47.114000000','RR/MM/DD HH24:MI:SSXFF'));
Insert into WORDCLOUD_LIST (WORD,COUNT,PART_OF_SPEECH,UPDATE_DATE,REG_DATE) values ('저',3,'Noun',to_timestamp('17/02/16 15:52:53.729000000','RR/MM/DD HH24:MI:SSXFF'),to_timestamp('17/02/16 15:44:57.564000000','RR/MM/DD HH24:MI:SSXFF'));
Insert into WORDCLOUD_LIST (WORD,COUNT,PART_OF_SPEECH,UPDATE_DATE,REG_DATE) values ('장인',1,'ProperNoun',to_timestamp('17/02/16 15:44:57.564000000','RR/MM/DD HH24:MI:SSXFF'),to_timestamp('17/02/16 15:44:57.564000000','RR/MM/DD HH24:MI:SSXFF'));
Insert into WORDCLOUD_LIST (WORD,COUNT,PART_OF_SPEECH,UPDATE_DATE,REG_DATE) values ('더욱',1,'Noun',to_timestamp('17/02/16 15:44:57.564000000','RR/MM/DD HH24:MI:SSXFF'),to_timestamp('17/02/16 15:44:57.564000000','RR/MM/DD HH24:MI:SSXFF'));
Insert into WORDCLOUD_LIST (WORD,COUNT,PART_OF_SPEECH,UPDATE_DATE,REG_DATE) values ('찍',1,'Noun',to_timestamp('17/02/16 15:44:57.564000000','RR/MM/DD HH24:MI:SSXFF'),to_timestamp('17/02/16 15:44:57.564000000','RR/MM/DD HH24:MI:SSXFF'));
Insert into WORDCLOUD_LIST (WORD,COUNT,PART_OF_SPEECH,UPDATE_DATE,REG_DATE) values ('점수',2,'Noun',to_timestamp('17/02/16 15:44:57.564000000','RR/MM/DD HH24:MI:SSXFF'),to_timestamp('17/02/16 15:44:57.564000000','RR/MM/DD HH24:MI:SSXFF'));
Insert into WORDCLOUD_LIST (WORD,COUNT,PART_OF_SPEECH,UPDATE_DATE,REG_DATE) values ('지금',1,'Noun',to_timestamp('17/02/16 15:44:57.564000000','RR/MM/DD HH24:MI:SSXFF'),to_timestamp('17/02/16 15:44:57.564000000','RR/MM/DD HH24:MI:SSXFF'));
Insert into WORDCLOUD_LIST (WORD,COUNT,PART_OF_SPEECH,UPDATE_DATE,REG_DATE) values ('워치',2,'ProperNoun',to_timestamp('17/02/16 15:44:57.564000000','RR/MM/DD HH24:MI:SSXFF'),to_timestamp('17/02/16 15:44:57.564000000','RR/MM/DD HH24:MI:SSXFF'));
Insert into WORDCLOUD_LIST (WORD,COUNT,PART_OF_SPEECH,UPDATE_DATE,REG_DATE) values ('더',1,'Noun',to_timestamp('17/02/16 15:44:57.564000000','RR/MM/DD HH24:MI:SSXFF'),to_timestamp('17/02/16 15:44:57.564000000','RR/MM/DD HH24:MI:SSXFF'));
Insert into WORDCLOUD_LIST (WORD,COUNT,PART_OF_SPEECH,UPDATE_DATE,REG_DATE) values ('싶다',1,'Verb',to_timestamp('17/02/16 15:44:57.564000000','RR/MM/DD HH24:MI:SSXFF'),to_timestamp('17/02/16 15:44:57.564000000','RR/MM/DD HH24:MI:SSXFF'));
Insert into WORDCLOUD_LIST (WORD,COUNT,PART_OF_SPEECH,UPDATE_DATE,REG_DATE) values ('오버',2,'ProperNoun',to_timestamp('17/02/16 15:44:57.564000000','RR/MM/DD HH24:MI:SSXFF'),to_timestamp('17/02/16 15:44:57.564000000','RR/MM/DD HH24:MI:SSXFF'));
Insert into WORDCLOUD_LIST (WORD,COUNT,PART_OF_SPEECH,UPDATE_DATE,REG_DATE) values ('유지',1,'Noun',to_timestamp('17/02/16 15:44:57.564000000','RR/MM/DD HH24:MI:SSXFF'),to_timestamp('17/02/16 15:44:57.564000000','RR/MM/DD HH24:MI:SSXFF'));
Insert into WORDCLOUD_LIST (WORD,COUNT,PART_OF_SPEECH,UPDATE_DATE,REG_DATE) values ('올리다',1,'Verb',to_timestamp('17/02/16 15:44:57.564000000','RR/MM/DD HH24:MI:SSXFF'),to_timestamp('17/02/16 15:44:57.564000000','RR/MM/DD HH24:MI:SSXFF'));
Insert into WORDCLOUD_LIST (WORD,COUNT,PART_OF_SPEECH,UPDATE_DATE,REG_DATE) values ('그랜드마스터',1,'Noun',to_timestamp('17/02/16 15:44:57.564000000','RR/MM/DD HH24:MI:SSXFF'),to_timestamp('17/02/16 15:44:57.564000000','RR/MM/DD HH24:MI:SSXFF'));
Insert into WORDCLOUD_LIST (WORD,COUNT,PART_OF_SPEECH,UPDATE_DATE,REG_DATE) values ('데스',1,'Noun',to_timestamp('17/02/16 15:48:07.460000000','RR/MM/DD HH24:MI:SSXFF'),to_timestamp('17/02/16 15:48:07.460000000','RR/MM/DD HH24:MI:SSXFF'));
Insert into WORDCLOUD_LIST (WORD,COUNT,PART_OF_SPEECH,UPDATE_DATE,REG_DATE) values ('짱꼴라',2,'Noun',to_timestamp('17/02/16 15:48:07.460000000','RR/MM/DD HH24:MI:SSXFF'),to_timestamp('17/02/16 15:48:07.460000000','RR/MM/DD HH24:MI:SSXFF'));
Insert into WORDCLOUD_LIST (WORD,COUNT,PART_OF_SPEECH,UPDATE_DATE,REG_DATE) values ('가죽공예',2,'Noun',to_timestamp('17/02/16 15:48:35.273000000','RR/MM/DD HH24:MI:SSXFF'),to_timestamp('17/02/16 15:48:35.273000000','RR/MM/DD HH24:MI:SSXFF'));
Insert into WORDCLOUD_LIST (WORD,COUNT,PART_OF_SPEECH,UPDATE_DATE,REG_DATE) values ('정말',3,'Noun',to_timestamp('17/02/20 12:31:09.376000000','RR/MM/DD HH24:MI:SSXFF'),to_timestamp('17/02/16 15:52:53.729000000','RR/MM/DD HH24:MI:SSXFF'));
Insert into WORDCLOUD_LIST (WORD,COUNT,PART_OF_SPEECH,UPDATE_DATE,REG_DATE) values ('방성',2,'Noun',to_timestamp('17/02/17 14:22:09.758000000','RR/MM/DD HH24:MI:SSXFF'),to_timestamp('17/02/17 14:22:09.696000000','RR/MM/DD HH24:MI:SSXFF'));
Insert into WORDCLOUD_LIST (WORD,COUNT,PART_OF_SPEECH,UPDATE_DATE,REG_DATE) values ('일화',2,'Noun',to_timestamp('17/02/17 14:22:09.758000000','RR/MM/DD HH24:MI:SSXFF'),to_timestamp('17/02/17 14:22:09.696000000','RR/MM/DD HH24:MI:SSXFF'));
Insert into WORDCLOUD_LIST (WORD,COUNT,PART_OF_SPEECH,UPDATE_DATE,REG_DATE) values ('신혼',4,'Noun',to_timestamp('17/02/17 14:22:09.758000000','RR/MM/DD HH24:MI:SSXFF'),to_timestamp('17/02/17 14:22:09.696000000','RR/MM/DD HH24:MI:SSXFF'));
Insert into WORDCLOUD_LIST (WORD,COUNT,PART_OF_SPEECH,UPDATE_DATE,REG_DATE) values ('앵무',2,'ProperNoun',to_timestamp('17/02/17 14:22:09.758000000','RR/MM/DD HH24:MI:SSXFF'),to_timestamp('17/02/17 14:22:09.696000000','RR/MM/DD HH24:MI:SSXFF'));
Insert into WORDCLOUD_LIST (WORD,COUNT,PART_OF_SPEECH,UPDATE_DATE,REG_DATE) values ('정별후',2,'Noun',to_timestamp('17/02/17 14:22:09.758000000','RR/MM/DD HH24:MI:SSXFF'),to_timestamp('17/02/17 14:22:09.696000000','RR/MM/DD HH24:MI:SSXFF'));
Insert into WORDCLOUD_LIST (WORD,COUNT,PART_OF_SPEECH,UPDATE_DATE,REG_DATE) values ('어이',2,'Noun',to_timestamp('17/02/17 14:22:09.758000000','RR/MM/DD HH24:MI:SSXFF'),to_timestamp('17/02/17 14:22:09.696000000','RR/MM/DD HH24:MI:SSXFF'));
Insert into WORDCLOUD_LIST (WORD,COUNT,PART_OF_SPEECH,UPDATE_DATE,REG_DATE) values ('일',2,'Noun',to_timestamp('17/02/17 14:22:09.758000000','RR/MM/DD HH24:MI:SSXFF'),to_timestamp('17/02/17 14:22:09.696000000','RR/MM/DD HH24:MI:SSXFF'));
Insert into WORDCLOUD_LIST (WORD,COUNT,PART_OF_SPEECH,UPDATE_DATE,REG_DATE) values ('울음',2,'Noun',to_timestamp('17/02/17 14:22:09.758000000','RR/MM/DD HH24:MI:SSXFF'),to_timestamp('17/02/17 14:22:09.696000000','RR/MM/DD HH24:MI:SSXFF'));
Insert into WORDCLOUD_LIST (WORD,COUNT,PART_OF_SPEECH,UPDATE_DATE,REG_DATE) values ('겨를',2,'Noun',to_timestamp('17/02/17 14:22:09.758000000','RR/MM/DD HH24:MI:SSXFF'),to_timestamp('17/02/17 14:22:09.696000000','RR/MM/DD HH24:MI:SSXFF'));
Insert into WORDCLOUD_LIST (WORD,COUNT,PART_OF_SPEECH,UPDATE_DATE,REG_DATE) values ('팀',1,'Noun',to_timestamp('17/02/20 12:23:36.403000000','RR/MM/DD HH24:MI:SSXFF'),to_timestamp('17/02/20 12:23:36.403000000','RR/MM/DD HH24:MI:SSXFF'));
Insert into WORDCLOUD_LIST (WORD,COUNT,PART_OF_SPEECH,UPDATE_DATE,REG_DATE) values ('#태그',1,'Hashtag',to_timestamp('17/02/20 12:31:09.376000000','RR/MM/DD HH24:MI:SSXFF'),to_timestamp('17/02/20 12:31:09.376000000','RR/MM/DD HH24:MI:SSXFF'));
Insert into WORDCLOUD_LIST (WORD,COUNT,PART_OF_SPEECH,UPDATE_DATE,REG_DATE) values ('#추가',1,'Hashtag',to_timestamp('17/02/20 12:31:09.376000000','RR/MM/DD HH24:MI:SSXFF'),to_timestamp('17/02/20 12:31:09.376000000','RR/MM/DD HH24:MI:SSXFF'));
Insert into WORDCLOUD_LIST (WORD,COUNT,PART_OF_SPEECH,UPDATE_DATE,REG_DATE) values ('#그후',1,'Hashtag',to_timestamp('17/02/20 12:31:09.376000000','RR/MM/DD HH24:MI:SSXFF'),to_timestamp('17/02/20 12:31:09.376000000','RR/MM/DD HH24:MI:SSXFF'));
Insert into WORDCLOUD_LIST (WORD,COUNT,PART_OF_SPEECH,UPDATE_DATE,REG_DATE) values ('일이',2,'Noun',to_timestamp('17/02/16 15:45:30.329000000','RR/MM/DD HH24:MI:SSXFF'),to_timestamp('17/02/16 15:45:30.313000000','RR/MM/DD HH24:MI:SSXFF'));
Insert into WORDCLOUD_LIST (WORD,COUNT,PART_OF_SPEECH,UPDATE_DATE,REG_DATE) values ('니',2,'Noun',to_timestamp('17/02/13 09:23:32.755000000','RR/MM/DD HH24:MI:SSXFF'),to_timestamp('17/02/09 17:31:27.628000000','RR/MM/DD HH24:MI:SSXFF'));
Insert into WORDCLOUD_LIST (WORD,COUNT,PART_OF_SPEECH,UPDATE_DATE,REG_DATE) values ('짓',2,'Noun',to_timestamp('17/02/16 15:45:30.329000000','RR/MM/DD HH24:MI:SSXFF'),to_timestamp('17/02/16 15:45:30.313000000','RR/MM/DD HH24:MI:SSXFF'));
Insert into WORDCLOUD_LIST (WORD,COUNT,PART_OF_SPEECH,UPDATE_DATE,REG_DATE) values ('강사',1,'Noun',to_timestamp('17/02/10 10:45:45.092000000','RR/MM/DD HH24:MI:SSXFF'),to_timestamp('17/02/10 10:45:45.092000000','RR/MM/DD HH24:MI:SSXFF'));
Insert into WORDCLOUD_LIST (WORD,COUNT,PART_OF_SPEECH,UPDATE_DATE,REG_DATE) values ('우리',9,'Noun',to_timestamp('17/02/16 15:43:47.114000000','RR/MM/DD HH24:MI:SSXFF'),to_timestamp('17/02/10 10:45:45.092000000','RR/MM/DD HH24:MI:SSXFF'));
Insert into WORDCLOUD_LIST (WORD,COUNT,PART_OF_SPEECH,UPDATE_DATE,REG_DATE) values ('모',3,'Noun',to_timestamp('17/02/10 11:07:32.849000000','RR/MM/DD HH24:MI:SSXFF'),to_timestamp('17/02/10 10:45:45.092000000','RR/MM/DD HH24:MI:SSXFF'));
Insert into WORDCLOUD_LIST (WORD,COUNT,PART_OF_SPEECH,UPDATE_DATE,REG_DATE) values ('사람',8,'Noun',to_timestamp('17/02/17 15:45:35.309000000','RR/MM/DD HH24:MI:SSXFF'),to_timestamp('17/02/10 10:45:45.092000000','RR/MM/DD HH24:MI:SSXFF'));
Insert into WORDCLOUD_LIST (WORD,COUNT,PART_OF_SPEECH,UPDATE_DATE,REG_DATE) values ('사랑',17,'Noun',to_timestamp('17/02/16 15:48:35.273000000','RR/MM/DD HH24:MI:SSXFF'),to_timestamp('17/02/10 10:45:45.092000000','RR/MM/DD HH24:MI:SSXFF'));
Insert into WORDCLOUD_LIST (WORD,COUNT,PART_OF_SPEECH,UPDATE_DATE,REG_DATE) values ('강아지',5,'Noun',to_timestamp('17/02/10 11:04:35.954000000','RR/MM/DD HH24:MI:SSXFF'),to_timestamp('17/02/10 10:45:45.092000000','RR/MM/DD HH24:MI:SSXFF'));
Insert into WORDCLOUD_LIST (WORD,COUNT,PART_OF_SPEECH,UPDATE_DATE,REG_DATE) values ('함께하다',4,'Verb',to_timestamp('17/02/10 11:06:08.287000000','RR/MM/DD HH24:MI:SSXFF'),to_timestamp('17/02/10 10:52:35.765000000','RR/MM/DD HH24:MI:SSXFF'));
Insert into WORDCLOUD_LIST (WORD,COUNT,PART_OF_SPEECH,UPDATE_DATE,REG_DATE) values ('고양이',2,'Noun',to_timestamp('17/02/17 15:45:35.309000000','RR/MM/DD HH24:MI:SSXFF'),to_timestamp('17/02/10 10:52:35.765000000','RR/MM/DD HH24:MI:SSXFF'));
Insert into WORDCLOUD_LIST (WORD,COUNT,PART_OF_SPEECH,UPDATE_DATE,REG_DATE) values ('유라',1,'ProperNoun',to_timestamp('17/02/10 10:52:35.765000000','RR/MM/DD HH24:MI:SSXFF'),to_timestamp('17/02/10 10:52:35.765000000','RR/MM/DD HH24:MI:SSXFF'));
Insert into WORDCLOUD_LIST (WORD,COUNT,PART_OF_SPEECH,UPDATE_DATE,REG_DATE) values ('분',5,'Noun',to_timestamp('17/02/17 14:40:16.047000000','RR/MM/DD HH24:MI:SSXFF'),to_timestamp('17/02/10 10:52:35.765000000','RR/MM/DD HH24:MI:SSXFF'));
Insert into WORDCLOUD_LIST (WORD,COUNT,PART_OF_SPEECH,UPDATE_DATE,REG_DATE) values ('모집',2,'Noun',to_timestamp('17/02/16 15:44:57.564000000','RR/MM/DD HH24:MI:SSXFF'),to_timestamp('17/02/10 10:52:35.765000000','RR/MM/DD HH24:MI:SSXFF'));
Insert into WORDCLOUD_LIST (WORD,COUNT,PART_OF_SPEECH,UPDATE_DATE,REG_DATE) values ('뽀치',3,'ProperNoun',to_timestamp('17/02/10 11:05:04.405000000','RR/MM/DD HH24:MI:SSXFF'),to_timestamp('17/02/10 10:52:35.765000000','RR/MM/DD HH24:MI:SSXFF'));
Insert into WORDCLOUD_LIST (WORD,COUNT,PART_OF_SPEECH,UPDATE_DATE,REG_DATE) values ('뽀꾸',1,'ProperNoun',to_timestamp('17/02/10 10:52:35.765000000','RR/MM/DD HH24:MI:SSXFF'),to_timestamp('17/02/10 10:52:35.765000000','RR/MM/DD HH24:MI:SSXFF'));
Insert into WORDCLOUD_LIST (WORD,COUNT,PART_OF_SPEECH,UPDATE_DATE,REG_DATE) values ('앤',1,'ProperNoun',to_timestamp('17/02/10 10:53:42.030000000','RR/MM/DD HH24:MI:SSXFF'),to_timestamp('17/02/10 10:53:42.030000000','RR/MM/DD HH24:MI:SSXFF'));
Insert into WORDCLOUD_LIST (WORD,COUNT,PART_OF_SPEECH,UPDATE_DATE,REG_DATE) values ('동물',3,'Noun',to_timestamp('17/02/10 14:39:05.414000000','RR/MM/DD HH24:MI:SSXFF'),to_timestamp('17/02/10 10:53:42.030000000','RR/MM/DD HH24:MI:SSXFF'));
Insert into WORDCLOUD_LIST (WORD,COUNT,PART_OF_SPEECH,UPDATE_DATE,REG_DATE) values ('물고기',1,'Noun',to_timestamp('17/02/10 10:53:42.030000000','RR/MM/DD HH24:MI:SSXFF'),to_timestamp('17/02/10 10:53:42.030000000','RR/MM/DD HH24:MI:SSXFF'));
Insert into WORDCLOUD_LIST (WORD,COUNT,PART_OF_SPEECH,UPDATE_DATE,REG_DATE) values ('그릴',1,'Noun',to_timestamp('17/02/10 10:53:42.030000000','RR/MM/DD HH24:MI:SSXFF'),to_timestamp('17/02/10 10:53:42.030000000','RR/MM/DD HH24:MI:SSXFF'));
Insert into WORDCLOUD_LIST (WORD,COUNT,PART_OF_SPEECH,UPDATE_DATE,REG_DATE) values ('여러분',4,'Noun',to_timestamp('17/02/16 15:45:30.329000000','RR/MM/DD HH24:MI:SSXFF'),to_timestamp('17/02/10 10:53:42.030000000','RR/MM/DD HH24:MI:SSXFF'));
Insert into WORDCLOUD_LIST (WORD,COUNT,PART_OF_SPEECH,UPDATE_DATE,REG_DATE) values ('피쉬',1,'ProperNoun',to_timestamp('17/02/10 10:53:42.030000000','RR/MM/DD HH24:MI:SSXFF'),to_timestamp('17/02/10 10:53:42.030000000','RR/MM/DD HH24:MI:SSXFF'));
Insert into WORDCLOUD_LIST (WORD,COUNT,PART_OF_SPEECH,UPDATE_DATE,REG_DATE) values ('생각',6,'Noun',to_timestamp('17/02/17 14:22:09.758000000','RR/MM/DD HH24:MI:SSXFF'),to_timestamp('17/02/10 10:53:42.030000000','RR/MM/DD HH24:MI:SSXFF'));
Insert into WORDCLOUD_LIST (WORD,COUNT,PART_OF_SPEECH,UPDATE_DATE,REG_DATE) values ('모이다',6,'Verb',to_timestamp('17/02/20 12:23:36.403000000','RR/MM/DD HH24:MI:SSXFF'),to_timestamp('17/02/10 10:53:42.030000000','RR/MM/DD HH24:MI:SSXFF'));
Insert into WORDCLOUD_LIST (WORD,COUNT,PART_OF_SPEECH,UPDATE_DATE,REG_DATE) values ('삼화',1,'ProperNoun',to_timestamp('17/02/10 11:04:14.048000000','RR/MM/DD HH24:MI:SSXFF'),to_timestamp('17/02/10 11:04:14.048000000','RR/MM/DD HH24:MI:SSXFF'));
Insert into WORDCLOUD_LIST (WORD,COUNT,PART_OF_SPEECH,UPDATE_DATE,REG_DATE) values ('이삼',1,'Noun',to_timestamp('17/02/10 11:04:14.048000000','RR/MM/DD HH24:MI:SSXFF'),to_timestamp('17/02/10 11:04:14.048000000','RR/MM/DD HH24:MI:SSXFF'));
Insert into WORDCLOUD_LIST (WORD,COUNT,PART_OF_SPEECH,UPDATE_DATE,REG_DATE) values ('화이팅',6,'Noun',to_timestamp('17/02/16 15:41:51.751000000','RR/MM/DD HH24:MI:SSXFF'),to_timestamp('17/02/10 11:04:14.048000000','RR/MM/DD HH24:MI:SSXFF'));
Insert into WORDCLOUD_LIST (WORD,COUNT,PART_OF_SPEECH,UPDATE_DATE,REG_DATE) values ('설치류',1,'Noun',to_timestamp('17/02/10 11:04:14.048000000','RR/MM/DD HH24:MI:SSXFF'),to_timestamp('17/02/10 11:04:14.048000000','RR/MM/DD HH24:MI:SSXFF'));
Insert into WORDCLOUD_LIST (WORD,COUNT,PART_OF_SPEECH,UPDATE_DATE,REG_DATE) values ('화이',1,'Noun',to_timestamp('17/02/10 11:04:14.048000000','RR/MM/DD HH24:MI:SSXFF'),to_timestamp('17/02/10 11:04:14.048000000','RR/MM/DD HH24:MI:SSXFF'));
Insert into WORDCLOUD_LIST (WORD,COUNT,PART_OF_SPEECH,UPDATE_DATE,REG_DATE) values ('설치',1,'Noun',to_timestamp('17/02/10 11:04:14.048000000','RR/MM/DD HH24:MI:SSXFF'),to_timestamp('17/02/10 11:04:14.048000000','RR/MM/DD HH24:MI:SSXFF'));
Insert into WORDCLOUD_LIST (WORD,COUNT,PART_OF_SPEECH,UPDATE_DATE,REG_DATE) values ('중치류',1,'Noun',to_timestamp('17/02/10 11:04:14.048000000','RR/MM/DD HH24:MI:SSXFF'),to_timestamp('17/02/10 11:04:14.048000000','RR/MM/DD HH24:MI:SSXFF'));
Insert into WORDCLOUD_LIST (WORD,COUNT,PART_OF_SPEECH,UPDATE_DATE,REG_DATE) values ('중치',1,'Noun',to_timestamp('17/02/10 11:04:14.048000000','RR/MM/DD HH24:MI:SSXFF'),to_timestamp('17/02/10 11:04:14.048000000','RR/MM/DD HH24:MI:SSXFF'));
Insert into WORDCLOUD_LIST (WORD,COUNT,PART_OF_SPEECH,UPDATE_DATE,REG_DATE) values ('밍키',2,'ProperNoun',to_timestamp('17/02/10 11:06:08.287000000','RR/MM/DD HH24:MI:SSXFF'),to_timestamp('17/02/10 11:04:35.954000000','RR/MM/DD HH24:MI:SSXFF'));
Insert into WORDCLOUD_LIST (WORD,COUNT,PART_OF_SPEECH,UPDATE_DATE,REG_DATE) values ('고요',1,'Noun',to_timestamp('17/02/10 11:05:04.405000000','RR/MM/DD HH24:MI:SSXFF'),to_timestamp('17/02/10 11:05:04.405000000','RR/MM/DD HH24:MI:SSXFF'));
Insert into WORDCLOUD_LIST (WORD,COUNT,PART_OF_SPEECH,UPDATE_DATE,REG_DATE) values ('뽀키',2,'ProperNoun',to_timestamp('17/02/10 11:05:04.405000000','RR/MM/DD HH24:MI:SSXFF'),to_timestamp('17/02/10 11:05:04.405000000','RR/MM/DD HH24:MI:SSXFF'));
Insert into WORDCLOUD_LIST (WORD,COUNT,PART_OF_SPEECH,UPDATE_DATE,REG_DATE) values ('반려동물',4,'ProperNoun',to_timestamp('17/02/10 11:07:32.849000000','RR/MM/DD HH24:MI:SSXFF'),to_timestamp('17/02/10 11:05:04.405000000','RR/MM/DD HH24:MI:SSXFF'));
Insert into WORDCLOUD_LIST (WORD,COUNT,PART_OF_SPEECH,UPDATE_DATE,REG_DATE) values ('투견',1,'Noun',to_timestamp('17/02/10 11:05:27.994000000','RR/MM/DD HH24:MI:SSXFF'),to_timestamp('17/02/10 11:05:27.994000000','RR/MM/DD HH24:MI:SSXFF'));
Insert into WORDCLOUD_LIST (WORD,COUNT,PART_OF_SPEECH,UPDATE_DATE,REG_DATE) values ('반사',2,'Noun',to_timestamp('17/02/10 11:07:32.849000000','RR/MM/DD HH24:MI:SSXFF'),to_timestamp('17/02/10 11:07:32.849000000','RR/MM/DD HH24:MI:SSXFF'));
Insert into WORDCLOUD_LIST (WORD,COUNT,PART_OF_SPEECH,UPDATE_DATE,REG_DATE) values ('철학',1,'Noun',to_timestamp('17/02/10 11:11:12.297000000','RR/MM/DD HH24:MI:SSXFF'),to_timestamp('17/02/10 11:11:12.297000000','RR/MM/DD HH24:MI:SSXFF'));
Insert into WORDCLOUD_LIST (WORD,COUNT,PART_OF_SPEECH,UPDATE_DATE,REG_DATE) values ('길',4,'Noun',to_timestamp('17/02/16 15:48:35.273000000','RR/MM/DD HH24:MI:SSXFF'),to_timestamp('17/02/10 11:11:12.297000000','RR/MM/DD HH24:MI:SSXFF'));
Insert into WORDCLOUD_LIST (WORD,COUNT,PART_OF_SPEECH,UPDATE_DATE,REG_DATE) values ('철학자',1,'Noun',to_timestamp('17/02/10 11:11:12.297000000','RR/MM/DD HH24:MI:SSXFF'),to_timestamp('17/02/10 11:11:12.297000000','RR/MM/DD HH24:MI:SSXFF'));
Insert into WORDCLOUD_LIST (WORD,COUNT,PART_OF_SPEECH,UPDATE_DATE,REG_DATE) values ('공부',1,'Noun',to_timestamp('17/02/10 11:11:12.297000000','RR/MM/DD HH24:MI:SSXFF'),to_timestamp('17/02/10 11:11:12.297000000','RR/MM/DD HH24:MI:SSXFF'));
Insert into WORDCLOUD_LIST (WORD,COUNT,PART_OF_SPEECH,UPDATE_DATE,REG_DATE) values ('그것',2,'Noun',to_timestamp('17/02/16 15:48:35.273000000','RR/MM/DD HH24:MI:SSXFF'),to_timestamp('17/02/10 11:11:12.297000000','RR/MM/DD HH24:MI:SSXFF'));
Insert into WORDCLOUD_LIST (WORD,COUNT,PART_OF_SPEECH,UPDATE_DATE,REG_DATE) values ('남자',2,'Noun',to_timestamp('17/02/16 15:48:35.273000000','RR/MM/DD HH24:MI:SSXFF'),to_timestamp('17/02/10 11:11:12.297000000','RR/MM/DD HH24:MI:SSXFF'));
Insert into WORDCLOUD_LIST (WORD,COUNT,PART_OF_SPEECH,UPDATE_DATE,REG_DATE) values ('바로',3,'Noun',to_timestamp('17/02/16 15:48:35.273000000','RR/MM/DD HH24:MI:SSXFF'),to_timestamp('17/02/10 11:11:12.297000000','RR/MM/DD HH24:MI:SSXFF'));
Insert into WORDCLOUD_LIST (WORD,COUNT,PART_OF_SPEECH,UPDATE_DATE,REG_DATE) values ('커피',1,'Noun',to_timestamp('17/02/10 11:12:03.040000000','RR/MM/DD HH24:MI:SSXFF'),to_timestamp('17/02/10 11:12:03.040000000','RR/MM/DD HH24:MI:SSXFF'));
Insert into WORDCLOUD_LIST (WORD,COUNT,PART_OF_SPEECH,UPDATE_DATE,REG_DATE) values ('따다',5,'Verb',to_timestamp('17/02/17 14:22:09.758000000','RR/MM/DD HH24:MI:SSXFF'),to_timestamp('17/02/10 11:12:03.040000000','RR/MM/DD HH24:MI:SSXFF'));
Insert into WORDCLOUD_LIST (WORD,COUNT,PART_OF_SPEECH,UPDATE_DATE,REG_DATE) values ('한잔',2,'Noun',to_timestamp('17/02/10 14:03:04.687000000','RR/MM/DD HH24:MI:SSXFF'),to_timestamp('17/02/10 11:12:03.040000000','RR/MM/DD HH24:MI:SSXFF'));
Insert into WORDCLOUD_LIST (WORD,COUNT,PART_OF_SPEECH,UPDATE_DATE,REG_DATE) values ('지치다',1,'Verb',to_timestamp('17/02/10 11:12:03.040000000','RR/MM/DD HH24:MI:SSXFF'),to_timestamp('17/02/10 11:12:03.040000000','RR/MM/DD HH24:MI:SSXFF'));
Insert into WORDCLOUD_LIST (WORD,COUNT,PART_OF_SPEECH,UPDATE_DATE,REG_DATE) values ('아빠',2,'Noun',to_timestamp('17/02/10 11:12:03.040000000','RR/MM/DD HH24:MI:SSXFF'),to_timestamp('17/02/10 11:12:03.040000000','RR/MM/DD HH24:MI:SSXFF'));
Insert into WORDCLOUD_LIST (WORD,COUNT,PART_OF_SPEECH,UPDATE_DATE,REG_DATE) values ('가다',4,'Verb',to_timestamp('17/02/17 15:45:35.309000000','RR/MM/DD HH24:MI:SSXFF'),to_timestamp('17/02/10 11:12:03.040000000','RR/MM/DD HH24:MI:SSXFF'));
Insert into WORDCLOUD_LIST (WORD,COUNT,PART_OF_SPEECH,UPDATE_DATE,REG_DATE) values ('되어다',1,'Verb',to_timestamp('17/02/10 11:12:03.040000000','RR/MM/DD HH24:MI:SSXFF'),to_timestamp('17/02/10 11:12:03.040000000','RR/MM/DD HH24:MI:SSXFF'));
Insert into WORDCLOUD_LIST (WORD,COUNT,PART_OF_SPEECH,UPDATE_DATE,REG_DATE) values ('털다',1,'Verb',to_timestamp('17/02/10 11:12:03.040000000','RR/MM/DD HH24:MI:SSXFF'),to_timestamp('17/02/10 11:12:03.040000000','RR/MM/DD HH24:MI:SSXFF'));
Insert into WORDCLOUD_LIST (WORD,COUNT,PART_OF_SPEECH,UPDATE_DATE,REG_DATE) values ('서로',1,'Noun',to_timestamp('17/02/10 11:12:03.040000000','RR/MM/DD HH24:MI:SSXFF'),to_timestamp('17/02/10 11:12:03.040000000','RR/MM/DD HH24:MI:SSXFF'));
Insert into WORDCLOUD_LIST (WORD,COUNT,PART_OF_SPEECH,UPDATE_DATE,REG_DATE) values ('힘',3,'Noun',to_timestamp('17/02/16 15:43:47.114000000','RR/MM/DD HH24:MI:SSXFF'),to_timestamp('17/02/10 11:12:03.040000000','RR/MM/DD HH24:MI:SSXFF'));
Insert into WORDCLOUD_LIST (WORD,COUNT,PART_OF_SPEECH,UPDATE_DATE,REG_DATE) values ('수',1,'Noun',to_timestamp('17/02/10 11:12:03.040000000','RR/MM/DD HH24:MI:SSXFF'),to_timestamp('17/02/10 11:12:03.040000000','RR/MM/DD HH24:MI:SSXFF'));
Insert into WORDCLOUD_LIST (WORD,COUNT,PART_OF_SPEECH,UPDATE_DATE,REG_DATE) values ('육아',1,'Noun',to_timestamp('17/02/10 11:12:03.040000000','RR/MM/DD HH24:MI:SSXFF'),to_timestamp('17/02/10 11:12:03.040000000','RR/MM/DD HH24:MI:SSXFF'));
Insert into WORDCLOUD_LIST (WORD,COUNT,PART_OF_SPEECH,UPDATE_DATE,REG_DATE) values ('고충',1,'Noun',to_timestamp('17/02/10 11:12:03.040000000','RR/MM/DD HH24:MI:SSXFF'),to_timestamp('17/02/10 11:12:03.040000000','RR/MM/DD HH24:MI:SSXFF'));
Insert into WORDCLOUD_LIST (WORD,COUNT,PART_OF_SPEECH,UPDATE_DATE,REG_DATE) values ('카페',2,'Noun',to_timestamp('17/02/17 15:45:35.309000000','RR/MM/DD HH24:MI:SSXFF'),to_timestamp('17/02/10 11:12:03.040000000','RR/MM/DD HH24:MI:SSXFF'));
Insert into WORDCLOUD_LIST (WORD,COUNT,PART_OF_SPEECH,UPDATE_DATE,REG_DATE) values ('다른',1,'Noun',to_timestamp('17/02/10 11:31:52.523000000','RR/MM/DD HH24:MI:SSXFF'),to_timestamp('17/02/10 11:31:52.523000000','RR/MM/DD HH24:MI:SSXFF'));
Insert into WORDCLOUD_LIST (WORD,COUNT,PART_OF_SPEECH,UPDATE_DATE,REG_DATE) values ('코알라',1,'ProperNoun',to_timestamp('17/02/10 11:31:52.523000000','RR/MM/DD HH24:MI:SSXFF'),to_timestamp('17/02/10 11:31:52.523000000','RR/MM/DD HH24:MI:SSXFF'));
Insert into WORDCLOUD_LIST (WORD,COUNT,PART_OF_SPEECH,UPDATE_DATE,REG_DATE) values ('보아',7,'ProperNoun',to_timestamp('17/02/16 15:42:26.433000000','RR/MM/DD HH24:MI:SSXFF'),to_timestamp('17/02/10 11:31:52.523000000','RR/MM/DD HH24:MI:SSXFF'));
Insert into WORDCLOUD_LIST (WORD,COUNT,PART_OF_SPEECH,UPDATE_DATE,REG_DATE) values ('감사',2,'Noun',to_timestamp('17/02/10 11:31:52.523000000','RR/MM/DD HH24:MI:SSXFF'),to_timestamp('17/02/10 11:31:52.523000000','RR/MM/DD HH24:MI:SSXFF'));
Insert into WORDCLOUD_LIST (WORD,COUNT,PART_OF_SPEECH,UPDATE_DATE,REG_DATE) values ('자다',3,'Verb',to_timestamp('17/02/17 14:22:09.758000000','RR/MM/DD HH24:MI:SSXFF'),to_timestamp('17/02/10 11:31:52.523000000','RR/MM/DD HH24:MI:SSXFF'));
Insert into WORDCLOUD_LIST (WORD,COUNT,PART_OF_SPEECH,UPDATE_DATE,REG_DATE) values ('잘되다',2,'Verb',to_timestamp('17/02/16 15:45:30.329000000','RR/MM/DD HH24:MI:SSXFF'),to_timestamp('17/02/16 15:45:30.313000000','RR/MM/DD HH24:MI:SSXFF'));
Insert into WORDCLOUD_LIST (WORD,COUNT,PART_OF_SPEECH,UPDATE_DATE,REG_DATE) values ('어제',1,'Noun',to_timestamp('17/02/10 11:31:52.523000000','RR/MM/DD HH24:MI:SSXFF'),to_timestamp('17/02/10 11:31:52.523000000','RR/MM/DD HH24:MI:SSXFF'));
Insert into WORDCLOUD_LIST (WORD,COUNT,PART_OF_SPEECH,UPDATE_DATE,REG_DATE) values ('또',1,'Noun',to_timestamp('17/02/10 11:31:52.523000000','RR/MM/DD HH24:MI:SSXFF'),to_timestamp('17/02/10 11:31:52.523000000','RR/MM/DD HH24:MI:SSXFF'));
Insert into WORDCLOUD_LIST (WORD,COUNT,PART_OF_SPEECH,UPDATE_DATE,REG_DATE) values ('만나다',1,'Verb',to_timestamp('17/02/10 11:31:52.523000000','RR/MM/DD HH24:MI:SSXFF'),to_timestamp('17/02/10 11:31:52.523000000','RR/MM/DD HH24:MI:SSXFF'));
Insert into WORDCLOUD_LIST (WORD,COUNT,PART_OF_SPEECH,UPDATE_DATE,REG_DATE) values ('회원',1,'Noun',to_timestamp('17/02/10 11:31:52.523000000','RR/MM/DD HH24:MI:SSXFF'),to_timestamp('17/02/10 11:31:52.523000000','RR/MM/DD HH24:MI:SSXFF'));
Insert into WORDCLOUD_LIST (WORD,COUNT,PART_OF_SPEECH,UPDATE_DATE,REG_DATE) values ('따르다',2,'Verb',to_timestamp('17/02/10 11:31:52.523000000','RR/MM/DD HH24:MI:SSXFF'),to_timestamp('17/02/10 11:31:52.523000000','RR/MM/DD HH24:MI:SSXFF'));
Insert into WORDCLOUD_LIST (WORD,COUNT,PART_OF_SPEECH,UPDATE_DATE,REG_DATE) values ('헐다',1,'Verb',to_timestamp('17/02/10 11:33:54.270000000','RR/MM/DD HH24:MI:SSXFF'),to_timestamp('17/02/10 11:33:54.270000000','RR/MM/DD HH24:MI:SSXFF'));
Insert into WORDCLOUD_LIST (WORD,COUNT,PART_OF_SPEECH,UPDATE_DATE,REG_DATE) values ('거',28,'Noun',to_timestamp('17/02/10 11:42:04.226000000','RR/MM/DD HH24:MI:SSXFF'),to_timestamp('17/02/10 11:42:04.226000000','RR/MM/DD HH24:MI:SSXFF'));
Insert into WORDCLOUD_LIST (WORD,COUNT,PART_OF_SPEECH,UPDATE_DATE,REG_DATE) values ('신',1,'Noun',to_timestamp('17/02/10 11:42:04.226000000','RR/MM/DD HH24:MI:SSXFF'),to_timestamp('17/02/10 11:42:04.226000000','RR/MM/DD HH24:MI:SSXFF'));
Insert into WORDCLOUD_LIST (WORD,COUNT,PART_OF_SPEECH,UPDATE_DATE,REG_DATE) values ('신고',27,'Noun',to_timestamp('17/02/10 11:42:04.226000000','RR/MM/DD HH24:MI:SSXFF'),to_timestamp('17/02/10 11:42:04.226000000','RR/MM/DD HH24:MI:SSXFF'));
Insert into WORDCLOUD_LIST (WORD,COUNT,PART_OF_SPEECH,UPDATE_DATE,REG_DATE) values ('오타쿠',1,'ProperNoun',to_timestamp('17/02/10 12:42:19.583000000','RR/MM/DD HH24:MI:SSXFF'),to_timestamp('17/02/10 12:42:19.583000000','RR/MM/DD HH24:MI:SSXFF'));
Insert into WORDCLOUD_LIST (WORD,COUNT,PART_OF_SPEECH,UPDATE_DATE,REG_DATE) values ('조쿠',1,'ProperNoun',to_timestamp('17/02/10 12:42:19.583000000','RR/MM/DD HH24:MI:SSXFF'),to_timestamp('17/02/10 12:42:19.583000000','RR/MM/DD HH24:MI:SSXFF'));
Insert into WORDCLOUD_LIST (WORD,COUNT,PART_OF_SPEECH,UPDATE_DATE,REG_DATE) values ('우진',1,'ProperNoun',to_timestamp('17/02/10 12:42:19.583000000','RR/MM/DD HH24:MI:SSXFF'),to_timestamp('17/02/10 12:42:19.583000000','RR/MM/DD HH24:MI:SSXFF'));
Insert into WORDCLOUD_LIST (WORD,COUNT,PART_OF_SPEECH,UPDATE_DATE,REG_DATE) values ('백두산',2,'Noun',to_timestamp('17/02/10 14:03:58.346000000','RR/MM/DD HH24:MI:SSXFF'),to_timestamp('17/02/10 14:03:58.346000000','RR/MM/DD HH24:MI:SSXFF'));
Insert into WORDCLOUD_LIST (WORD,COUNT,PART_OF_SPEECH,UPDATE_DATE,REG_DATE) values ('원정',4,'Noun',to_timestamp('17/02/10 14:04:29.217000000','RR/MM/DD HH24:MI:SSXFF'),to_timestamp('17/02/10 14:03:58.346000000','RR/MM/DD HH24:MI:SSXFF'));
Insert into WORDCLOUD_LIST (WORD,COUNT,PART_OF_SPEECH,UPDATE_DATE,REG_DATE) values ('설악산',2,'Noun',to_timestamp('17/02/10 14:04:13.856000000','RR/MM/DD HH24:MI:SSXFF'),to_timestamp('17/02/10 14:04:13.856000000','RR/MM/DD HH24:MI:SSXFF'));
Insert into WORDCLOUD_LIST (WORD,COUNT,PART_OF_SPEECH,UPDATE_DATE,REG_DATE) values ('가보다',3,'Verb',to_timestamp('17/02/16 15:52:53.729000000','RR/MM/DD HH24:MI:SSXFF'),to_timestamp('17/02/10 14:04:13.856000000','RR/MM/DD HH24:MI:SSXFF'));
Insert into WORDCLOUD_LIST (WORD,COUNT,PART_OF_SPEECH,UPDATE_DATE,REG_DATE) values ('한라산',2,'Noun',to_timestamp('17/02/10 14:04:29.217000000','RR/MM/DD HH24:MI:SSXFF'),to_timestamp('17/02/10 14:04:29.217000000','RR/MM/DD HH24:MI:SSXFF'));
Insert into WORDCLOUD_LIST (WORD,COUNT,PART_OF_SPEECH,UPDATE_DATE,REG_DATE) values ('구월산',2,'Noun',to_timestamp('17/02/10 14:04:51.262000000','RR/MM/DD HH24:MI:SSXFF'),to_timestamp('17/02/10 14:04:51.262000000','RR/MM/DD HH24:MI:SSXFF'));
Insert into WORDCLOUD_LIST (WORD,COUNT,PART_OF_SPEECH,UPDATE_DATE,REG_DATE) values ('야잇빠',1,'ProperNoun',to_timestamp('17/02/10 14:05:13.253000000','RR/MM/DD HH24:MI:SSXFF'),to_timestamp('17/02/10 14:05:13.253000000','RR/MM/DD HH24:MI:SSXFF'));
Insert into WORDCLOUD_LIST (WORD,COUNT,PART_OF_SPEECH,UPDATE_DATE,REG_DATE) values ('뵤',1,'ProperNoun',to_timestamp('17/02/10 14:05:58.566000000','RR/MM/DD HH24:MI:SSXFF'),to_timestamp('17/02/10 14:05:58.566000000','RR/MM/DD HH24:MI:SSXFF'));
Insert into WORDCLOUD_LIST (WORD,COUNT,PART_OF_SPEECH,UPDATE_DATE,REG_DATE) values ('모으다',2,'Verb',to_timestamp('17/02/10 14:05:58.566000000','RR/MM/DD HH24:MI:SSXFF'),to_timestamp('17/02/10 14:05:58.566000000','RR/MM/DD HH24:MI:SSXFF'));
Insert into WORDCLOUD_LIST (WORD,COUNT,PART_OF_SPEECH,UPDATE_DATE,REG_DATE) values ('#세종시',1,'Hashtag',to_timestamp('17/02/10 14:16:16.701000000','RR/MM/DD HH24:MI:SSXFF'),to_timestamp('17/02/10 14:16:16.701000000','RR/MM/DD HH24:MI:SSXFF'));
Insert into WORDCLOUD_LIST (WORD,COUNT,PART_OF_SPEECH,UPDATE_DATE,REG_DATE) values ('무용',1,'Noun',to_timestamp('17/02/10 14:16:16.701000000','RR/MM/DD HH24:MI:SSXFF'),to_timestamp('17/02/10 14:16:16.701000000','RR/MM/DD HH24:MI:SSXFF'));
Insert into WORDCLOUD_LIST (WORD,COUNT,PART_OF_SPEECH,UPDATE_DATE,REG_DATE) values ('#댄스',1,'Hashtag',to_timestamp('17/02/10 14:16:16.701000000','RR/MM/DD HH24:MI:SSXFF'),to_timestamp('17/02/10 14:16:16.701000000','RR/MM/DD HH24:MI:SSXFF'));
Insert into WORDCLOUD_LIST (WORD,COUNT,PART_OF_SPEECH,UPDATE_DATE,REG_DATE) values ('추다',3,'Verb',to_timestamp('17/02/17 14:22:09.758000000','RR/MM/DD HH24:MI:SSXFF'),to_timestamp('17/02/10 14:16:16.701000000','RR/MM/DD HH24:MI:SSXFF'));
Insert into WORDCLOUD_LIST (WORD,COUNT,PART_OF_SPEECH,UPDATE_DATE,REG_DATE) values ('사교',2,'Noun',to_timestamp('17/02/10 14:16:16.701000000','RR/MM/DD HH24:MI:SSXFF'),to_timestamp('17/02/10 14:16:16.701000000','RR/MM/DD HH24:MI:SSXFF'));
Insert into WORDCLOUD_LIST (WORD,COUNT,PART_OF_SPEECH,UPDATE_DATE,REG_DATE) values ('한판',1,'Noun',to_timestamp('17/02/10 14:16:16.701000000','RR/MM/DD HH24:MI:SSXFF'),to_timestamp('17/02/10 14:16:16.701000000','RR/MM/DD HH24:MI:SSXFF'));
Insert into WORDCLOUD_LIST (WORD,COUNT,PART_OF_SPEECH,UPDATE_DATE,REG_DATE) values ('감상',1,'Noun',to_timestamp('17/02/10 14:34:42.960000000','RR/MM/DD HH24:MI:SSXFF'),to_timestamp('17/02/10 14:34:42.960000000','RR/MM/DD HH24:MI:SSXFF'));
Insert into WORDCLOUD_LIST (WORD,COUNT,PART_OF_SPEECH,UPDATE_DATE,REG_DATE) values ('영화',1,'Noun',to_timestamp('17/02/10 14:34:42.960000000','RR/MM/DD HH24:MI:SSXFF'),to_timestamp('17/02/10 14:34:42.960000000','RR/MM/DD HH24:MI:SSXFF'));
Insert into WORDCLOUD_LIST (WORD,COUNT,PART_OF_SPEECH,UPDATE_DATE,REG_DATE) values ('공연',2,'Noun',to_timestamp('17/02/10 15:16:49.551000000','RR/MM/DD HH24:MI:SSXFF'),to_timestamp('17/02/10 14:35:34.533000000','RR/MM/DD HH24:MI:SSXFF'));
Insert into WORDCLOUD_LIST (WORD,COUNT,PART_OF_SPEECH,UPDATE_DATE,REG_DATE) values ('사진',4,'Noun',to_timestamp('17/02/16 15:40:11.349000000','RR/MM/DD HH24:MI:SSXFF'),to_timestamp('17/02/10 14:39:05.414000000','RR/MM/DD HH24:MI:SSXFF'));
Insert into WORDCLOUD_LIST (WORD,COUNT,PART_OF_SPEECH,UPDATE_DATE,REG_DATE) values ('모음',3,'Noun',to_timestamp('17/02/10 14:42:47.918000000','RR/MM/DD HH24:MI:SSXFF'),to_timestamp('17/02/10 14:39:05.414000000','RR/MM/DD HH24:MI:SSXFF'));
Insert into WORDCLOUD_LIST (WORD,COUNT,PART_OF_SPEECH,UPDATE_DATE,REG_DATE) values ('레이싱',2,'ProperNoun',to_timestamp('17/02/10 14:40:53.603000000','RR/MM/DD HH24:MI:SSXFF'),to_timestamp('17/02/10 14:40:53.603000000','RR/MM/DD HH24:MI:SSXFF'));
Insert into WORDCLOUD_LIST (WORD,COUNT,PART_OF_SPEECH,UPDATE_DATE,REG_DATE) values ('즐기다',2,'Verb',to_timestamp('17/02/10 14:40:53.603000000','RR/MM/DD HH24:MI:SSXFF'),to_timestamp('17/02/10 14:40:53.603000000','RR/MM/DD HH24:MI:SSXFF'));
Insert into WORDCLOUD_LIST (WORD,COUNT,PART_OF_SPEECH,UPDATE_DATE,REG_DATE) values ('자동차',2,'Noun',to_timestamp('17/02/10 14:42:47.918000000','RR/MM/DD HH24:MI:SSXFF'),to_timestamp('17/02/10 14:42:47.918000000','RR/MM/DD HH24:MI:SSXFF'));
Insert into WORDCLOUD_LIST (WORD,COUNT,PART_OF_SPEECH,UPDATE_DATE,REG_DATE) values ('다녀오다',1,'Verb',to_timestamp('17/02/10 14:48:17.540000000','RR/MM/DD HH24:MI:SSXFF'),to_timestamp('17/02/10 14:48:17.540000000','RR/MM/DD HH24:MI:SSXFF'));
Insert into WORDCLOUD_LIST (WORD,COUNT,PART_OF_SPEECH,UPDATE_DATE,REG_DATE) values ('말',5,'Noun',to_timestamp('17/02/17 14:22:09.758000000','RR/MM/DD HH24:MI:SSXFF'),to_timestamp('17/02/10 14:49:13.080000000','RR/MM/DD HH24:MI:SSXFF'));
Insert into WORDCLOUD_LIST (WORD,COUNT,PART_OF_SPEECH,UPDATE_DATE,REG_DATE) values ('핀란드',4,'Noun',to_timestamp('17/02/10 14:58:38.510000000','RR/MM/DD HH24:MI:SSXFF'),to_timestamp('17/02/10 14:58:38.476000000','RR/MM/DD HH24:MI:SSXFF'));
Insert into WORDCLOUD_LIST (WORD,COUNT,PART_OF_SPEECH,UPDATE_DATE,REG_DATE) values ('등록',1,'Noun',to_timestamp('17/02/10 17:28:46.847000000','RR/MM/DD HH24:MI:SSXFF'),to_timestamp('17/02/10 17:28:46.847000000','RR/MM/DD HH24:MI:SSXFF'));
Insert into WORDCLOUD_LIST (WORD,COUNT,PART_OF_SPEECH,UPDATE_DATE,REG_DATE) values ('결혼',6,'Noun',to_timestamp('17/02/16 15:45:30.329000000','RR/MM/DD HH24:MI:SSXFF'),to_timestamp('17/02/16 15:45:30.313000000','RR/MM/DD HH24:MI:SSXFF'));
Insert into WORDCLOUD_LIST (WORD,COUNT,PART_OF_SPEECH,UPDATE_DATE,REG_DATE) values ('하나',2,'Noun',to_timestamp('17/02/16 15:45:30.329000000','RR/MM/DD HH24:MI:SSXFF'),to_timestamp('17/02/16 15:45:30.313000000','RR/MM/DD HH24:MI:SSXFF'));
Insert into WORDCLOUD_LIST (WORD,COUNT,PART_OF_SPEECH,UPDATE_DATE,REG_DATE) values ('녀',2,'ProperNoun',to_timestamp('17/02/17 14:22:09.758000000','RR/MM/DD HH24:MI:SSXFF'),to_timestamp('17/02/17 14:22:09.696000000','RR/MM/DD HH24:MI:SSXFF'));
Insert into WORDCLOUD_LIST (WORD,COUNT,PART_OF_SPEECH,UPDATE_DATE,REG_DATE) values ('고혼',2,'Noun',to_timestamp('17/02/17 14:22:09.758000000','RR/MM/DD HH24:MI:SSXFF'),to_timestamp('17/02/17 14:22:09.696000000','RR/MM/DD HH24:MI:SSXFF'));
Insert into WORDCLOUD_LIST (WORD,COUNT,PART_OF_SPEECH,UPDATE_DATE,REG_DATE) values ('캐다',2,'Verb',to_timestamp('17/02/17 14:22:09.758000000','RR/MM/DD HH24:MI:SSXFF'),to_timestamp('17/02/17 14:22:09.696000000','RR/MM/DD HH24:MI:SSXFF'));
Insert into WORDCLOUD_LIST (WORD,COUNT,PART_OF_SPEECH,UPDATE_DATE,REG_DATE) values ('서다',2,'Verb',to_timestamp('17/02/17 14:22:09.758000000','RR/MM/DD HH24:MI:SSXFF'),to_timestamp('17/02/17 14:22:09.696000000','RR/MM/DD HH24:MI:SSXFF'));
Insert into WORDCLOUD_LIST (WORD,COUNT,PART_OF_SPEECH,UPDATE_DATE,REG_DATE) values ('뽕',4,'Noun',to_timestamp('17/02/17 14:22:09.758000000','RR/MM/DD HH24:MI:SSXFF'),to_timestamp('17/02/17 14:22:09.696000000','RR/MM/DD HH24:MI:SSXFF'));
Insert into WORDCLOUD_LIST (WORD,COUNT,PART_OF_SPEECH,UPDATE_DATE,REG_DATE) values ('옥중',2,'Noun',to_timestamp('17/02/17 14:22:09.758000000','RR/MM/DD HH24:MI:SSXFF'),to_timestamp('17/02/17 14:22:09.696000000','RR/MM/DD HH24:MI:SSXFF'));
Insert into WORDCLOUD_LIST (WORD,COUNT,PART_OF_SPEECH,UPDATE_DATE,REG_DATE) values ('재룡망채염',2,'ProperNoun',to_timestamp('17/02/17 14:22:09.758000000','RR/MM/DD HH24:MI:SSXFF'),to_timestamp('17/02/17 14:22:09.696000000','RR/MM/DD HH24:MI:SSXFF'));
Insert into WORDCLOUD_LIST (WORD,COUNT,PART_OF_SPEECH,UPDATE_DATE,REG_DATE) values ('내다',2,'Verb',to_timestamp('17/02/17 14:22:09.758000000','RR/MM/DD HH24:MI:SSXFF'),to_timestamp('17/02/17 14:22:09.696000000','RR/MM/DD HH24:MI:SSXFF'));
Insert into WORDCLOUD_LIST (WORD,COUNT,PART_OF_SPEECH,UPDATE_DATE,REG_DATE) values ('대우',2,'Noun',to_timestamp('17/02/17 14:22:09.758000000','RR/MM/DD HH24:MI:SSXFF'),to_timestamp('17/02/17 14:22:09.696000000','RR/MM/DD HH24:MI:SSXFF'));
Insert into WORDCLOUD_LIST (WORD,COUNT,PART_OF_SPEECH,UPDATE_DATE,REG_DATE) values ('무덤',4,'Noun',to_timestamp('17/02/17 14:22:09.758000000','RR/MM/DD HH24:MI:SSXFF'),to_timestamp('17/02/17 14:22:09.696000000','RR/MM/DD HH24:MI:SSXFF'));
Insert into WORDCLOUD_LIST (WORD,COUNT,PART_OF_SPEECH,UPDATE_DATE,REG_DATE) values ('녹수',2,'Noun',to_timestamp('17/02/17 14:22:09.758000000','RR/MM/DD HH24:MI:SSXFF'),to_timestamp('17/02/17 14:22:09.696000000','RR/MM/DD HH24:MI:SSXFF'));
Insert into WORDCLOUD_LIST (WORD,COUNT,PART_OF_SPEECH,UPDATE_DATE,REG_DATE) values ('목',2,'Noun',to_timestamp('17/02/17 14:22:09.758000000','RR/MM/DD HH24:MI:SSXFF'),to_timestamp('17/02/17 14:22:09.696000000','RR/MM/DD HH24:MI:SSXFF'));
Insert into WORDCLOUD_LIST (WORD,COUNT,PART_OF_SPEECH,UPDATE_DATE,REG_DATE) values ('단장',2,'Noun',to_timestamp('17/02/17 14:22:09.758000000','RR/MM/DD HH24:MI:SSXFF'),to_timestamp('17/02/17 14:22:09.696000000','RR/MM/DD HH24:MI:SSXFF'));
Insert into WORDCLOUD_LIST (WORD,COUNT,PART_OF_SPEECH,UPDATE_DATE,REG_DATE) values ('한양',2,'Noun',to_timestamp('17/02/17 14:22:09.758000000','RR/MM/DD HH24:MI:SSXFF'),to_timestamp('17/02/17 14:22:09.696000000','RR/MM/DD HH24:MI:SSXFF'));
Insert into WORDCLOUD_LIST (WORD,COUNT,PART_OF_SPEECH,UPDATE_DATE,REG_DATE) values ('있드란',2,'ProperNoun',to_timestamp('17/02/17 14:22:09.758000000','RR/MM/DD HH24:MI:SSXFF'),to_timestamp('17/02/17 14:22:09.696000000','RR/MM/DD HH24:MI:SSXFF'));
Insert into WORDCLOUD_LIST (WORD,COUNT,PART_OF_SPEECH,UPDATE_DATE,REG_DATE) values ('금슬',4,'Noun',to_timestamp('17/02/17 14:22:09.758000000','RR/MM/DD HH24:MI:SSXFF'),to_timestamp('17/02/17 14:22:09.696000000','RR/MM/DD HH24:MI:SSXFF'));
Insert into WORDCLOUD_LIST (WORD,COUNT,PART_OF_SPEECH,UPDATE_DATE,REG_DATE) values ('내',6,'Noun',to_timestamp('17/02/17 14:22:09.758000000','RR/MM/DD HH24:MI:SSXFF'),to_timestamp('17/02/17 14:22:09.696000000','RR/MM/DD HH24:MI:SSXFF'));
Insert into WORDCLOUD_LIST (WORD,COUNT,PART_OF_SPEECH,UPDATE_DATE,REG_DATE) values ('운',2,'Noun',to_timestamp('17/02/17 14:22:09.758000000','RR/MM/DD HH24:MI:SSXFF'),to_timestamp('17/02/17 14:22:09.696000000','RR/MM/DD HH24:MI:SSXFF'));
Insert into WORDCLOUD_LIST (WORD,COUNT,PART_OF_SPEECH,UPDATE_DATE,REG_DATE) values ('가사',2,'Noun',to_timestamp('17/02/17 14:22:09.758000000','RR/MM/DD HH24:MI:SSXFF'),to_timestamp('17/02/17 14:22:09.696000000','RR/MM/DD HH24:MI:SSXFF'));
Insert into WORDCLOUD_LIST (WORD,COUNT,PART_OF_SPEECH,UPDATE_DATE,REG_DATE) values ('봉양',2,'Noun',to_timestamp('17/02/17 14:22:09.758000000','RR/MM/DD HH24:MI:SSXFF'),to_timestamp('17/02/17 14:22:09.696000000','RR/MM/DD HH24:MI:SSXFF'));
Insert into WORDCLOUD_LIST (WORD,COUNT,PART_OF_SPEECH,UPDATE_DATE,REG_DATE) values ('막',4,'Noun',to_timestamp('17/02/17 14:22:09.758000000','RR/MM/DD HH24:MI:SSXFF'),to_timestamp('17/02/17 14:22:09.696000000','RR/MM/DD HH24:MI:SSXFF'));
Insert into WORDCLOUD_LIST (WORD,COUNT,PART_OF_SPEECH,UPDATE_DATE,REG_DATE) values ('문밖',2,'Noun',to_timestamp('17/02/17 14:22:09.758000000','RR/MM/DD HH24:MI:SSXFF'),to_timestamp('17/02/17 14:22:09.696000000','RR/MM/DD HH24:MI:SSXFF'));
Insert into WORDCLOUD_LIST (WORD,COUNT,PART_OF_SPEECH,UPDATE_DATE,REG_DATE) values ('도련님',2,'Noun',to_timestamp('17/02/17 14:22:09.758000000','RR/MM/DD HH24:MI:SSXFF'),to_timestamp('17/02/17 14:22:09.696000000','RR/MM/DD HH24:MI:SSXFF'));
Insert into WORDCLOUD_LIST (WORD,COUNT,PART_OF_SPEECH,UPDATE_DATE,REG_DATE) values ('나가다',2,'Verb',to_timestamp('17/02/17 14:22:09.758000000','RR/MM/DD HH24:MI:SSXFF'),to_timestamp('17/02/17 14:22:09.696000000','RR/MM/DD HH24:MI:SSXFF'));
Insert into WORDCLOUD_LIST (WORD,COUNT,PART_OF_SPEECH,UPDATE_DATE,REG_DATE) values ('통곡',2,'Noun',to_timestamp('17/02/17 14:22:09.758000000','RR/MM/DD HH24:MI:SSXFF'),to_timestamp('17/02/17 14:22:09.696000000','RR/MM/DD HH24:MI:SSXFF'));
Insert into WORDCLOUD_LIST (WORD,COUNT,PART_OF_SPEECH,UPDATE_DATE,REG_DATE) values ('추월',2,'Noun',to_timestamp('17/02/17 14:22:09.758000000','RR/MM/DD HH24:MI:SSXFF'),to_timestamp('17/02/17 14:22:09.696000000','RR/MM/DD HH24:MI:SSXFF'));
Insert into WORDCLOUD_LIST (WORD,COUNT,PART_OF_SPEECH,UPDATE_DATE,REG_DATE) values ('사냥',1,'Noun',to_timestamp('17/02/17 14:40:16.047000000','RR/MM/DD HH24:MI:SSXFF'),to_timestamp('17/02/17 14:40:16.047000000','RR/MM/DD HH24:MI:SSXFF'));
Insert into WORDCLOUD_LIST (WORD,COUNT,PART_OF_SPEECH,UPDATE_DATE,REG_DATE) values ('가시다',1,'Verb',to_timestamp('17/02/17 14:40:16.047000000','RR/MM/DD HH24:MI:SSXFF'),to_timestamp('17/02/17 14:40:16.047000000','RR/MM/DD HH24:MI:SSXFF'));
Insert into WORDCLOUD_LIST (WORD,COUNT,PART_OF_SPEECH,UPDATE_DATE,REG_DATE) values ('잡다',1,'Verb',to_timestamp('17/02/17 14:40:16.047000000','RR/MM/DD HH24:MI:SSXFF'),to_timestamp('17/02/17 14:40:16.047000000','RR/MM/DD HH24:MI:SSXFF'));
Insert into WORDCLOUD_LIST (WORD,COUNT,PART_OF_SPEECH,UPDATE_DATE,REG_DATE) values ('망나뇽',2,'ProperNoun',to_timestamp('17/02/17 14:40:16.047000000','RR/MM/DD HH24:MI:SSXFF'),to_timestamp('17/02/17 14:40:16.047000000','RR/MM/DD HH24:MI:SSXFF'));
Insert into WORDCLOUD_LIST (WORD,COUNT,PART_OF_SPEECH,UPDATE_DATE,REG_DATE) values ('파티',1,'Noun',to_timestamp('17/02/17 14:40:16.047000000','RR/MM/DD HH24:MI:SSXFF'),to_timestamp('17/02/17 14:40:16.047000000','RR/MM/DD HH24:MI:SSXFF'));
Insert into WORDCLOUD_LIST (WORD,COUNT,PART_OF_SPEECH,UPDATE_DATE,REG_DATE) values ('#산책',1,'Hashtag',to_timestamp('17/02/20 12:40:50.969000000','RR/MM/DD HH24:MI:SSXFF'),to_timestamp('17/02/20 12:40:50.969000000','RR/MM/DD HH24:MI:SSXFF'));
Insert into WORDCLOUD_LIST (WORD,COUNT,PART_OF_SPEECH,UPDATE_DATE,REG_DATE) values ('라이딩',1,'Noun',to_timestamp('17/02/20 12:40:50.969000000','RR/MM/DD HH24:MI:SSXFF'),to_timestamp('17/02/20 12:40:50.969000000','RR/MM/DD HH24:MI:SSXFF'));
Insert into WORDCLOUD_LIST (WORD,COUNT,PART_OF_SPEECH,UPDATE_DATE,REG_DATE) values ('등대',1,'Noun',to_timestamp('17/02/20 12:40:50.969000000','RR/MM/DD HH24:MI:SSXFF'),to_timestamp('17/02/20 12:40:50.969000000','RR/MM/DD HH24:MI:SSXFF'));
Insert into WORDCLOUD_LIST (WORD,COUNT,PART_OF_SPEECH,UPDATE_DATE,REG_DATE) values ('#트래킹',1,'Hashtag',to_timestamp('17/02/20 12:40:50.969000000','RR/MM/DD HH24:MI:SSXFF'),to_timestamp('17/02/20 12:40:50.969000000','RR/MM/DD HH24:MI:SSXFF'));
Insert into WORDCLOUD_LIST (WORD,COUNT,PART_OF_SPEECH,UPDATE_DATE,REG_DATE) values ('사다',1,'Verb',to_timestamp('17/02/21 15:29:10.420000000','RR/MM/DD HH24:MI:SSXFF'),to_timestamp('17/02/21 15:29:10.420000000','RR/MM/DD HH24:MI:SSXFF'));
Insert into WORDCLOUD_LIST (WORD,COUNT,PART_OF_SPEECH,UPDATE_DATE,REG_DATE) values ('푸다',1,'Verb',to_timestamp('17/02/21 15:29:10.420000000','RR/MM/DD HH24:MI:SSXFF'),to_timestamp('17/02/21 15:29:10.420000000','RR/MM/DD HH24:MI:SSXFF'));
Insert into WORDCLOUD_LIST (WORD,COUNT,PART_OF_SPEECH,UPDATE_DATE,REG_DATE) values ('아이',1,'Noun',to_timestamp('17/02/21 15:29:10.420000000','RR/MM/DD HH24:MI:SSXFF'),to_timestamp('17/02/21 15:29:10.420000000','RR/MM/DD HH24:MI:SSXFF'));
Insert into WORDCLOUD_LIST (WORD,COUNT,PART_OF_SPEECH,UPDATE_DATE,REG_DATE) values ('해운대',1,'Noun',to_timestamp('17/02/21 15:29:10.420000000','RR/MM/DD HH24:MI:SSXFF'),to_timestamp('17/02/21 15:29:10.420000000','RR/MM/DD HH24:MI:SSXFF'));
--------------------------------------------------------
--  DDL for Index PK_CHAT_ROOM_LIST
--------------------------------------------------------

  CREATE UNIQUE INDEX "PK_CHAT_ROOM_LIST" ON "CHAT_ROOM_LIST" ("CHAT_ROOM_NUM") 
  PCTFREE 10 INITRANS 2 MAXTRANS 255 COMPUTE STATISTICS 
  STORAGE(INITIAL 65536 NEXT 1048576 MINEXTENTS 1 MAXEXTENTS 2147483645
  PCTINCREASE 0 FREELISTS 1 FREELIST GROUPS 1 BUFFER_POOL DEFAULT FLASH_CACHE DEFAULT CELL_FLASH_CACHE DEFAULT)
  TABLESPACE "USERS" ;
--------------------------------------------------------
--  DDL for Index PK_CHECK_PRESENT
--------------------------------------------------------

  CREATE UNIQUE INDEX "PK_CHECK_PRESENT" ON "CHECK_PRESENT" ("PRESENT_NUM") 
  PCTFREE 10 INITRANS 2 MAXTRANS 255 COMPUTE STATISTICS 
  STORAGE(INITIAL 65536 NEXT 1048576 MINEXTENTS 1 MAXEXTENTS 2147483645
  PCTINCREASE 0 FREELISTS 1 FREELIST GROUPS 1 BUFFER_POOL DEFAULT FLASH_CACHE DEFAULT CELL_FLASH_CACHE DEFAULT)
  TABLESPACE "USERS" ;
--------------------------------------------------------
--  DDL for Index PK_EVEJOIN_LIST
--------------------------------------------------------

  CREATE UNIQUE INDEX "PK_EVEJOIN_LIST" ON "EVEJOIN_LIST" ("EVEJOIN_NUM") 
  PCTFREE 10 INITRANS 2 MAXTRANS 255 COMPUTE STATISTICS 
  STORAGE(INITIAL 65536 NEXT 1048576 MINEXTENTS 1 MAXEXTENTS 2147483645
  PCTINCREASE 0 FREELISTS 1 FREELIST GROUPS 1 BUFFER_POOL DEFAULT FLASH_CACHE DEFAULT CELL_FLASH_CACHE DEFAULT)
  TABLESPACE "USERS" ;
--------------------------------------------------------
--  DDL for Index PK_EVENT_LIST
--------------------------------------------------------

  CREATE UNIQUE INDEX "PK_EVENT_LIST" ON "EVENT_LIST" ("EVENT_NUM") 
  PCTFREE 10 INITRANS 2 MAXTRANS 255 COMPUTE STATISTICS 
  STORAGE(INITIAL 65536 NEXT 1048576 MINEXTENTS 1 MAXEXTENTS 2147483645
  PCTINCREASE 0 FREELISTS 1 FREELIST GROUPS 1 BUFFER_POOL DEFAULT FLASH_CACHE DEFAULT CELL_FLASH_CACHE DEFAULT)
  TABLESPACE "USERS" ;
--------------------------------------------------------
--  DDL for Index PK_EVENT_PIC
--------------------------------------------------------

  CREATE UNIQUE INDEX "PK_EVENT_PIC" ON "EVENT_PIC" ("EVEPIC_NUM") 
  PCTFREE 10 INITRANS 2 MAXTRANS 255 COMPUTE STATISTICS 
  STORAGE(INITIAL 65536 NEXT 1048576 MINEXTENTS 1 MAXEXTENTS 2147483645
  PCTINCREASE 0 FREELISTS 1 FREELIST GROUPS 1 BUFFER_POOL DEFAULT FLASH_CACHE DEFAULT CELL_FLASH_CACHE DEFAULT)
  TABLESPACE "USERS" ;
--------------------------------------------------------
--  DDL for Index PK_EVENT_WINNING_LIST
--------------------------------------------------------

  CREATE UNIQUE INDEX "PK_EVENT_WINNING_LIST" ON "EVENT_WINNING_LIST" ("WINNING_NUM") 
  PCTFREE 10 INITRANS 2 MAXTRANS 255 COMPUTE STATISTICS 
  STORAGE(INITIAL 65536 NEXT 1048576 MINEXTENTS 1 MAXEXTENTS 2147483645
  PCTINCREASE 0 FREELISTS 1 FREELIST GROUPS 1 BUFFER_POOL DEFAULT FLASH_CACHE DEFAULT CELL_FLASH_CACHE DEFAULT)
  TABLESPACE "USERS" ;
--------------------------------------------------------
--  DDL for Index PK_FAQ
--------------------------------------------------------

  CREATE UNIQUE INDEX "PK_FAQ" ON "FAQ" ("FAQ_NUM") 
  PCTFREE 10 INITRANS 2 MAXTRANS 255 COMPUTE STATISTICS 
  STORAGE(INITIAL 65536 NEXT 1048576 MINEXTENTS 1 MAXEXTENTS 2147483645
  PCTINCREASE 0 FREELISTS 1 FREELIST GROUPS 1 BUFFER_POOL DEFAULT FLASH_CACHE DEFAULT CELL_FLASH_CACHE DEFAULT)
  TABLESPACE "USERS" ;
--------------------------------------------------------
--  DDL for Index PK_FAQ_CATEGORY
--------------------------------------------------------

  CREATE UNIQUE INDEX "PK_FAQ_CATEGORY" ON "FAQ_CATEGORY" ("CATEGORY_NUM") 
  PCTFREE 10 INITRANS 2 MAXTRANS 255 COMPUTE STATISTICS 
  STORAGE(INITIAL 65536 NEXT 1048576 MINEXTENTS 1 MAXEXTENTS 2147483645
  PCTINCREASE 0 FREELISTS 1 FREELIST GROUPS 1 BUFFER_POOL DEFAULT FLASH_CACHE DEFAULT CELL_FLASH_CACHE DEFAULT)
  TABLESPACE "USERS" ;
--------------------------------------------------------
--  DDL for Index PK_GREETING_BOARD
--------------------------------------------------------

  CREATE UNIQUE INDEX "PK_GREETING_BOARD" ON "GREETING_BOARD" ("GREETING_NUM") 
  PCTFREE 10 INITRANS 2 MAXTRANS 255 COMPUTE STATISTICS 
  STORAGE(INITIAL 65536 NEXT 1048576 MINEXTENTS 1 MAXEXTENTS 2147483645
  PCTINCREASE 0 FREELISTS 1 FREELIST GROUPS 1 BUFFER_POOL DEFAULT FLASH_CACHE DEFAULT CELL_FLASH_CACHE DEFAULT)
  TABLESPACE "USERS" ;
--------------------------------------------------------
--  DDL for Index PK_GREETING_REPLY
--------------------------------------------------------

  CREATE UNIQUE INDEX "PK_GREETING_REPLY" ON "GREETING_REPLY" ("GRE_REPLY_NUM") 
  PCTFREE 10 INITRANS 2 MAXTRANS 255 COMPUTE STATISTICS 
  STORAGE(INITIAL 65536 NEXT 1048576 MINEXTENTS 1 MAXEXTENTS 2147483645
  PCTINCREASE 0 FREELISTS 1 FREELIST GROUPS 1 BUFFER_POOL DEFAULT FLASH_CACHE DEFAULT CELL_FLASH_CACHE DEFAULT)
  TABLESPACE "USERS" ;
--------------------------------------------------------
--  DDL for Index PK_GROUP_LEADER_NOTI
--------------------------------------------------------

  CREATE UNIQUE INDEX "PK_GROUP_LEADER_NOTI" ON "GROUP_LEADER_NOTI" ("NOTI_NUM") 
  PCTFREE 10 INITRANS 2 MAXTRANS 255 COMPUTE STATISTICS 
  STORAGE(INITIAL 65536 NEXT 1048576 MINEXTENTS 1 MAXEXTENTS 2147483645
  PCTINCREASE 0 FREELISTS 1 FREELIST GROUPS 1 BUFFER_POOL DEFAULT FLASH_CACHE DEFAULT CELL_FLASH_CACHE DEFAULT)
  TABLESPACE "USERS" ;
--------------------------------------------------------
--  DDL for Index PK_GROUP_LIST
--------------------------------------------------------

  CREATE UNIQUE INDEX "PK_GROUP_LIST" ON "GROUP_LIST" ("GROUP_NUM") 
  PCTFREE 10 INITRANS 2 MAXTRANS 255 COMPUTE STATISTICS 
  STORAGE(INITIAL 65536 NEXT 1048576 MINEXTENTS 1 MAXEXTENTS 2147483645
  PCTINCREASE 0 FREELISTS 1 FREELIST GROUPS 1 BUFFER_POOL DEFAULT FLASH_CACHE DEFAULT CELL_FLASH_CACHE DEFAULT)
  TABLESPACE "USERS" ;
--------------------------------------------------------
--  DDL for Index PK_GROUP_NOTICE
--------------------------------------------------------

  CREATE UNIQUE INDEX "PK_GROUP_NOTICE" ON "GROUP_NOTICE" ("GROUP_NOTI_NUM") 
  PCTFREE 10 INITRANS 2 MAXTRANS 255 COMPUTE STATISTICS 
  STORAGE(INITIAL 65536 NEXT 1048576 MINEXTENTS 1 MAXEXTENTS 2147483645
  PCTINCREASE 0 FREELISTS 1 FREELIST GROUPS 1 BUFFER_POOL DEFAULT FLASH_CACHE DEFAULT CELL_FLASH_CACHE DEFAULT)
  TABLESPACE "USERS" ;
--------------------------------------------------------
--  DDL for Index PK_INTEREST_CAT
--------------------------------------------------------

  CREATE UNIQUE INDEX "PK_INTEREST_CAT" ON "INTEREST_CAT" ("INTER_NUM") 
  PCTFREE 10 INITRANS 2 MAXTRANS 255 COMPUTE STATISTICS 
  STORAGE(INITIAL 65536 NEXT 1048576 MINEXTENTS 1 MAXEXTENTS 2147483645
  PCTINCREASE 0 FREELISTS 1 FREELIST GROUPS 1 BUFFER_POOL DEFAULT FLASH_CACHE DEFAULT CELL_FLASH_CACHE DEFAULT)
  TABLESPACE "USERS" ;
--------------------------------------------------------
--  DDL for Index PK_INTEREST_GROUP
--------------------------------------------------------

  CREATE UNIQUE INDEX "PK_INTEREST_GROUP" ON "INTEREST_GROUP" ("INTERGROUP_NUM") 
  PCTFREE 10 INITRANS 2 MAXTRANS 255 COMPUTE STATISTICS 
  STORAGE(INITIAL 65536 NEXT 1048576 MINEXTENTS 1 MAXEXTENTS 2147483645
  PCTINCREASE 0 FREELISTS 1 FREELIST GROUPS 1 BUFFER_POOL DEFAULT FLASH_CACHE DEFAULT CELL_FLASH_CACHE DEFAULT)
  TABLESPACE "USERS" ;
--------------------------------------------------------
--  DDL for Index PK_INTEREST_LOCATION
--------------------------------------------------------

  CREATE UNIQUE INDEX "PK_INTEREST_LOCATION" ON "INTEREST_LOCATION" ("INT_LOC_NUM") 
  PCTFREE 10 INITRANS 2 MAXTRANS 255 COMPUTE STATISTICS 
  STORAGE(INITIAL 65536 NEXT 1048576 MINEXTENTS 1 MAXEXTENTS 2147483645
  PCTINCREASE 0 FREELISTS 1 FREELIST GROUPS 1 BUFFER_POOL DEFAULT FLASH_CACHE DEFAULT CELL_FLASH_CACHE DEFAULT)
  TABLESPACE "USERS" ;
--------------------------------------------------------
--  DDL for Index PK_JOIN_REQUEST
--------------------------------------------------------

  CREATE UNIQUE INDEX "PK_JOIN_REQUEST" ON "JOIN_REQUEST" ("REQUEST_NUM") 
  PCTFREE 10 INITRANS 2 MAXTRANS 255 COMPUTE STATISTICS 
  STORAGE(INITIAL 65536 NEXT 1048576 MINEXTENTS 1 MAXEXTENTS 2147483645
  PCTINCREASE 0 FREELISTS 1 FREELIST GROUPS 1 BUFFER_POOL DEFAULT FLASH_CACHE DEFAULT CELL_FLASH_CACHE DEFAULT)
  TABLESPACE "USERS" ;
--------------------------------------------------------
--  DDL for Index PK_LIKE_GREETING
--------------------------------------------------------

  CREATE UNIQUE INDEX "PK_LIKE_GREETING" ON "LIKE_GREETING" ("GRE_LIKE_NUM") 
  PCTFREE 10 INITRANS 2 MAXTRANS 255 COMPUTE STATISTICS 
  STORAGE(INITIAL 65536 NEXT 1048576 MINEXTENTS 1 MAXEXTENTS 2147483645
  PCTINCREASE 0 FREELISTS 1 FREELIST GROUPS 1 BUFFER_POOL DEFAULT FLASH_CACHE DEFAULT CELL_FLASH_CACHE DEFAULT)
  TABLESPACE "USERS" ;
--------------------------------------------------------
--  DDL for Index PK_MAIN_PICTURE
--------------------------------------------------------

  CREATE UNIQUE INDEX "PK_MAIN_PICTURE" ON "MAIN_PICTURE" ("MAIN_PIC_NUM") 
  PCTFREE 10 INITRANS 2 MAXTRANS 255 COMPUTE STATISTICS 
  STORAGE(INITIAL 65536 NEXT 1048576 MINEXTENTS 1 MAXEXTENTS 2147483645
  PCTINCREASE 0 FREELISTS 1 FREELIST GROUPS 1 BUFFER_POOL DEFAULT FLASH_CACHE DEFAULT CELL_FLASH_CACHE DEFAULT)
  TABLESPACE "USERS" ;
--------------------------------------------------------
--  DDL for Index PK_MANAGER_INFO
--------------------------------------------------------

  CREATE UNIQUE INDEX "PK_MANAGER_INFO" ON "MANAGER_INFO" ("MANAGER_ID") 
  PCTFREE 10 INITRANS 2 MAXTRANS 255 COMPUTE STATISTICS 
  STORAGE(INITIAL 65536 NEXT 1048576 MINEXTENTS 1 MAXEXTENTS 2147483645
  PCTINCREASE 0 FREELISTS 1 FREELIST GROUPS 1 BUFFER_POOL DEFAULT FLASH_CACHE DEFAULT CELL_FLASH_CACHE DEFAULT)
  TABLESPACE "USERS" ;
--------------------------------------------------------
--  DDL for Index PK_MANAGER_NOTI
--------------------------------------------------------

  CREATE UNIQUE INDEX "PK_MANAGER_NOTI" ON "MANAGER_NOTI" ("NOTI_NUM") 
  PCTFREE 10 INITRANS 2 MAXTRANS 255 COMPUTE STATISTICS 
  STORAGE(INITIAL 65536 NEXT 1048576 MINEXTENTS 1 MAXEXTENTS 2147483645
  PCTINCREASE 0 FREELISTS 1 FREELIST GROUPS 1 BUFFER_POOL DEFAULT FLASH_CACHE DEFAULT CELL_FLASH_CACHE DEFAULT)
  TABLESPACE "USERS" ;
--------------------------------------------------------
--  DDL for Index PK_MEETING_LIST
--------------------------------------------------------

  CREATE UNIQUE INDEX "PK_MEETING_LIST" ON "MEETING_LIST" ("MEETING_NUM") 
  PCTFREE 10 INITRANS 2 MAXTRANS 255 COMPUTE STATISTICS 
  STORAGE(INITIAL 65536 NEXT 1048576 MINEXTENTS 1 MAXEXTENTS 2147483645
  PCTINCREASE 0 FREELISTS 1 FREELIST GROUPS 1 BUFFER_POOL DEFAULT FLASH_CACHE DEFAULT CELL_FLASH_CACHE DEFAULT)
  TABLESPACE "USERS" ;
--------------------------------------------------------
--  DDL for Index PK_MEETING_POST
--------------------------------------------------------

  CREATE UNIQUE INDEX "PK_MEETING_POST" ON "MEETING_POST" ("POST_NUM") 
  PCTFREE 10 INITRANS 2 MAXTRANS 255 COMPUTE STATISTICS 
  STORAGE(INITIAL 65536 NEXT 1048576 MINEXTENTS 1 MAXEXTENTS 2147483645
  PCTINCREASE 0 FREELISTS 1 FREELIST GROUPS 1 BUFFER_POOL DEFAULT FLASH_CACHE DEFAULT CELL_FLASH_CACHE DEFAULT)
  TABLESPACE "USERS" ;
--------------------------------------------------------
--  DDL for Index PK_MEETING_POST_LIKE
--------------------------------------------------------

  CREATE UNIQUE INDEX "PK_MEETING_POST_LIKE" ON "MEETING_POST_LIKE" ("POST_LIKE_NUM") 
  PCTFREE 10 INITRANS 2 MAXTRANS 255 COMPUTE STATISTICS 
  STORAGE(INITIAL 65536 NEXT 1048576 MINEXTENTS 1 MAXEXTENTS 2147483645
  PCTINCREASE 0 FREELISTS 1 FREELIST GROUPS 1 BUFFER_POOL DEFAULT FLASH_CACHE DEFAULT CELL_FLASH_CACHE DEFAULT)
  TABLESPACE "USERS" ;
--------------------------------------------------------
--  DDL for Index PK_MEETING_POST_REPLY
--------------------------------------------------------

  CREATE UNIQUE INDEX "PK_MEETING_POST_REPLY" ON "MEETING_POST_REPLY" ("POSTREP_NUM") 
  PCTFREE 10 INITRANS 2 MAXTRANS 255 COMPUTE STATISTICS 
  STORAGE(INITIAL 65536 NEXT 1048576 MINEXTENTS 1 MAXEXTENTS 2147483645
  PCTINCREASE 0 FREELISTS 1 FREELIST GROUPS 1 BUFFER_POOL DEFAULT FLASH_CACHE DEFAULT CELL_FLASH_CACHE DEFAULT)
  TABLESPACE "USERS" ;
--------------------------------------------------------
--  DDL for Index PK_MEMBER_INFO
--------------------------------------------------------

  CREATE UNIQUE INDEX "PK_MEMBER_INFO" ON "MEMBER_INFO" ("MEM_ID") 
  PCTFREE 10 INITRANS 2 MAXTRANS 255 COMPUTE STATISTICS 
  STORAGE(INITIAL 65536 NEXT 1048576 MINEXTENTS 1 MAXEXTENTS 2147483645
  PCTINCREASE 0 FREELISTS 1 FREELIST GROUPS 1 BUFFER_POOL DEFAULT FLASH_CACHE DEFAULT CELL_FLASH_CACHE DEFAULT)
  TABLESPACE "USERS" ;
--------------------------------------------------------
--  DDL for Index PK_MEMBER_NOTI
--------------------------------------------------------

  CREATE UNIQUE INDEX "PK_MEMBER_NOTI" ON "MEMBER_NOTI" ("NOTI_NUM") 
  PCTFREE 10 INITRANS 2 MAXTRANS 255 COMPUTE STATISTICS 
  STORAGE(INITIAL 65536 NEXT 1048576 MINEXTENTS 1 MAXEXTENTS 2147483645
  PCTINCREASE 0 FREELISTS 1 FREELIST GROUPS 1 BUFFER_POOL DEFAULT FLASH_CACHE DEFAULT CELL_FLASH_CACHE DEFAULT)
  TABLESPACE "USERS" ;
--------------------------------------------------------
--  DDL for Index PK_MSG_LIST
--------------------------------------------------------

  CREATE UNIQUE INDEX "PK_MSG_LIST" ON "MSG_LIST" ("MSG_NUM") 
  PCTFREE 10 INITRANS 2 MAXTRANS 255 COMPUTE STATISTICS 
  STORAGE(INITIAL 65536 NEXT 1048576 MINEXTENTS 1 MAXEXTENTS 2147483645
  PCTINCREASE 0 FREELISTS 1 FREELIST GROUPS 1 BUFFER_POOL DEFAULT FLASH_CACHE DEFAULT CELL_FLASH_CACHE DEFAULT)
  TABLESPACE "USERS" ;
--------------------------------------------------------
--  DDL for Index PK_MY_GROUP
--------------------------------------------------------

  CREATE UNIQUE INDEX "PK_MY_GROUP" ON "MY_GROUP" ("MY_GROUP_NUM") 
  PCTFREE 10 INITRANS 2 MAXTRANS 255 COMPUTE STATISTICS 
  STORAGE(INITIAL 65536 NEXT 1048576 MINEXTENTS 1 MAXEXTENTS 2147483645
  PCTINCREASE 0 FREELISTS 1 FREELIST GROUPS 1 BUFFER_POOL DEFAULT FLASH_CACHE DEFAULT CELL_FLASH_CACHE DEFAULT)
  TABLESPACE "USERS" ;
--------------------------------------------------------
--  DDL for Index PK_NOTI_BOARD
--------------------------------------------------------

  CREATE UNIQUE INDEX "PK_NOTI_BOARD" ON "NOTI_BOARD" ("NOTI_NUM") 
  PCTFREE 10 INITRANS 2 MAXTRANS 255 COMPUTE STATISTICS 
  STORAGE(INITIAL 65536 NEXT 1048576 MINEXTENTS 1 MAXEXTENTS 2147483645
  PCTINCREASE 0 FREELISTS 1 FREELIST GROUPS 1 BUFFER_POOL DEFAULT FLASH_CACHE DEFAULT CELL_FLASH_CACHE DEFAULT)
  TABLESPACE "USERS" ;
--------------------------------------------------------
--  DDL for Index PK_ORDER_LIST
--------------------------------------------------------

  CREATE UNIQUE INDEX "PK_ORDER_LIST" ON "ORDER_LIST" ("ORDER_NUM") 
  PCTFREE 10 INITRANS 2 MAXTRANS 255 COMPUTE STATISTICS 
  STORAGE(INITIAL 65536 NEXT 1048576 MINEXTENTS 1 MAXEXTENTS 2147483645
  PCTINCREASE 0 FREELISTS 1 FREELIST GROUPS 1 BUFFER_POOL DEFAULT FLASH_CACHE DEFAULT CELL_FLASH_CACHE DEFAULT)
  TABLESPACE "USERS" ;
--------------------------------------------------------
--  DDL for Index PK_PAYMENT_LIST
--------------------------------------------------------

  CREATE UNIQUE INDEX "PK_PAYMENT_LIST" ON "PAYMENT_LIST" ("PAYMENT_NUM") 
  PCTFREE 10 INITRANS 2 MAXTRANS 255 COMPUTE STATISTICS 
  STORAGE(INITIAL 65536 NEXT 1048576 MINEXTENTS 1 MAXEXTENTS 2147483645
  PCTINCREASE 0 FREELISTS 1 FREELIST GROUPS 1 BUFFER_POOL DEFAULT FLASH_CACHE DEFAULT CELL_FLASH_CACHE DEFAULT)
  TABLESPACE "USERS" ;
--------------------------------------------------------
--  DDL for Index PK_PLACE_INFO
--------------------------------------------------------

  CREATE UNIQUE INDEX "PK_PLACE_INFO" ON "PLACE_INFO" ("PLACE_NUM") 
  PCTFREE 10 INITRANS 2 MAXTRANS 255 COMPUTE STATISTICS 
  STORAGE(INITIAL 65536 NEXT 1048576 MINEXTENTS 1 MAXEXTENTS 2147483645
  PCTINCREASE 0 FREELISTS 1 FREELIST GROUPS 1 BUFFER_POOL DEFAULT FLASH_CACHE DEFAULT CELL_FLASH_CACHE DEFAULT)
  TABLESPACE "USERS" ;
--------------------------------------------------------
--  DDL for Index PK_PLACE_LIKE
--------------------------------------------------------

  CREATE UNIQUE INDEX "PK_PLACE_LIKE" ON "PLACE_LIKE" ("PLALIKE_NUM") 
  PCTFREE 10 INITRANS 2 MAXTRANS 255 COMPUTE STATISTICS 
  STORAGE(INITIAL 65536 NEXT 1048576 MINEXTENTS 1 MAXEXTENTS 2147483645
  PCTINCREASE 0 FREELISTS 1 FREELIST GROUPS 1 BUFFER_POOL DEFAULT FLASH_CACHE DEFAULT CELL_FLASH_CACHE DEFAULT)
  TABLESPACE "USERS" ;
--------------------------------------------------------
--  DDL for Index PK_PLACE_PIC
--------------------------------------------------------

  CREATE UNIQUE INDEX "PK_PLACE_PIC" ON "PLACE_PIC" ("PLACE_PIC_NUM") 
  PCTFREE 10 INITRANS 2 MAXTRANS 255 COMPUTE STATISTICS 
  STORAGE(INITIAL 65536 NEXT 1048576 MINEXTENTS 1 MAXEXTENTS 2147483645
  PCTINCREASE 0 FREELISTS 1 FREELIST GROUPS 1 BUFFER_POOL DEFAULT FLASH_CACHE DEFAULT CELL_FLASH_CACHE DEFAULT)
  TABLESPACE "USERS" ;
--------------------------------------------------------
--  DDL for Index PK_POST_PICTURES
--------------------------------------------------------

  CREATE UNIQUE INDEX "PK_POST_PICTURES" ON "POST_PICTURES" ("PIC_NUM") 
  PCTFREE 10 INITRANS 2 MAXTRANS 255 COMPUTE STATISTICS 
  STORAGE(INITIAL 65536 NEXT 1048576 MINEXTENTS 1 MAXEXTENTS 2147483645
  PCTINCREASE 0 FREELISTS 1 FREELIST GROUPS 1 BUFFER_POOL DEFAULT FLASH_CACHE DEFAULT CELL_FLASH_CACHE DEFAULT)
  TABLESPACE "USERS" ;
--------------------------------------------------------
--  DDL for Index PK_POST_VIDEO
--------------------------------------------------------

  CREATE UNIQUE INDEX "PK_POST_VIDEO" ON "POST_VIDEO" ("VIDEO_NUM") 
  PCTFREE 10 INITRANS 2 MAXTRANS 255 COMPUTE STATISTICS 
  STORAGE(INITIAL 65536 NEXT 1048576 MINEXTENTS 1 MAXEXTENTS 2147483645
  PCTINCREASE 0 FREELISTS 1 FREELIST GROUPS 1 BUFFER_POOL DEFAULT FLASH_CACHE DEFAULT CELL_FLASH_CACHE DEFAULT)
  TABLESPACE "USERS" ;
--------------------------------------------------------
--  DDL for Index PK_PRESENT_PER_LIST
--------------------------------------------------------

  CREATE UNIQUE INDEX "PK_PRESENT_PER_LIST" ON "PRESENT_PER_LIST" ("PRE_PER_NUM") 
  PCTFREE 10 INITRANS 2 MAXTRANS 255 COMPUTE STATISTICS 
  STORAGE(INITIAL 65536 NEXT 1048576 MINEXTENTS 1 MAXEXTENTS 2147483645
  PCTINCREASE 0 FREELISTS 1 FREELIST GROUPS 1 BUFFER_POOL DEFAULT FLASH_CACHE DEFAULT CELL_FLASH_CACHE DEFAULT)
  TABLESPACE "USERS" ;
--------------------------------------------------------
--  DDL for Index PK_PRODUCT_ANS
--------------------------------------------------------

  CREATE UNIQUE INDEX "PK_PRODUCT_ANS" ON "PRODUCT_ANS" ("ANS_NUM") 
  PCTFREE 10 INITRANS 2 MAXTRANS 255 COMPUTE STATISTICS 
  STORAGE(INITIAL 65536 NEXT 1048576 MINEXTENTS 1 MAXEXTENTS 2147483645
  PCTINCREASE 0 FREELISTS 1 FREELIST GROUPS 1 BUFFER_POOL DEFAULT FLASH_CACHE DEFAULT CELL_FLASH_CACHE DEFAULT)
  TABLESPACE "USERS" ;
--------------------------------------------------------
--  DDL for Index PK_PRODUCT_COMMENTS
--------------------------------------------------------

  CREATE UNIQUE INDEX "PK_PRODUCT_COMMENTS" ON "PRODUCT_COMMENTS" ("COMMENTS_NUM") 
  PCTFREE 10 INITRANS 2 MAXTRANS 255 COMPUTE STATISTICS 
  STORAGE(INITIAL 65536 NEXT 1048576 MINEXTENTS 1 MAXEXTENTS 2147483645
  PCTINCREASE 0 FREELISTS 1 FREELIST GROUPS 1 BUFFER_POOL DEFAULT FLASH_CACHE DEFAULT CELL_FLASH_CACHE DEFAULT)
  TABLESPACE "USERS" ;
--------------------------------------------------------
--  DDL for Index PK_PRODUCT_INFO
--------------------------------------------------------

  CREATE UNIQUE INDEX "PK_PRODUCT_INFO" ON "PRODUCT_INFO" ("PRODUCT_NUM") 
  PCTFREE 10 INITRANS 2 MAXTRANS 255 COMPUTE STATISTICS 
  STORAGE(INITIAL 65536 NEXT 1048576 MINEXTENTS 1 MAXEXTENTS 2147483645
  PCTINCREASE 0 FREELISTS 1 FREELIST GROUPS 1 BUFFER_POOL DEFAULT FLASH_CACHE DEFAULT CELL_FLASH_CACHE DEFAULT)
  TABLESPACE "USERS" ;
--------------------------------------------------------
--  DDL for Index PK_PRODUCT_PIC
--------------------------------------------------------

  CREATE UNIQUE INDEX "PK_PRODUCT_PIC" ON "PRODUCT_PIC" ("PIC_NUM") 
  PCTFREE 10 INITRANS 2 MAXTRANS 255 COMPUTE STATISTICS 
  STORAGE(INITIAL 65536 NEXT 1048576 MINEXTENTS 1 MAXEXTENTS 2147483645
  PCTINCREASE 0 FREELISTS 1 FREELIST GROUPS 1 BUFFER_POOL DEFAULT FLASH_CACHE DEFAULT CELL_FLASH_CACHE DEFAULT)
  TABLESPACE "USERS" ;
--------------------------------------------------------
--  DDL for Index PK_PRODUCT_QUE
--------------------------------------------------------

  CREATE UNIQUE INDEX "PK_PRODUCT_QUE" ON "PRODUCT_QUE" ("QUE_NUM") 
  PCTFREE 10 INITRANS 2 MAXTRANS 255 COMPUTE STATISTICS 
  STORAGE(INITIAL 65536 NEXT 1048576 MINEXTENTS 1 MAXEXTENTS 2147483645
  PCTINCREASE 0 FREELISTS 1 FREELIST GROUPS 1 BUFFER_POOL DEFAULT FLASH_CACHE DEFAULT CELL_FLASH_CACHE DEFAULT)
  TABLESPACE "USERS" ;
--------------------------------------------------------
--  DDL for Index PK_QNA
--------------------------------------------------------

  CREATE UNIQUE INDEX "PK_QNA" ON "QNA" ("QBOARD_NUM") 
  PCTFREE 10 INITRANS 2 MAXTRANS 255 COMPUTE STATISTICS 
  STORAGE(INITIAL 65536 NEXT 1048576 MINEXTENTS 1 MAXEXTENTS 2147483645
  PCTINCREASE 0 FREELISTS 1 FREELIST GROUPS 1 BUFFER_POOL DEFAULT FLASH_CACHE DEFAULT CELL_FLASH_CACHE DEFAULT)
  TABLESPACE "USERS" ;
--------------------------------------------------------
--  DDL for Index PK_QNA_REPLY
--------------------------------------------------------

  CREATE UNIQUE INDEX "PK_QNA_REPLY" ON "QNA_REPLY" ("REPLY_NUM") 
  PCTFREE 10 INITRANS 2 MAXTRANS 255 COMPUTE STATISTICS 
  STORAGE(INITIAL 65536 NEXT 1048576 MINEXTENTS 1 MAXEXTENTS 2147483645
  PCTINCREASE 0 FREELISTS 1 FREELIST GROUPS 1 BUFFER_POOL DEFAULT FLASH_CACHE DEFAULT CELL_FLASH_CACHE DEFAULT)
  TABLESPACE "USERS" ;
--------------------------------------------------------
--  DDL for Index PK_REC_PLACE
--------------------------------------------------------

  CREATE UNIQUE INDEX "PK_REC_PLACE" ON "REC_PLACE" ("RECPLA_NUM") 
  PCTFREE 10 INITRANS 2 MAXTRANS 255 COMPUTE STATISTICS 
  STORAGE(INITIAL 65536 NEXT 1048576 MINEXTENTS 1 MAXEXTENTS 2147483645
  PCTINCREASE 0 FREELISTS 1 FREELIST GROUPS 1 BUFFER_POOL DEFAULT FLASH_CACHE DEFAULT CELL_FLASH_CACHE DEFAULT)
  TABLESPACE "USERS" ;
--------------------------------------------------------
--  DDL for Index PK_REPORT_GROUP
--------------------------------------------------------

  CREATE UNIQUE INDEX "PK_REPORT_GROUP" ON "REPORT_GROUP" ("REPORT_NUM") 
  PCTFREE 10 INITRANS 2 MAXTRANS 255 COMPUTE STATISTICS 
  STORAGE(INITIAL 65536 NEXT 1048576 MINEXTENTS 1 MAXEXTENTS 2147483645
  PCTINCREASE 0 FREELISTS 1 FREELIST GROUPS 1 BUFFER_POOL DEFAULT FLASH_CACHE DEFAULT CELL_FLASH_CACHE DEFAULT)
  TABLESPACE "USERS" ;
--------------------------------------------------------
--  DDL for Index PK_SELLER_INFO
--------------------------------------------------------

  CREATE UNIQUE INDEX "PK_SELLER_INFO" ON "SELLER_INFO" ("SELLER_ID") 
  PCTFREE 10 INITRANS 2 MAXTRANS 255 COMPUTE STATISTICS 
  STORAGE(INITIAL 65536 NEXT 1048576 MINEXTENTS 1 MAXEXTENTS 2147483645
  PCTINCREASE 0 FREELISTS 1 FREELIST GROUPS 1 BUFFER_POOL DEFAULT FLASH_CACHE DEFAULT CELL_FLASH_CACHE DEFAULT)
  TABLESPACE "USERS" ;
--------------------------------------------------------
--  DDL for Index PK_SELLER_NOTI
--------------------------------------------------------

  CREATE UNIQUE INDEX "PK_SELLER_NOTI" ON "SELLER_NOTI" ("NOTI_NUM") 
  PCTFREE 10 INITRANS 2 MAXTRANS 255 COMPUTE STATISTICS 
  STORAGE(INITIAL 65536 NEXT 1048576 MINEXTENTS 1 MAXEXTENTS 2147483645
  PCTINCREASE 0 FREELISTS 1 FREELIST GROUPS 1 BUFFER_POOL DEFAULT FLASH_CACHE DEFAULT CELL_FLASH_CACHE DEFAULT)
  TABLESPACE "USERS" ;
--------------------------------------------------------
--  DDL for Index PK_SUGGESTION
--------------------------------------------------------

  CREATE UNIQUE INDEX "PK_SUGGESTION" ON "SUGGESTION" ("SUG_NUM") 
  PCTFREE 10 INITRANS 2 MAXTRANS 255 COMPUTE STATISTICS 
  STORAGE(INITIAL 65536 NEXT 1048576 MINEXTENTS 1 MAXEXTENTS 2147483645
  PCTINCREASE 0 FREELISTS 1 FREELIST GROUPS 1 BUFFER_POOL DEFAULT FLASH_CACHE DEFAULT CELL_FLASH_CACHE DEFAULT)
  TABLESPACE "USERS" ;
--------------------------------------------------------
--  DDL for Index PK_TEMPPASSWD_LIST
--------------------------------------------------------

  CREATE UNIQUE INDEX "PK_TEMPPASSWD_LIST" ON "TEMPPASSWD_LIST" ("MEM_ID") 
  PCTFREE 10 INITRANS 2 MAXTRANS 255 COMPUTE STATISTICS 
  STORAGE(INITIAL 65536 NEXT 1048576 MINEXTENTS 1 MAXEXTENTS 2147483645
  PCTINCREASE 0 FREELISTS 1 FREELIST GROUPS 1 BUFFER_POOL DEFAULT FLASH_CACHE DEFAULT CELL_FLASH_CACHE DEFAULT)
  TABLESPACE "USERS" ;
--------------------------------------------------------
--  DDL for Index PK_WINNING_PER_LIST
--------------------------------------------------------

  CREATE UNIQUE INDEX "PK_WINNING_PER_LIST" ON "WINNING_PER_LIST" ("WIN_PER_NUM") 
  PCTFREE 10 INITRANS 2 MAXTRANS 255 COMPUTE STATISTICS 
  STORAGE(INITIAL 65536 NEXT 1048576 MINEXTENTS 1 MAXEXTENTS 2147483645
  PCTINCREASE 0 FREELISTS 1 FREELIST GROUPS 1 BUFFER_POOL DEFAULT FLASH_CACHE DEFAULT CELL_FLASH_CACHE DEFAULT)
  TABLESPACE "USERS" ;
--------------------------------------------------------
--  DDL for Index PK_WORDCLOUD_LIST
--------------------------------------------------------

  CREATE UNIQUE INDEX "PK_WORDCLOUD_LIST" ON "WORDCLOUD_LIST" ("WORD") 
  PCTFREE 10 INITRANS 2 MAXTRANS 255 COMPUTE STATISTICS 
  STORAGE(INITIAL 65536 NEXT 1048576 MINEXTENTS 1 MAXEXTENTS 2147483645
  PCTINCREASE 0 FREELISTS 1 FREELIST GROUPS 1 BUFFER_POOL DEFAULT FLASH_CACHE DEFAULT CELL_FLASH_CACHE DEFAULT)
  TABLESPACE "USERS" ;
--------------------------------------------------------
--  Constraints for Table CHAT_ROOM_LIST
--------------------------------------------------------

  ALTER TABLE "CHAT_ROOM_LIST" ADD CONSTRAINT "PK_CHAT_ROOM_LIST" PRIMARY KEY ("CHAT_ROOM_NUM")
  USING INDEX PCTFREE 10 INITRANS 2 MAXTRANS 255 COMPUTE STATISTICS 
  STORAGE(INITIAL 65536 NEXT 1048576 MINEXTENTS 1 MAXEXTENTS 2147483645
  PCTINCREASE 0 FREELISTS 1 FREELIST GROUPS 1 BUFFER_POOL DEFAULT FLASH_CACHE DEFAULT CELL_FLASH_CACHE DEFAULT)
  TABLESPACE "USERS"  ENABLE;
  ALTER TABLE "CHAT_ROOM_LIST" MODIFY ("CHAT_ROOM_NUM" NOT NULL ENABLE);
--------------------------------------------------------
--  Constraints for Table CHECK_PRESENT
--------------------------------------------------------

  ALTER TABLE "CHECK_PRESENT" ADD CONSTRAINT "PK_CHECK_PRESENT" PRIMARY KEY ("PRESENT_NUM")
  USING INDEX PCTFREE 10 INITRANS 2 MAXTRANS 255 COMPUTE STATISTICS 
  STORAGE(INITIAL 65536 NEXT 1048576 MINEXTENTS 1 MAXEXTENTS 2147483645
  PCTINCREASE 0 FREELISTS 1 FREELIST GROUPS 1 BUFFER_POOL DEFAULT FLASH_CACHE DEFAULT CELL_FLASH_CACHE DEFAULT)
  TABLESPACE "USERS"  ENABLE;
  ALTER TABLE "CHECK_PRESENT" MODIFY ("GROUP_NUM" NOT NULL ENABLE);
  ALTER TABLE "CHECK_PRESENT" MODIFY ("MEM_ID" NOT NULL ENABLE);
  ALTER TABLE "CHECK_PRESENT" MODIFY ("PRESENT_DATE" NOT NULL ENABLE);
  ALTER TABLE "CHECK_PRESENT" MODIFY ("PRESENT_NUM" NOT NULL ENABLE);
--------------------------------------------------------
--  Constraints for Table EVEJOIN_LIST
--------------------------------------------------------

  ALTER TABLE "EVEJOIN_LIST" ADD CONSTRAINT "PK_EVEJOIN_LIST" PRIMARY KEY ("EVEJOIN_NUM")
  USING INDEX PCTFREE 10 INITRANS 2 MAXTRANS 255 COMPUTE STATISTICS 
  STORAGE(INITIAL 65536 NEXT 1048576 MINEXTENTS 1 MAXEXTENTS 2147483645
  PCTINCREASE 0 FREELISTS 1 FREELIST GROUPS 1 BUFFER_POOL DEFAULT FLASH_CACHE DEFAULT CELL_FLASH_CACHE DEFAULT)
  TABLESPACE "USERS"  ENABLE;
  ALTER TABLE "EVEJOIN_LIST" MODIFY ("EVENT_NUM" NOT NULL ENABLE);
  ALTER TABLE "EVEJOIN_LIST" MODIFY ("MEM_ID" NOT NULL ENABLE);
  ALTER TABLE "EVEJOIN_LIST" MODIFY ("EVEJOIN_NUM" NOT NULL ENABLE);
--------------------------------------------------------
--  Constraints for Table EVENT_LIST
--------------------------------------------------------

  ALTER TABLE "EVENT_LIST" ADD CONSTRAINT "PK_EVENT_LIST" PRIMARY KEY ("EVENT_NUM")
  USING INDEX PCTFREE 10 INITRANS 2 MAXTRANS 255 COMPUTE STATISTICS 
  STORAGE(INITIAL 65536 NEXT 1048576 MINEXTENTS 1 MAXEXTENTS 2147483645
  PCTINCREASE 0 FREELISTS 1 FREELIST GROUPS 1 BUFFER_POOL DEFAULT FLASH_CACHE DEFAULT CELL_FLASH_CACHE DEFAULT)
  TABLESPACE "USERS"  ENABLE;
  ALTER TABLE "EVENT_LIST" MODIFY ("START_DATE" NOT NULL ENABLE);
  ALTER TABLE "EVENT_LIST" MODIFY ("REG_DATE" NOT NULL ENABLE);
  ALTER TABLE "EVENT_LIST" MODIFY ("EVENT_CONTENT" NOT NULL ENABLE);
  ALTER TABLE "EVENT_LIST" MODIFY ("EVENT_TITLE" NOT NULL ENABLE);
  ALTER TABLE "EVENT_LIST" MODIFY ("EVENT_NUM" NOT NULL ENABLE);
--------------------------------------------------------
--  Constraints for Table EVENT_PIC
--------------------------------------------------------

  ALTER TABLE "EVENT_PIC" ADD CONSTRAINT "PK_EVENT_PIC" PRIMARY KEY ("EVEPIC_NUM")
  USING INDEX PCTFREE 10 INITRANS 2 MAXTRANS 255 COMPUTE STATISTICS 
  STORAGE(INITIAL 65536 NEXT 1048576 MINEXTENTS 1 MAXEXTENTS 2147483645
  PCTINCREASE 0 FREELISTS 1 FREELIST GROUPS 1 BUFFER_POOL DEFAULT FLASH_CACHE DEFAULT CELL_FLASH_CACHE DEFAULT)
  TABLESPACE "USERS"  ENABLE;
  ALTER TABLE "EVENT_PIC" MODIFY ("EVENT_NUM" NOT NULL ENABLE);
  ALTER TABLE "EVENT_PIC" MODIFY ("EVEPIC_NAME" NOT NULL ENABLE);
  ALTER TABLE "EVENT_PIC" MODIFY ("EVEPIC_PATH" NOT NULL ENABLE);
  ALTER TABLE "EVENT_PIC" MODIFY ("EVEPIC_NUM" NOT NULL ENABLE);
--------------------------------------------------------
--  Constraints for Table EVENT_WINNING_LIST
--------------------------------------------------------

  ALTER TABLE "EVENT_WINNING_LIST" ADD CONSTRAINT "PK_EVENT_WINNING_LIST" PRIMARY KEY ("WINNING_NUM")
  USING INDEX PCTFREE 10 INITRANS 2 MAXTRANS 255 COMPUTE STATISTICS 
  STORAGE(INITIAL 65536 NEXT 1048576 MINEXTENTS 1 MAXEXTENTS 2147483645
  PCTINCREASE 0 FREELISTS 1 FREELIST GROUPS 1 BUFFER_POOL DEFAULT FLASH_CACHE DEFAULT CELL_FLASH_CACHE DEFAULT)
  TABLESPACE "USERS"  ENABLE;
  ALTER TABLE "EVENT_WINNING_LIST" MODIFY ("EVENT_NUM" NOT NULL ENABLE);
  ALTER TABLE "EVENT_WINNING_LIST" MODIFY ("REG_DATE" NOT NULL ENABLE);
  ALTER TABLE "EVENT_WINNING_LIST" MODIFY ("WINNING_CONTENT" NOT NULL ENABLE);
  ALTER TABLE "EVENT_WINNING_LIST" MODIFY ("WINNING_TITLE" NOT NULL ENABLE);
  ALTER TABLE "EVENT_WINNING_LIST" MODIFY ("WINNING_NUM" NOT NULL ENABLE);
--------------------------------------------------------
--  Constraints for Table FAQ
--------------------------------------------------------

  ALTER TABLE "FAQ" ADD CONSTRAINT "PK_FAQ" PRIMARY KEY ("FAQ_NUM")
  USING INDEX PCTFREE 10 INITRANS 2 MAXTRANS 255 COMPUTE STATISTICS 
  STORAGE(INITIAL 65536 NEXT 1048576 MINEXTENTS 1 MAXEXTENTS 2147483645
  PCTINCREASE 0 FREELISTS 1 FREELIST GROUPS 1 BUFFER_POOL DEFAULT FLASH_CACHE DEFAULT CELL_FLASH_CACHE DEFAULT)
  TABLESPACE "USERS"  ENABLE;
  ALTER TABLE "FAQ" MODIFY ("CATEGORY_NAME" NOT NULL ENABLE);
  ALTER TABLE "FAQ" MODIFY ("MANAGER_ID" NOT NULL ENABLE);
  ALTER TABLE "FAQ" MODIFY ("FAQ_DATE" NOT NULL ENABLE);
  ALTER TABLE "FAQ" MODIFY ("FAQ_CONTENT" NOT NULL ENABLE);
  ALTER TABLE "FAQ" MODIFY ("FAQ_TITLE" NOT NULL ENABLE);
  ALTER TABLE "FAQ" MODIFY ("FAQ_NUM" NOT NULL ENABLE);
--------------------------------------------------------
--  Constraints for Table FAQ_CATEGORY
--------------------------------------------------------

  ALTER TABLE "FAQ_CATEGORY" ADD CONSTRAINT "PK_FAQ_CATEGORY" PRIMARY KEY ("CATEGORY_NUM")
  USING INDEX PCTFREE 10 INITRANS 2 MAXTRANS 255 COMPUTE STATISTICS 
  STORAGE(INITIAL 65536 NEXT 1048576 MINEXTENTS 1 MAXEXTENTS 2147483645
  PCTINCREASE 0 FREELISTS 1 FREELIST GROUPS 1 BUFFER_POOL DEFAULT FLASH_CACHE DEFAULT CELL_FLASH_CACHE DEFAULT)
  TABLESPACE "USERS"  ENABLE;
  ALTER TABLE "FAQ_CATEGORY" MODIFY ("CATEGORY_NAME" NOT NULL ENABLE);
  ALTER TABLE "FAQ_CATEGORY" MODIFY ("CATEGORY_NUM" NOT NULL ENABLE);
--------------------------------------------------------
--  Constraints for Table GREETING_BOARD
--------------------------------------------------------

  ALTER TABLE "GREETING_BOARD" ADD CONSTRAINT "PK_GREETING_BOARD" PRIMARY KEY ("GREETING_NUM")
  USING INDEX PCTFREE 10 INITRANS 2 MAXTRANS 255 COMPUTE STATISTICS 
  STORAGE(INITIAL 65536 NEXT 1048576 MINEXTENTS 1 MAXEXTENTS 2147483645
  PCTINCREASE 0 FREELISTS 1 FREELIST GROUPS 1 BUFFER_POOL DEFAULT FLASH_CACHE DEFAULT CELL_FLASH_CACHE DEFAULT)
  TABLESPACE "USERS"  ENABLE;
  ALTER TABLE "GREETING_BOARD" MODIFY ("GROUP_NUM" NOT NULL ENABLE);
  ALTER TABLE "GREETING_BOARD" MODIFY ("MEM_ID" NOT NULL ENABLE);
  ALTER TABLE "GREETING_BOARD" MODIFY ("LIKE_NUM" NOT NULL ENABLE);
  ALTER TABLE "GREETING_BOARD" MODIFY ("GREETING_DATE" NOT NULL ENABLE);
  ALTER TABLE "GREETING_BOARD" MODIFY ("GREETING_TITLE" NOT NULL ENABLE);
  ALTER TABLE "GREETING_BOARD" MODIFY ("GREETING_NUM" NOT NULL ENABLE);
--------------------------------------------------------
--  Constraints for Table GREETING_REPLY
--------------------------------------------------------

  ALTER TABLE "GREETING_REPLY" ADD CONSTRAINT "PK_GREETING_REPLY" PRIMARY KEY ("GRE_REPLY_NUM")
  USING INDEX PCTFREE 10 INITRANS 2 MAXTRANS 255 COMPUTE STATISTICS 
  STORAGE(INITIAL 65536 NEXT 1048576 MINEXTENTS 1 MAXEXTENTS 2147483645
  PCTINCREASE 0 FREELISTS 1 FREELIST GROUPS 1 BUFFER_POOL DEFAULT FLASH_CACHE DEFAULT CELL_FLASH_CACHE DEFAULT)
  TABLESPACE "USERS"  ENABLE;
  ALTER TABLE "GREETING_REPLY" MODIFY ("GREETING_NUM" NOT NULL ENABLE);
  ALTER TABLE "GREETING_REPLY" MODIFY ("MEM_ID" NOT NULL ENABLE);
  ALTER TABLE "GREETING_REPLY" MODIFY ("GRE_REPLY_DATE" NOT NULL ENABLE);
  ALTER TABLE "GREETING_REPLY" MODIFY ("GRE_REPLY_CONTENT" NOT NULL ENABLE);
  ALTER TABLE "GREETING_REPLY" MODIFY ("GRE_REPLY_NUM" NOT NULL ENABLE);
--------------------------------------------------------
--  Constraints for Table GROUP_LEADER_NOTI
--------------------------------------------------------

  ALTER TABLE "GROUP_LEADER_NOTI" ADD CONSTRAINT "PK_GROUP_LEADER_NOTI" PRIMARY KEY ("NOTI_NUM")
  USING INDEX PCTFREE 10 INITRANS 2 MAXTRANS 255 COMPUTE STATISTICS 
  STORAGE(INITIAL 65536 NEXT 1048576 MINEXTENTS 1 MAXEXTENTS 2147483645
  PCTINCREASE 0 FREELISTS 1 FREELIST GROUPS 1 BUFFER_POOL DEFAULT FLASH_CACHE DEFAULT CELL_FLASH_CACHE DEFAULT)
  TABLESPACE "USERS"  ENABLE;
  ALTER TABLE "GROUP_LEADER_NOTI" MODIFY ("MEM_ID" NOT NULL ENABLE);
  ALTER TABLE "GROUP_LEADER_NOTI" MODIFY ("GROUP_NUM" NOT NULL ENABLE);
  ALTER TABLE "GROUP_LEADER_NOTI" MODIFY ("NOTI_DATE" NOT NULL ENABLE);
  ALTER TABLE "GROUP_LEADER_NOTI" MODIFY ("NOTI_CONTENT" NOT NULL ENABLE);
  ALTER TABLE "GROUP_LEADER_NOTI" MODIFY ("NOTI_NUM" NOT NULL ENABLE);
--------------------------------------------------------
--  Constraints for Table GROUP_LIST
--------------------------------------------------------

  ALTER TABLE "GROUP_LIST" ADD CONSTRAINT "PK_GROUP_LIST" PRIMARY KEY ("GROUP_NUM")
  USING INDEX PCTFREE 10 INITRANS 2 MAXTRANS 255 COMPUTE STATISTICS 
  STORAGE(INITIAL 65536 NEXT 1048576 MINEXTENTS 1 MAXEXTENTS 2147483645
  PCTINCREASE 0 FREELISTS 1 FREELIST GROUPS 1 BUFFER_POOL DEFAULT FLASH_CACHE DEFAULT CELL_FLASH_CACHE DEFAULT)
  TABLESPACE "USERS"  ENABLE;
  ALTER TABLE "GROUP_LIST" MODIFY ("GROUP_LOCATION" NOT NULL ENABLE);
  ALTER TABLE "GROUP_LIST" MODIFY ("GROUP_INTE2" NOT NULL ENABLE);
  ALTER TABLE "GROUP_LIST" MODIFY ("GROUP_INTE1" NOT NULL ENABLE);
  ALTER TABLE "GROUP_LIST" MODIFY ("GROUP_NAME" NOT NULL ENABLE);
  ALTER TABLE "GROUP_LIST" MODIFY ("GROUP_NUM" NOT NULL ENABLE);
--------------------------------------------------------
--  Constraints for Table GROUP_NOTICE
--------------------------------------------------------

  ALTER TABLE "GROUP_NOTICE" ADD CONSTRAINT "PK_GROUP_NOTICE" PRIMARY KEY ("GROUP_NOTI_NUM")
  USING INDEX PCTFREE 10 INITRANS 2 MAXTRANS 255 COMPUTE STATISTICS 
  STORAGE(INITIAL 65536 NEXT 1048576 MINEXTENTS 1 MAXEXTENTS 2147483645
  PCTINCREASE 0 FREELISTS 1 FREELIST GROUPS 1 BUFFER_POOL DEFAULT FLASH_CACHE DEFAULT CELL_FLASH_CACHE DEFAULT)
  TABLESPACE "USERS"  ENABLE;
  ALTER TABLE "GROUP_NOTICE" MODIFY ("GROUP_NUM" NOT NULL ENABLE);
  ALTER TABLE "GROUP_NOTICE" MODIFY ("MEM_ID" NOT NULL ENABLE);
  ALTER TABLE "GROUP_NOTICE" MODIFY ("GROUP_NOTI_DATE" NOT NULL ENABLE);
  ALTER TABLE "GROUP_NOTICE" MODIFY ("GROUP_NOTI_TITLE" NOT NULL ENABLE);
  ALTER TABLE "GROUP_NOTICE" MODIFY ("GROUP_NOTI_NUM" NOT NULL ENABLE);
--------------------------------------------------------
--  Constraints for Table INTEREST_CAT
--------------------------------------------------------

  ALTER TABLE "INTEREST_CAT" ADD CONSTRAINT "PK_INTEREST_CAT" PRIMARY KEY ("INTER_NUM")
  USING INDEX PCTFREE 10 INITRANS 2 MAXTRANS 255 COMPUTE STATISTICS 
  STORAGE(INITIAL 65536 NEXT 1048576 MINEXTENTS 1 MAXEXTENTS 2147483645
  PCTINCREASE 0 FREELISTS 1 FREELIST GROUPS 1 BUFFER_POOL DEFAULT FLASH_CACHE DEFAULT CELL_FLASH_CACHE DEFAULT)
  TABLESPACE "USERS"  ENABLE;
  ALTER TABLE "INTEREST_CAT" MODIFY ("MEM_ID" NOT NULL ENABLE);
  ALTER TABLE "INTEREST_CAT" MODIFY ("INTER_FIRST" NOT NULL ENABLE);
  ALTER TABLE "INTEREST_CAT" MODIFY ("INTER_NUM" NOT NULL ENABLE);
--------------------------------------------------------
--  Constraints for Table INTEREST_GROUP
--------------------------------------------------------

  ALTER TABLE "INTEREST_GROUP" ADD CONSTRAINT "PK_INTEREST_GROUP" PRIMARY KEY ("INTERGROUP_NUM")
  USING INDEX PCTFREE 10 INITRANS 2 MAXTRANS 255 COMPUTE STATISTICS 
  STORAGE(INITIAL 65536 NEXT 1048576 MINEXTENTS 1 MAXEXTENTS 2147483645
  PCTINCREASE 0 FREELISTS 1 FREELIST GROUPS 1 BUFFER_POOL DEFAULT FLASH_CACHE DEFAULT CELL_FLASH_CACHE DEFAULT)
  TABLESPACE "USERS"  ENABLE;
  ALTER TABLE "INTEREST_GROUP" MODIFY ("MEM_ID" NOT NULL ENABLE);
  ALTER TABLE "INTEREST_GROUP" MODIFY ("GROUP_NUM" NOT NULL ENABLE);
  ALTER TABLE "INTEREST_GROUP" MODIFY ("INTERGROUP_NUM" NOT NULL ENABLE);
--------------------------------------------------------
--  Constraints for Table INTEREST_LOCATION
--------------------------------------------------------

  ALTER TABLE "INTEREST_LOCATION" ADD CONSTRAINT "PK_INTEREST_LOCATION" PRIMARY KEY ("INT_LOC_NUM")
  USING INDEX PCTFREE 10 INITRANS 2 MAXTRANS 255 COMPUTE STATISTICS 
  STORAGE(INITIAL 65536 NEXT 1048576 MINEXTENTS 1 MAXEXTENTS 2147483645
  PCTINCREASE 0 FREELISTS 1 FREELIST GROUPS 1 BUFFER_POOL DEFAULT FLASH_CACHE DEFAULT CELL_FLASH_CACHE DEFAULT)
  TABLESPACE "USERS"  ENABLE;
  ALTER TABLE "INTEREST_LOCATION" MODIFY ("MEM_ID" NOT NULL ENABLE);
  ALTER TABLE "INTEREST_LOCATION" MODIFY ("LOC_CITY" NOT NULL ENABLE);
  ALTER TABLE "INTEREST_LOCATION" MODIFY ("INT_LOC_NUM" NOT NULL ENABLE);
--------------------------------------------------------
--  Constraints for Table JOIN_REQUEST
--------------------------------------------------------

  ALTER TABLE "JOIN_REQUEST" ADD CONSTRAINT "PK_JOIN_REQUEST" PRIMARY KEY ("REQUEST_NUM")
  USING INDEX PCTFREE 10 INITRANS 2 MAXTRANS 255 COMPUTE STATISTICS 
  STORAGE(INITIAL 65536 NEXT 1048576 MINEXTENTS 1 MAXEXTENTS 2147483645
  PCTINCREASE 0 FREELISTS 1 FREELIST GROUPS 1 BUFFER_POOL DEFAULT FLASH_CACHE DEFAULT CELL_FLASH_CACHE DEFAULT)
  TABLESPACE "USERS"  ENABLE;
  ALTER TABLE "JOIN_REQUEST" MODIFY ("STATUS" NOT NULL ENABLE);
  ALTER TABLE "JOIN_REQUEST" MODIFY ("REQUEST_DATE" NOT NULL ENABLE);
  ALTER TABLE "JOIN_REQUEST" MODIFY ("REQUEST_NUM" NOT NULL ENABLE);
--------------------------------------------------------
--  Constraints for Table LIKE_GREETING
--------------------------------------------------------

  ALTER TABLE "LIKE_GREETING" ADD CONSTRAINT "PK_LIKE_GREETING" PRIMARY KEY ("GRE_LIKE_NUM")
  USING INDEX PCTFREE 10 INITRANS 2 MAXTRANS 255 COMPUTE STATISTICS 
  STORAGE(INITIAL 65536 NEXT 1048576 MINEXTENTS 1 MAXEXTENTS 2147483645
  PCTINCREASE 0 FREELISTS 1 FREELIST GROUPS 1 BUFFER_POOL DEFAULT FLASH_CACHE DEFAULT CELL_FLASH_CACHE DEFAULT)
  TABLESPACE "USERS"  ENABLE;
  ALTER TABLE "LIKE_GREETING" MODIFY ("GREETING_NUM" NOT NULL ENABLE);
  ALTER TABLE "LIKE_GREETING" MODIFY ("MEM_ID" NOT NULL ENABLE);
  ALTER TABLE "LIKE_GREETING" MODIFY ("GRE_LIKE_NUM" NOT NULL ENABLE);
--------------------------------------------------------
--  Constraints for Table MAIN_PICTURE
--------------------------------------------------------

  ALTER TABLE "MAIN_PICTURE" ADD CONSTRAINT "PK_MAIN_PICTURE" PRIMARY KEY ("MAIN_PIC_NUM")
  USING INDEX PCTFREE 10 INITRANS 2 MAXTRANS 255 COMPUTE STATISTICS 
  STORAGE(INITIAL 65536 NEXT 1048576 MINEXTENTS 1 MAXEXTENTS 2147483645
  PCTINCREASE 0 FREELISTS 1 FREELIST GROUPS 1 BUFFER_POOL DEFAULT FLASH_CACHE DEFAULT CELL_FLASH_CACHE DEFAULT)
  TABLESPACE "USERS"  ENABLE;
  ALTER TABLE "MAIN_PICTURE" MODIFY ("GROUP_NUM" NOT NULL ENABLE);
  ALTER TABLE "MAIN_PICTURE" MODIFY ("MAIN_PIC_NAME" NOT NULL ENABLE);
  ALTER TABLE "MAIN_PICTURE" MODIFY ("MAIN_PIC_PATH" NOT NULL ENABLE);
  ALTER TABLE "MAIN_PICTURE" MODIFY ("MAIN_PIC_NUM" NOT NULL ENABLE);
--------------------------------------------------------
--  Constraints for Table MANAGER_INFO
--------------------------------------------------------

  ALTER TABLE "MANAGER_INFO" ADD CONSTRAINT "PK_MANAGER_INFO" PRIMARY KEY ("MANAGER_ID")
  USING INDEX PCTFREE 10 INITRANS 2 MAXTRANS 255 COMPUTE STATISTICS 
  STORAGE(INITIAL 65536 NEXT 1048576 MINEXTENTS 1 MAXEXTENTS 2147483645
  PCTINCREASE 0 FREELISTS 1 FREELIST GROUPS 1 BUFFER_POOL DEFAULT FLASH_CACHE DEFAULT CELL_FLASH_CACHE DEFAULT)
  TABLESPACE "USERS"  ENABLE;
  ALTER TABLE "MANAGER_INFO" MODIFY ("AUTHORITY" NOT NULL ENABLE);
  ALTER TABLE "MANAGER_INFO" MODIFY ("NAME" NOT NULL ENABLE);
  ALTER TABLE "MANAGER_INFO" MODIFY ("PASSWD" NOT NULL ENABLE);
  ALTER TABLE "MANAGER_INFO" MODIFY ("MANAGER_ID" NOT NULL ENABLE);
--------------------------------------------------------
--  Constraints for Table MANAGER_NOTI
--------------------------------------------------------

  ALTER TABLE "MANAGER_NOTI" ADD CONSTRAINT "PK_MANAGER_NOTI" PRIMARY KEY ("NOTI_NUM")
  USING INDEX PCTFREE 10 INITRANS 2 MAXTRANS 255 COMPUTE STATISTICS 
  STORAGE(INITIAL 65536 NEXT 1048576 MINEXTENTS 1 MAXEXTENTS 2147483645
  PCTINCREASE 0 FREELISTS 1 FREELIST GROUPS 1 BUFFER_POOL DEFAULT FLASH_CACHE DEFAULT CELL_FLASH_CACHE DEFAULT)
  TABLESPACE "USERS"  ENABLE;
  ALTER TABLE "MANAGER_NOTI" MODIFY ("MANAGER_ID" NOT NULL ENABLE);
  ALTER TABLE "MANAGER_NOTI" MODIFY ("NOTI_DATE" NOT NULL ENABLE);
  ALTER TABLE "MANAGER_NOTI" MODIFY ("IS_CHECKED" NOT NULL ENABLE);
  ALTER TABLE "MANAGER_NOTI" MODIFY ("NOTI_CONTENT" NOT NULL ENABLE);
  ALTER TABLE "MANAGER_NOTI" MODIFY ("NOTI_NUM" NOT NULL ENABLE);
--------------------------------------------------------
--  Constraints for Table MEETING_LIST
--------------------------------------------------------

  ALTER TABLE "MEETING_LIST" ADD CONSTRAINT "PK_MEETING_LIST" PRIMARY KEY ("MEETING_NUM")
  USING INDEX PCTFREE 10 INITRANS 2 MAXTRANS 255 COMPUTE STATISTICS 
  STORAGE(INITIAL 65536 NEXT 1048576 MINEXTENTS 1 MAXEXTENTS 2147483645
  PCTINCREASE 0 FREELISTS 1 FREELIST GROUPS 1 BUFFER_POOL DEFAULT FLASH_CACHE DEFAULT CELL_FLASH_CACHE DEFAULT)
  TABLESPACE "USERS"  ENABLE;
  ALTER TABLE "MEETING_LIST" MODIFY ("GROUP_NUM" NOT NULL ENABLE);
  ALTER TABLE "MEETING_LIST" MODIFY ("MEETING_DATE" NOT NULL ENABLE);
  ALTER TABLE "MEETING_LIST" MODIFY ("MEETING_TITLE" NOT NULL ENABLE);
  ALTER TABLE "MEETING_LIST" MODIFY ("MEETING_NUM" NOT NULL ENABLE);
--------------------------------------------------------
--  Constraints for Table MEETING_POST
--------------------------------------------------------

  ALTER TABLE "MEETING_POST" ADD CONSTRAINT "PK_MEETING_POST" PRIMARY KEY ("POST_NUM")
  USING INDEX PCTFREE 10 INITRANS 2 MAXTRANS 255 COMPUTE STATISTICS 
  STORAGE(INITIAL 65536 NEXT 1048576 MINEXTENTS 1 MAXEXTENTS 2147483645
  PCTINCREASE 0 FREELISTS 1 FREELIST GROUPS 1 BUFFER_POOL DEFAULT FLASH_CACHE DEFAULT CELL_FLASH_CACHE DEFAULT)
  TABLESPACE "USERS"  ENABLE;
  ALTER TABLE "MEETING_POST" MODIFY ("GROUP_NUM" NOT NULL ENABLE);
  ALTER TABLE "MEETING_POST" MODIFY ("MEM_ID" NOT NULL ENABLE);
  ALTER TABLE "MEETING_POST" MODIFY ("POST_DATE" NOT NULL ENABLE);
  ALTER TABLE "MEETING_POST" MODIFY ("POST_TITLE" NOT NULL ENABLE);
  ALTER TABLE "MEETING_POST" MODIFY ("POST_NUM" NOT NULL ENABLE);
--------------------------------------------------------
--  Constraints for Table MEETING_POST_LIKE
--------------------------------------------------------

  ALTER TABLE "MEETING_POST_LIKE" ADD CONSTRAINT "PK_MEETING_POST_LIKE" PRIMARY KEY ("POST_LIKE_NUM")
  USING INDEX PCTFREE 10 INITRANS 2 MAXTRANS 255 COMPUTE STATISTICS 
  STORAGE(INITIAL 65536 NEXT 1048576 MINEXTENTS 1 MAXEXTENTS 2147483645
  PCTINCREASE 0 FREELISTS 1 FREELIST GROUPS 1 BUFFER_POOL DEFAULT FLASH_CACHE DEFAULT CELL_FLASH_CACHE DEFAULT)
  TABLESPACE "USERS"  ENABLE;
  ALTER TABLE "MEETING_POST_LIKE" MODIFY ("MEM_ID" NOT NULL ENABLE);
  ALTER TABLE "MEETING_POST_LIKE" MODIFY ("POST_NUM" NOT NULL ENABLE);
  ALTER TABLE "MEETING_POST_LIKE" MODIFY ("POST_LIKE_NUM" NOT NULL ENABLE);
--------------------------------------------------------
--  Constraints for Table MEETING_POST_REPLY
--------------------------------------------------------

  ALTER TABLE "MEETING_POST_REPLY" ADD CONSTRAINT "PK_MEETING_POST_REPLY" PRIMARY KEY ("POSTREP_NUM")
  USING INDEX PCTFREE 10 INITRANS 2 MAXTRANS 255 COMPUTE STATISTICS 
  STORAGE(INITIAL 65536 NEXT 1048576 MINEXTENTS 1 MAXEXTENTS 2147483645
  PCTINCREASE 0 FREELISTS 1 FREELIST GROUPS 1 BUFFER_POOL DEFAULT FLASH_CACHE DEFAULT CELL_FLASH_CACHE DEFAULT)
  TABLESPACE "USERS"  ENABLE;
  ALTER TABLE "MEETING_POST_REPLY" MODIFY ("MEM_ID" NOT NULL ENABLE);
  ALTER TABLE "MEETING_POST_REPLY" MODIFY ("WRITE_DATE" NOT NULL ENABLE);
  ALTER TABLE "MEETING_POST_REPLY" MODIFY ("REPLY_CONTENT" NOT NULL ENABLE);
  ALTER TABLE "MEETING_POST_REPLY" MODIFY ("POSTREP_NUM" NOT NULL ENABLE);
--------------------------------------------------------
--  Constraints for Table MEMBER_INFO
--------------------------------------------------------

  ALTER TABLE "MEMBER_INFO" ADD CONSTRAINT "PK_MEMBER_INFO" PRIMARY KEY ("MEM_ID")
  USING INDEX PCTFREE 10 INITRANS 2 MAXTRANS 255 COMPUTE STATISTICS 
  STORAGE(INITIAL 65536 NEXT 1048576 MINEXTENTS 1 MAXEXTENTS 2147483645
  PCTINCREASE 0 FREELISTS 1 FREELIST GROUPS 1 BUFFER_POOL DEFAULT FLASH_CACHE DEFAULT CELL_FLASH_CACHE DEFAULT)
  TABLESPACE "USERS"  ENABLE;
  ALTER TABLE "MEMBER_INFO" MODIFY ("EMAIL" NOT NULL ENABLE);
  ALTER TABLE "MEMBER_INFO" MODIFY ("BIRTH" NOT NULL ENABLE);
  ALTER TABLE "MEMBER_INFO" MODIFY ("TEL" NOT NULL ENABLE);
  ALTER TABLE "MEMBER_INFO" MODIFY ("NAME" NOT NULL ENABLE);
  ALTER TABLE "MEMBER_INFO" MODIFY ("PASSWD" NOT NULL ENABLE);
  ALTER TABLE "MEMBER_INFO" MODIFY ("MEM_ID" NOT NULL ENABLE);
--------------------------------------------------------
--  Constraints for Table MEMBER_NOTI
--------------------------------------------------------

  ALTER TABLE "MEMBER_NOTI" ADD CONSTRAINT "PK_MEMBER_NOTI" PRIMARY KEY ("NOTI_NUM")
  USING INDEX PCTFREE 10 INITRANS 2 MAXTRANS 255 COMPUTE STATISTICS 
  STORAGE(INITIAL 65536 NEXT 1048576 MINEXTENTS 1 MAXEXTENTS 2147483645
  PCTINCREASE 0 FREELISTS 1 FREELIST GROUPS 1 BUFFER_POOL DEFAULT FLASH_CACHE DEFAULT CELL_FLASH_CACHE DEFAULT)
  TABLESPACE "USERS"  ENABLE;
  ALTER TABLE "MEMBER_NOTI" MODIFY ("MEM_ID" NOT NULL ENABLE);
  ALTER TABLE "MEMBER_NOTI" MODIFY ("NOTI_DATE" NOT NULL ENABLE);
  ALTER TABLE "MEMBER_NOTI" MODIFY ("IS_CHECKED" NOT NULL ENABLE);
  ALTER TABLE "MEMBER_NOTI" MODIFY ("NOTI_CONTENT" NOT NULL ENABLE);
  ALTER TABLE "MEMBER_NOTI" MODIFY ("NOTI_NUM" NOT NULL ENABLE);
--------------------------------------------------------
--  Constraints for Table MSG_LIST
--------------------------------------------------------

  ALTER TABLE "MSG_LIST" ADD CONSTRAINT "PK_MSG_LIST" PRIMARY KEY ("MSG_NUM")
  USING INDEX PCTFREE 10 INITRANS 2 MAXTRANS 255 COMPUTE STATISTICS 
  STORAGE(INITIAL 65536 NEXT 1048576 MINEXTENTS 1 MAXEXTENTS 2147483645
  PCTINCREASE 0 FREELISTS 1 FREELIST GROUPS 1 BUFFER_POOL DEFAULT FLASH_CACHE DEFAULT CELL_FLASH_CACHE DEFAULT)
  TABLESPACE "USERS"  ENABLE;
  ALTER TABLE "MSG_LIST" MODIFY ("CHAT_ROOM_NUM" NOT NULL ENABLE);
  ALTER TABLE "MSG_LIST" MODIFY ("MSG_DATE" NOT NULL ENABLE);
  ALTER TABLE "MSG_LIST" MODIFY ("MSG_CONTENT" NOT NULL ENABLE);
  ALTER TABLE "MSG_LIST" MODIFY ("MEM_ID" NOT NULL ENABLE);
  ALTER TABLE "MSG_LIST" MODIFY ("MSG_NUM" NOT NULL ENABLE);
--------------------------------------------------------
--  Constraints for Table MY_GROUP
--------------------------------------------------------

  ALTER TABLE "MY_GROUP" ADD CONSTRAINT "PK_MY_GROUP" PRIMARY KEY ("MY_GROUP_NUM")
  USING INDEX PCTFREE 10 INITRANS 2 MAXTRANS 255 COMPUTE STATISTICS 
  STORAGE(INITIAL 65536 NEXT 1048576 MINEXTENTS 1 MAXEXTENTS 2147483645
  PCTINCREASE 0 FREELISTS 1 FREELIST GROUPS 1 BUFFER_POOL DEFAULT FLASH_CACHE DEFAULT CELL_FLASH_CACHE DEFAULT)
  TABLESPACE "USERS"  ENABLE;
  ALTER TABLE "MY_GROUP" MODIFY ("MEM_ID" NOT NULL ENABLE);
  ALTER TABLE "MY_GROUP" MODIFY ("GROUP_NUM" NOT NULL ENABLE);
  ALTER TABLE "MY_GROUP" MODIFY ("GROUP_PER" NOT NULL ENABLE);
  ALTER TABLE "MY_GROUP" MODIFY ("MY_GROUP_NUM" NOT NULL ENABLE);
--------------------------------------------------------
--  Constraints for Table NOTI_BOARD
--------------------------------------------------------

  ALTER TABLE "NOTI_BOARD" ADD CONSTRAINT "PK_NOTI_BOARD" PRIMARY KEY ("NOTI_NUM")
  USING INDEX PCTFREE 10 INITRANS 2 MAXTRANS 255 COMPUTE STATISTICS 
  STORAGE(INITIAL 65536 NEXT 1048576 MINEXTENTS 1 MAXEXTENTS 2147483645
  PCTINCREASE 0 FREELISTS 1 FREELIST GROUPS 1 BUFFER_POOL DEFAULT FLASH_CACHE DEFAULT CELL_FLASH_CACHE DEFAULT)
  TABLESPACE "USERS"  ENABLE;
  ALTER TABLE "NOTI_BOARD" MODIFY ("MANAGER_ID" NOT NULL ENABLE);
  ALTER TABLE "NOTI_BOARD" MODIFY ("NOTI_DATE" NOT NULL ENABLE);
  ALTER TABLE "NOTI_BOARD" MODIFY ("NOTI_CONTENT" NOT NULL ENABLE);
  ALTER TABLE "NOTI_BOARD" MODIFY ("NOTI_TITLE" NOT NULL ENABLE);
  ALTER TABLE "NOTI_BOARD" MODIFY ("NOTI_NUM" NOT NULL ENABLE);
--------------------------------------------------------
--  Constraints for Table ORDER_LIST
--------------------------------------------------------

  ALTER TABLE "ORDER_LIST" ADD CONSTRAINT "PK_ORDER_LIST" PRIMARY KEY ("ORDER_NUM")
  USING INDEX PCTFREE 10 INITRANS 2 MAXTRANS 255 COMPUTE STATISTICS 
  STORAGE(INITIAL 65536 NEXT 1048576 MINEXTENTS 1 MAXEXTENTS 2147483645
  PCTINCREASE 0 FREELISTS 1 FREELIST GROUPS 1 BUFFER_POOL DEFAULT FLASH_CACHE DEFAULT CELL_FLASH_CACHE DEFAULT)
  TABLESPACE "USERS"  ENABLE;
  ALTER TABLE "ORDER_LIST" MODIFY ("PRODUCT_NUM" NOT NULL ENABLE);
  ALTER TABLE "ORDER_LIST" MODIFY ("MEM_ID" NOT NULL ENABLE);
  ALTER TABLE "ORDER_LIST" MODIFY ("ORDER_QTY" NOT NULL ENABLE);
  ALTER TABLE "ORDER_LIST" MODIFY ("ORDER_DATE" NOT NULL ENABLE);
  ALTER TABLE "ORDER_LIST" MODIFY ("ORDER_NUM" NOT NULL ENABLE);
--------------------------------------------------------
--  Constraints for Table PAYMENT_LIST
--------------------------------------------------------

  ALTER TABLE "PAYMENT_LIST" ADD CONSTRAINT "PK_PAYMENT_LIST" PRIMARY KEY ("PAYMENT_NUM")
  USING INDEX PCTFREE 10 INITRANS 2 MAXTRANS 255 COMPUTE STATISTICS 
  STORAGE(INITIAL 65536 NEXT 1048576 MINEXTENTS 1 MAXEXTENTS 2147483645
  PCTINCREASE 0 FREELISTS 1 FREELIST GROUPS 1 BUFFER_POOL DEFAULT FLASH_CACHE DEFAULT CELL_FLASH_CACHE DEFAULT)
  TABLESPACE "USERS"  ENABLE;
  ALTER TABLE "PAYMENT_LIST" MODIFY ("PAYMENT_AMOUNT" NOT NULL ENABLE);
  ALTER TABLE "PAYMENT_LIST" MODIFY ("PAYMENT_MEANS" NOT NULL ENABLE);
  ALTER TABLE "PAYMENT_LIST" MODIFY ("TEL1" NOT NULL ENABLE);
  ALTER TABLE "PAYMENT_LIST" MODIFY ("ADDRESS" NOT NULL ENABLE);
  ALTER TABLE "PAYMENT_LIST" MODIFY ("RECEIVER_NAME" NOT NULL ENABLE);
  ALTER TABLE "PAYMENT_LIST" MODIFY ("PAYMENT_NUM" NOT NULL ENABLE);
--------------------------------------------------------
--  Constraints for Table PLACE_INFO
--------------------------------------------------------

  ALTER TABLE "PLACE_INFO" ADD CONSTRAINT "PK_PLACE_INFO" PRIMARY KEY ("PLACE_NUM")
  USING INDEX PCTFREE 10 INITRANS 2 MAXTRANS 255 COMPUTE STATISTICS 
  STORAGE(INITIAL 65536 NEXT 1048576 MINEXTENTS 1 MAXEXTENTS 2147483645
  PCTINCREASE 0 FREELISTS 1 FREELIST GROUPS 1 BUFFER_POOL DEFAULT FLASH_CACHE DEFAULT CELL_FLASH_CACHE DEFAULT)
  TABLESPACE "USERS"  ENABLE;
  ALTER TABLE "PLACE_INFO" MODIFY ("PLACE_ADDRESS" NOT NULL ENABLE);
  ALTER TABLE "PLACE_INFO" MODIFY ("PLACE_NAME" NOT NULL ENABLE);
  ALTER TABLE "PLACE_INFO" MODIFY ("PLACE_NUM" NOT NULL ENABLE);
--------------------------------------------------------
--  Constraints for Table PLACE_LIKE
--------------------------------------------------------

  ALTER TABLE "PLACE_LIKE" ADD CONSTRAINT "PK_PLACE_LIKE" PRIMARY KEY ("PLALIKE_NUM")
  USING INDEX PCTFREE 10 INITRANS 2 MAXTRANS 255 COMPUTE STATISTICS 
  STORAGE(INITIAL 65536 NEXT 1048576 MINEXTENTS 1 MAXEXTENTS 2147483645
  PCTINCREASE 0 FREELISTS 1 FREELIST GROUPS 1 BUFFER_POOL DEFAULT FLASH_CACHE DEFAULT CELL_FLASH_CACHE DEFAULT)
  TABLESPACE "USERS"  ENABLE;
  ALTER TABLE "PLACE_LIKE" MODIFY ("RECPLA_NUM" NOT NULL ENABLE);
  ALTER TABLE "PLACE_LIKE" MODIFY ("PLALIKE_NUM" NOT NULL ENABLE);
--------------------------------------------------------
--  Constraints for Table PLACE_PIC
--------------------------------------------------------

  ALTER TABLE "PLACE_PIC" ADD CONSTRAINT "PK_PLACE_PIC" PRIMARY KEY ("PLACE_PIC_NUM")
  USING INDEX PCTFREE 10 INITRANS 2 MAXTRANS 255 COMPUTE STATISTICS 
  STORAGE(INITIAL 65536 NEXT 1048576 MINEXTENTS 1 MAXEXTENTS 2147483645
  PCTINCREASE 0 FREELISTS 1 FREELIST GROUPS 1 BUFFER_POOL DEFAULT FLASH_CACHE DEFAULT CELL_FLASH_CACHE DEFAULT)
  TABLESPACE "USERS"  ENABLE;
  ALTER TABLE "PLACE_PIC" MODIFY ("PLACE_NUM" NOT NULL ENABLE);
  ALTER TABLE "PLACE_PIC" MODIFY ("PLACE_PIC_NAME" NOT NULL ENABLE);
  ALTER TABLE "PLACE_PIC" MODIFY ("PLACE_PIC_PATH" NOT NULL ENABLE);
  ALTER TABLE "PLACE_PIC" MODIFY ("PLACE_PIC_NUM" NOT NULL ENABLE);
--------------------------------------------------------
--  Constraints for Table POST_PICTURES
--------------------------------------------------------

  ALTER TABLE "POST_PICTURES" MODIFY ("PIC_NUM" NOT NULL ENABLE);
  ALTER TABLE "POST_PICTURES" ADD CONSTRAINT "PK_POST_PICTURES" PRIMARY KEY ("PIC_NUM")
  USING INDEX PCTFREE 10 INITRANS 2 MAXTRANS 255 COMPUTE STATISTICS 
  STORAGE(INITIAL 65536 NEXT 1048576 MINEXTENTS 1 MAXEXTENTS 2147483645
  PCTINCREASE 0 FREELISTS 1 FREELIST GROUPS 1 BUFFER_POOL DEFAULT FLASH_CACHE DEFAULT CELL_FLASH_CACHE DEFAULT)
  TABLESPACE "USERS"  ENABLE;
  ALTER TABLE "POST_PICTURES" MODIFY ("POST_NUM" NOT NULL ENABLE);
  ALTER TABLE "POST_PICTURES" MODIFY ("GROUP_NUM" NOT NULL ENABLE);
  ALTER TABLE "POST_PICTURES" MODIFY ("MEM_ID" NOT NULL ENABLE);
  ALTER TABLE "POST_PICTURES" MODIFY ("PIC_NAME" NOT NULL ENABLE);
  ALTER TABLE "POST_PICTURES" MODIFY ("PIC_PATH" NOT NULL ENABLE);
--------------------------------------------------------
--  Constraints for Table POST_VIDEO
--------------------------------------------------------

  ALTER TABLE "POST_VIDEO" ADD CONSTRAINT "PK_POST_VIDEO" PRIMARY KEY ("VIDEO_NUM")
  USING INDEX PCTFREE 10 INITRANS 2 MAXTRANS 255 COMPUTE STATISTICS 
  STORAGE(INITIAL 65536 NEXT 1048576 MINEXTENTS 1 MAXEXTENTS 2147483645
  PCTINCREASE 0 FREELISTS 1 FREELIST GROUPS 1 BUFFER_POOL DEFAULT FLASH_CACHE DEFAULT CELL_FLASH_CACHE DEFAULT)
  TABLESPACE "USERS"  ENABLE;
  ALTER TABLE "POST_VIDEO" MODIFY ("VIDEO_NAME" NOT NULL ENABLE);
  ALTER TABLE "POST_VIDEO" MODIFY ("VIDEO_PATH" NOT NULL ENABLE);
  ALTER TABLE "POST_VIDEO" MODIFY ("VIDEO_NUM" NOT NULL ENABLE);
--------------------------------------------------------
--  Constraints for Table PRESENT_PER_LIST
--------------------------------------------------------

  ALTER TABLE "PRESENT_PER_LIST" ADD CONSTRAINT "PK_PRESENT_PER_LIST" PRIMARY KEY ("PRE_PER_NUM")
  USING INDEX PCTFREE 10 INITRANS 2 MAXTRANS 255 COMPUTE STATISTICS 
  STORAGE(INITIAL 65536 NEXT 1048576 MINEXTENTS 1 MAXEXTENTS 2147483645
  PCTINCREASE 0 FREELISTS 1 FREELIST GROUPS 1 BUFFER_POOL DEFAULT FLASH_CACHE DEFAULT CELL_FLASH_CACHE DEFAULT)
  TABLESPACE "USERS"  ENABLE;
  ALTER TABLE "PRESENT_PER_LIST" MODIFY ("MEM_ID" NOT NULL ENABLE);
  ALTER TABLE "PRESENT_PER_LIST" MODIFY ("PRE_PER_NUM" NOT NULL ENABLE);
--------------------------------------------------------
--  Constraints for Table PRODUCT_ANS
--------------------------------------------------------

  ALTER TABLE "PRODUCT_ANS" ADD CONSTRAINT "PK_PRODUCT_ANS" PRIMARY KEY ("ANS_NUM")
  USING INDEX PCTFREE 10 INITRANS 2 MAXTRANS 255 COMPUTE STATISTICS 
  STORAGE(INITIAL 65536 NEXT 1048576 MINEXTENTS 1 MAXEXTENTS 2147483645
  PCTINCREASE 0 FREELISTS 1 FREELIST GROUPS 1 BUFFER_POOL DEFAULT FLASH_CACHE DEFAULT CELL_FLASH_CACHE DEFAULT)
  TABLESPACE "USERS"  ENABLE;
  ALTER TABLE "PRODUCT_ANS" MODIFY ("QUE_NUM" NOT NULL ENABLE);
  ALTER TABLE "PRODUCT_ANS" MODIFY ("SELLER_ID" NOT NULL ENABLE);
  ALTER TABLE "PRODUCT_ANS" MODIFY ("ANS_DATE" NOT NULL ENABLE);
  ALTER TABLE "PRODUCT_ANS" MODIFY ("ANS_CONTENT" NOT NULL ENABLE);
  ALTER TABLE "PRODUCT_ANS" MODIFY ("ANS_NUM" NOT NULL ENABLE);
--------------------------------------------------------
--  Constraints for Table PRODUCT_COMMENTS
--------------------------------------------------------

  ALTER TABLE "PRODUCT_COMMENTS" ADD CONSTRAINT "PK_PRODUCT_COMMENTS" PRIMARY KEY ("COMMENTS_NUM")
  USING INDEX PCTFREE 10 INITRANS 2 MAXTRANS 255 COMPUTE STATISTICS 
  STORAGE(INITIAL 65536 NEXT 1048576 MINEXTENTS 1 MAXEXTENTS 2147483645
  PCTINCREASE 0 FREELISTS 1 FREELIST GROUPS 1 BUFFER_POOL DEFAULT FLASH_CACHE DEFAULT CELL_FLASH_CACHE DEFAULT)
  TABLESPACE "USERS"  ENABLE;
  ALTER TABLE "PRODUCT_COMMENTS" MODIFY ("MEM_ID" NOT NULL ENABLE);
  ALTER TABLE "PRODUCT_COMMENTS" MODIFY ("PRODUCT_NUM" NOT NULL ENABLE);
  ALTER TABLE "PRODUCT_COMMENTS" MODIFY ("STAR_POINTS" NOT NULL ENABLE);
  ALTER TABLE "PRODUCT_COMMENTS" MODIFY ("COMMENTS_DATE" NOT NULL ENABLE);
  ALTER TABLE "PRODUCT_COMMENTS" MODIFY ("COMMENTS_NUM" NOT NULL ENABLE);
--------------------------------------------------------
--  Constraints for Table PRODUCT_INFO
--------------------------------------------------------

  ALTER TABLE "PRODUCT_INFO" ADD CONSTRAINT "PK_PRODUCT_INFO" PRIMARY KEY ("PRODUCT_NUM")
  USING INDEX PCTFREE 10 INITRANS 2 MAXTRANS 255 COMPUTE STATISTICS 
  STORAGE(INITIAL 65536 NEXT 1048576 MINEXTENTS 1 MAXEXTENTS 2147483645
  PCTINCREASE 0 FREELISTS 1 FREELIST GROUPS 1 BUFFER_POOL DEFAULT FLASH_CACHE DEFAULT CELL_FLASH_CACHE DEFAULT)
  TABLESPACE "USERS"  ENABLE;
  ALTER TABLE "PRODUCT_INFO" MODIFY ("SELLER_ID" NOT NULL ENABLE);
  ALTER TABLE "PRODUCT_INFO" MODIFY ("PRODUCT_QTY" NOT NULL ENABLE);
  ALTER TABLE "PRODUCT_INFO" MODIFY ("PRODUCT_PRICE" NOT NULL ENABLE);
  ALTER TABLE "PRODUCT_INFO" MODIFY ("PRODUCT_NAME" NOT NULL ENABLE);
  ALTER TABLE "PRODUCT_INFO" MODIFY ("PRODUCT_NUM" NOT NULL ENABLE);
--------------------------------------------------------
--  Constraints for Table PRODUCT_PIC
--------------------------------------------------------

  ALTER TABLE "PRODUCT_PIC" MODIFY ("PIC_TYPE" NOT NULL ENABLE);
  ALTER TABLE "PRODUCT_PIC" ADD CONSTRAINT "PK_PRODUCT_PIC" PRIMARY KEY ("PIC_NUM")
  USING INDEX PCTFREE 10 INITRANS 2 MAXTRANS 255 COMPUTE STATISTICS 
  STORAGE(INITIAL 65536 NEXT 1048576 MINEXTENTS 1 MAXEXTENTS 2147483645
  PCTINCREASE 0 FREELISTS 1 FREELIST GROUPS 1 BUFFER_POOL DEFAULT FLASH_CACHE DEFAULT CELL_FLASH_CACHE DEFAULT)
  TABLESPACE "USERS"  ENABLE;
  ALTER TABLE "PRODUCT_PIC" MODIFY ("PRODUCT_NUM" NOT NULL ENABLE);
  ALTER TABLE "PRODUCT_PIC" MODIFY ("PIC_NAME" NOT NULL ENABLE);
  ALTER TABLE "PRODUCT_PIC" MODIFY ("PIC_PATH" NOT NULL ENABLE);
  ALTER TABLE "PRODUCT_PIC" MODIFY ("PIC_NUM" NOT NULL ENABLE);
--------------------------------------------------------
--  Constraints for Table PRODUCT_QUE
--------------------------------------------------------

  ALTER TABLE "PRODUCT_QUE" ADD CONSTRAINT "PK_PRODUCT_QUE" PRIMARY KEY ("QUE_NUM")
  USING INDEX PCTFREE 10 INITRANS 2 MAXTRANS 255 COMPUTE STATISTICS 
  STORAGE(INITIAL 65536 NEXT 1048576 MINEXTENTS 1 MAXEXTENTS 2147483645
  PCTINCREASE 0 FREELISTS 1 FREELIST GROUPS 1 BUFFER_POOL DEFAULT FLASH_CACHE DEFAULT CELL_FLASH_CACHE DEFAULT)
  TABLESPACE "USERS"  ENABLE;
  ALTER TABLE "PRODUCT_QUE" MODIFY ("PRODUCT_NUM" NOT NULL ENABLE);
  ALTER TABLE "PRODUCT_QUE" MODIFY ("MEM_ID" NOT NULL ENABLE);
  ALTER TABLE "PRODUCT_QUE" MODIFY ("QUE_DATE" NOT NULL ENABLE);
  ALTER TABLE "PRODUCT_QUE" MODIFY ("QUE_CONTENT" NOT NULL ENABLE);
  ALTER TABLE "PRODUCT_QUE" MODIFY ("QUE_TITLE" NOT NULL ENABLE);
  ALTER TABLE "PRODUCT_QUE" MODIFY ("QUE_NUM" NOT NULL ENABLE);
--------------------------------------------------------
--  Constraints for Table QNA
--------------------------------------------------------

  ALTER TABLE "QNA" ADD CONSTRAINT "PK_QNA" PRIMARY KEY ("QBOARD_NUM")
  USING INDEX PCTFREE 10 INITRANS 2 MAXTRANS 255 COMPUTE STATISTICS 
  STORAGE(INITIAL 65536 NEXT 1048576 MINEXTENTS 1 MAXEXTENTS 2147483645
  PCTINCREASE 0 FREELISTS 1 FREELIST GROUPS 1 BUFFER_POOL DEFAULT FLASH_CACHE DEFAULT CELL_FLASH_CACHE DEFAULT)
  TABLESPACE "USERS"  ENABLE;
  ALTER TABLE "QNA" MODIFY ("MEM_ID" NOT NULL ENABLE);
  ALTER TABLE "QNA" MODIFY ("CONTENT" NOT NULL ENABLE);
  ALTER TABLE "QNA" MODIFY ("TITLE" NOT NULL ENABLE);
  ALTER TABLE "QNA" MODIFY ("QBOARD_NUM" NOT NULL ENABLE);
--------------------------------------------------------
--  Constraints for Table QNA_REPLY
--------------------------------------------------------

  ALTER TABLE "QNA_REPLY" ADD CONSTRAINT "PK_QNA_REPLY" PRIMARY KEY ("REPLY_NUM")
  USING INDEX PCTFREE 10 INITRANS 2 MAXTRANS 255 COMPUTE STATISTICS 
  STORAGE(INITIAL 65536 NEXT 1048576 MINEXTENTS 1 MAXEXTENTS 2147483645
  PCTINCREASE 0 FREELISTS 1 FREELIST GROUPS 1 BUFFER_POOL DEFAULT FLASH_CACHE DEFAULT CELL_FLASH_CACHE DEFAULT)
  TABLESPACE "USERS"  ENABLE;
  ALTER TABLE "QNA_REPLY" MODIFY ("REPLY_NUM" NOT NULL ENABLE);
--------------------------------------------------------
--  Constraints for Table REC_PLACE
--------------------------------------------------------

  ALTER TABLE "REC_PLACE" ADD CONSTRAINT "PK_REC_PLACE" PRIMARY KEY ("RECPLA_NUM")
  USING INDEX PCTFREE 10 INITRANS 2 MAXTRANS 255 COMPUTE STATISTICS 
  STORAGE(INITIAL 65536 NEXT 1048576 MINEXTENTS 1 MAXEXTENTS 2147483645
  PCTINCREASE 0 FREELISTS 1 FREELIST GROUPS 1 BUFFER_POOL DEFAULT FLASH_CACHE DEFAULT CELL_FLASH_CACHE DEFAULT)
  TABLESPACE "USERS"  ENABLE;
  ALTER TABLE "REC_PLACE" MODIFY ("MEM_ID" NOT NULL ENABLE);
  ALTER TABLE "REC_PLACE" MODIFY ("PLACE_NUM" NOT NULL ENABLE);
  ALTER TABLE "REC_PLACE" MODIFY ("RECPLA_CATEGORY1" NOT NULL ENABLE);
  ALTER TABLE "REC_PLACE" MODIFY ("RECPLA_TITLE" NOT NULL ENABLE);
  ALTER TABLE "REC_PLACE" MODIFY ("RECPLA_NUM" NOT NULL ENABLE);
--------------------------------------------------------
--  Constraints for Table REPORT_GROUP
--------------------------------------------------------

  ALTER TABLE "REPORT_GROUP" ADD CONSTRAINT "PK_REPORT_GROUP" PRIMARY KEY ("REPORT_NUM")
  USING INDEX PCTFREE 10 INITRANS 2 MAXTRANS 255 COMPUTE STATISTICS 
  STORAGE(INITIAL 65536 NEXT 1048576 MINEXTENTS 1 MAXEXTENTS 2147483645
  PCTINCREASE 0 FREELISTS 1 FREELIST GROUPS 1 BUFFER_POOL DEFAULT FLASH_CACHE DEFAULT CELL_FLASH_CACHE DEFAULT)
  TABLESPACE "USERS"  ENABLE;
  ALTER TABLE "REPORT_GROUP" MODIFY ("GROUP_NUM" NOT NULL ENABLE);
  ALTER TABLE "REPORT_GROUP" MODIFY ("MEM_ID" NOT NULL ENABLE);
  ALTER TABLE "REPORT_GROUP" MODIFY ("REPORT_DATE" NOT NULL ENABLE);
  ALTER TABLE "REPORT_GROUP" MODIFY ("REPORT_CONTENT" NOT NULL ENABLE);
  ALTER TABLE "REPORT_GROUP" MODIFY ("REPORT_TITLE" NOT NULL ENABLE);
  ALTER TABLE "REPORT_GROUP" MODIFY ("REPORT_NUM" NOT NULL ENABLE);
--------------------------------------------------------
--  Constraints for Table SELLER_INFO
--------------------------------------------------------

  ALTER TABLE "SELLER_INFO" MODIFY ("BC_NAME" NOT NULL ENABLE);
  ALTER TABLE "SELLER_INFO" MODIFY ("BC_PATH" NOT NULL ENABLE);
  ALTER TABLE "SELLER_INFO" MODIFY ("REG_DATE" NOT NULL ENABLE);
  ALTER TABLE "SELLER_INFO" MODIFY ("REASON" NOT NULL ENABLE);
  ALTER TABLE "SELLER_INFO" MODIFY ("DEPOSITOR" NOT NULL ENABLE);
  ALTER TABLE "SELLER_INFO" MODIFY ("ACCOUNT_NUMBER" NOT NULL ENABLE);
  ALTER TABLE "SELLER_INFO" ADD CONSTRAINT "PK_SELLER_INFO" PRIMARY KEY ("SELLER_ID")
  USING INDEX PCTFREE 10 INITRANS 2 MAXTRANS 255 COMPUTE STATISTICS 
  STORAGE(INITIAL 65536 NEXT 1048576 MINEXTENTS 1 MAXEXTENTS 2147483645
  PCTINCREASE 0 FREELISTS 1 FREELIST GROUPS 1 BUFFER_POOL DEFAULT FLASH_CACHE DEFAULT CELL_FLASH_CACHE DEFAULT)
  TABLESPACE "USERS"  ENABLE;
  ALTER TABLE "SELLER_INFO" MODIFY ("TEL" NOT NULL ENABLE);
  ALTER TABLE "SELLER_INFO" MODIFY ("BANK" NOT NULL ENABLE);
  ALTER TABLE "SELLER_INFO" MODIFY ("SELLER_ID" NOT NULL ENABLE);
--------------------------------------------------------
--  Constraints for Table SELLER_NOTI
--------------------------------------------------------

  ALTER TABLE "SELLER_NOTI" ADD CONSTRAINT "PK_SELLER_NOTI" PRIMARY KEY ("NOTI_NUM")
  USING INDEX PCTFREE 10 INITRANS 2 MAXTRANS 255 COMPUTE STATISTICS 
  STORAGE(INITIAL 65536 NEXT 1048576 MINEXTENTS 1 MAXEXTENTS 2147483645
  PCTINCREASE 0 FREELISTS 1 FREELIST GROUPS 1 BUFFER_POOL DEFAULT FLASH_CACHE DEFAULT CELL_FLASH_CACHE DEFAULT)
  TABLESPACE "USERS"  ENABLE;
  ALTER TABLE "SELLER_NOTI" MODIFY ("SELLER_ID" NOT NULL ENABLE);
  ALTER TABLE "SELLER_NOTI" MODIFY ("NOTI_DATE" NOT NULL ENABLE);
  ALTER TABLE "SELLER_NOTI" MODIFY ("IS_CHECKED" NOT NULL ENABLE);
  ALTER TABLE "SELLER_NOTI" MODIFY ("NOTI_CONTENT" NOT NULL ENABLE);
  ALTER TABLE "SELLER_NOTI" MODIFY ("NOTI_NUM" NOT NULL ENABLE);
--------------------------------------------------------
--  Constraints for Table SUGGESTION
--------------------------------------------------------

  ALTER TABLE "SUGGESTION" ADD CONSTRAINT "PK_SUGGESTION" PRIMARY KEY ("SUG_NUM")
  USING INDEX PCTFREE 10 INITRANS 2 MAXTRANS 255 COMPUTE STATISTICS 
  STORAGE(INITIAL 65536 NEXT 1048576 MINEXTENTS 1 MAXEXTENTS 2147483645
  PCTINCREASE 0 FREELISTS 1 FREELIST GROUPS 1 BUFFER_POOL DEFAULT FLASH_CACHE DEFAULT CELL_FLASH_CACHE DEFAULT)
  TABLESPACE "USERS"  ENABLE;
  ALTER TABLE "SUGGESTION" MODIFY ("SUG_STATUS" NOT NULL ENABLE);
  ALTER TABLE "SUGGESTION" MODIFY ("SUG_DATE" NOT NULL ENABLE);
  ALTER TABLE "SUGGESTION" MODIFY ("SUG_CONTENT" NOT NULL ENABLE);
  ALTER TABLE "SUGGESTION" MODIFY ("SUG_TITLE" NOT NULL ENABLE);
  ALTER TABLE "SUGGESTION" MODIFY ("SUG_NUM" NOT NULL ENABLE);
--------------------------------------------------------
--  Constraints for Table TEMPPASSWD_LIST
--------------------------------------------------------

  ALTER TABLE "TEMPPASSWD_LIST" ADD CONSTRAINT "PK_TEMPPASSWD_LIST" PRIMARY KEY ("MEM_ID")
  USING INDEX PCTFREE 10 INITRANS 2 MAXTRANS 255 COMPUTE STATISTICS 
  STORAGE(INITIAL 65536 NEXT 1048576 MINEXTENTS 1 MAXEXTENTS 2147483645
  PCTINCREASE 0 FREELISTS 1 FREELIST GROUPS 1 BUFFER_POOL DEFAULT FLASH_CACHE DEFAULT CELL_FLASH_CACHE DEFAULT)
  TABLESPACE "USERS"  ENABLE;
  ALTER TABLE "TEMPPASSWD_LIST" MODIFY ("MEM_ID" NOT NULL ENABLE);
--------------------------------------------------------
--  Constraints for Table WINNING_PER_LIST
--------------------------------------------------------

  ALTER TABLE "WINNING_PER_LIST" ADD CONSTRAINT "PK_WINNING_PER_LIST" PRIMARY KEY ("WIN_PER_NUM")
  USING INDEX PCTFREE 10 INITRANS 2 MAXTRANS 255 COMPUTE STATISTICS 
  STORAGE(INITIAL 65536 NEXT 1048576 MINEXTENTS 1 MAXEXTENTS 2147483645
  PCTINCREASE 0 FREELISTS 1 FREELIST GROUPS 1 BUFFER_POOL DEFAULT FLASH_CACHE DEFAULT CELL_FLASH_CACHE DEFAULT)
  TABLESPACE "USERS"  ENABLE;
  ALTER TABLE "WINNING_PER_LIST" MODIFY ("WINNING_NUM" NOT NULL ENABLE);
  ALTER TABLE "WINNING_PER_LIST" MODIFY ("MEM_ID" NOT NULL ENABLE);
  ALTER TABLE "WINNING_PER_LIST" MODIFY ("WIN_PER_NUM" NOT NULL ENABLE);
--------------------------------------------------------
--  Constraints for Table WORDCLOUD_LIST
--------------------------------------------------------

  ALTER TABLE "WORDCLOUD_LIST" ADD CONSTRAINT "PK_WORDCLOUD_LIST" PRIMARY KEY ("WORD")
  USING INDEX PCTFREE 10 INITRANS 2 MAXTRANS 255 COMPUTE STATISTICS 
  STORAGE(INITIAL 65536 NEXT 1048576 MINEXTENTS 1 MAXEXTENTS 2147483645
  PCTINCREASE 0 FREELISTS 1 FREELIST GROUPS 1 BUFFER_POOL DEFAULT FLASH_CACHE DEFAULT CELL_FLASH_CACHE DEFAULT)
  TABLESPACE "USERS"  ENABLE;
  ALTER TABLE "WORDCLOUD_LIST" MODIFY ("COUNT" NOT NULL ENABLE);
  ALTER TABLE "WORDCLOUD_LIST" MODIFY ("WORD" NOT NULL ENABLE);

COMMIT;